지역,타입,날짜,시간,항목,값
강동구,단기,20251008,1500,TMP,26
강동구,단기,20251008,1500,WSD,2.3
강동구,단기,20251008,1500,PCP,강수없음
강동구,단기,20251008,1600,TMP,26
강동구,단기,20251008,1600,WSD,2.1
강동구,단기,20251008,1600,PCP,강수없음
강동구,단기,20251008,1700,TMP,26
강동구,단기,20251008,1700,WSD,1.7
강동구,단기,20251008,1700,PCP,강수없음
강동구,단기,20251008,1800,TMP,24
강동구,단기,20251008,1800,WSD,1.5
강동구,단기,20251008,1800,PCP,강수없음
강동구,단기,20251008,1900,TMP,23
강동구,단기,20251008,1900,WSD,1.5
강동구,단기,20251008,1900,PCP,강수없음
강동구,단기,20251008,2000,TMP,22
강동구,단기,20251008,2000,WSD,1.1
강동구,단기,20251008,2000,PCP,강수없음
강동구,단기,20251008,2100,TMP,21
강동구,단기,20251008,2100,WSD,1
강동구,단기,20251008,2100,PCP,강수없음
강동구,단기,20251008,2200,TMP,21
강동구,단기,20251008,2200,WSD,1.6
강동구,단기,20251008,2200,PCP,강수없음
강동구,단기,20251008,2300,TMP,21
강동구,단기,20251008,2300,WSD,2.2
강동구,단기,20251008,2300,PCP,강수없음
강동구,단기,20251009,0000,TMP,20
강동구,단기,20251009,0000,WSD,2.4
강동구,단기,20251009,0000,PCP,강수없음
강동구,단기,20251009,0100,TMP,20
강동구,단기,20251009,0100,WSD,2.3
강동구,단기,20251009,0100,PCP,강수없음
강동구,단기,20251009,0200,TMP,20
강동구,단기,20251009,0200,WSD,2.3
강동구,단기,20251009,0200,PCP,강수없음
강동구,단기,20251009,0300,TMP,20
강동구,단기,20251009,0300,WSD,2.3
강동구,단기,20251009,0300,PCP,강수없음
강동구,단기,20251009,0400,TMP,20
강동구,단기,20251009,0400,WSD,2.3
강동구,단기,20251009,0400,PCP,강수없음
강동구,단기,20251009,0500,TMP,20
강동구,단기,20251009,0500,WSD,2.2
강동구,단기,20251009,0500,PCP,강수없음
강동구,단기,20251009,0600,TMP,20
강동구,단기,20251009,0600,WSD,2
강동구,단기,20251009,0600,PCP,강수없음
강동구,단기,20251009,0700,TMP,19
강동구,단기,20251009,0700,WSD,2.4
강동구,단기,20251009,0700,PCP,강수없음
강동구,단기,20251009,0800,TMP,19
강동구,단기,20251009,0800,WSD,2.4
강동구,단기,20251009,0800,PCP,강수없음
강동구,단기,20251009,0900,TMP,20
강동구,단기,20251009,0900,WSD,2.2
강동구,단기,20251009,0900,PCP,강수없음
강동구,단기,20251009,1000,TMP,20
강동구,단기,20251009,1000,WSD,3
강동구,단기,20251009,1000,PCP,강수없음
강동구,단기,20251009,1100,TMP,20
강동구,단기,20251009,1100,WSD,3.5
강동구,단기,20251009,1100,PCP,강수없음
강동구,단기,20251009,1200,TMP,20
강동구,단기,20251009,1200,WSD,3.3
강동구,단기,20251009,1200,PCP,강수없음
강동구,단기,20251009,1300,TMP,21
강동구,단기,20251009,1300,WSD,3.1
강동구,단기,20251009,1300,PCP,강수없음
강동구,단기,20251009,1400,TMP,20
강동구,단기,20251009,1400,WSD,2.8
강동구,단기,20251009,1400,PCP,강수없음
강동구,단기,20251009,1500,TMP,20
강동구,단기,20251009,1500,WSD,2.8
강동구,단기,20251009,1500,PCP,강수없음
강동구,단기,20251009,1600,TMP,21
강동구,단기,20251009,1600,WSD,3
강동구,단기,20251009,1600,PCP,강수없음
강동구,단기,20251009,1700,TMP,21
강동구,단기,20251009,1700,WSD,3.1
강동구,단기,20251009,1700,PCP,강수없음
강동구,단기,20251009,1800,TMP,21
강동구,단기,20251009,1800,WSD,2.8
강동구,단기,20251009,1800,PCP,강수없음
강동구,단기,20251009,1900,TMP,20
강동구,단기,20251009,1900,WSD,2.9
강동구,단기,20251009,1900,PCP,강수없음
강동구,단기,20251009,2000,TMP,20
강동구,단기,20251009,2000,WSD,2.9
강동구,단기,20251009,2000,PCP,강수없음
강동구,단기,20251009,2100,TMP,20
강동구,단기,20251009,2100,WSD,2.7
강동구,단기,20251009,2100,PCP,강수없음
강동구,단기,20251009,2200,TMP,19
강동구,단기,20251009,2200,WSD,2.7
강동구,단기,20251009,2200,PCP,강수없음
강동구,단기,20251009,2300,TMP,19
강동구,단기,20251009,2300,WSD,2.6
강동구,단기,20251009,2300,PCP,강수없음
강동구,단기,20251010,0000,TMP,19
강동구,단기,20251010,0000,WSD,2.6
강동구,단기,20251010,0000,PCP,강수없음
강동구,단기,20251010,0100,TMP,19
강동구,단기,20251010,0100,WSD,2.4
강동구,단기,20251010,0100,PCP,강수없음
강동구,단기,20251010,0200,TMP,19
강동구,단기,20251010,0200,WSD,2.3
강동구,단기,20251010,0200,PCP,강수없음
강동구,단기,20251010,0300,TMP,18
강동구,단기,20251010,0300,WSD,2.3
강동구,단기,20251010,0300,PCP,강수없음
강동구,단기,20251010,0400,TMP,18
강동구,단기,20251010,0400,WSD,2
강동구,단기,20251010,0400,PCP,강수없음
강동구,단기,20251010,0500,TMP,18
강동구,단기,20251010,0500,WSD,2
강동구,단기,20251010,0500,PCP,강수없음
강동구,단기,20251010,0600,TMP,18
강동구,단기,20251010,0600,WSD,2.3
강동구,단기,20251010,0600,PCP,강수없음
강동구,단기,20251010,0700,TMP,17
강동구,단기,20251010,0700,WSD,1.9
강동구,단기,20251010,0700,PCP,강수없음
강동구,단기,20251010,0800,TMP,17
강동구,단기,20251010,0800,WSD,2
강동구,단기,20251010,0800,PCP,강수없음
강동구,단기,20251010,0900,TMP,17
강동구,단기,20251010,0900,WSD,2.3
강동구,단기,20251010,0900,PCP,강수없음
강동구,단기,20251010,1000,TMP,17
강동구,단기,20251010,1000,WSD,2.2
강동구,단기,20251010,1000,PCP,강수없음
강동구,단기,20251010,1100,TMP,17
강동구,단기,20251010,1100,WSD,2
강동구,단기,20251010,1100,PCP,강수없음
강동구,단기,20251010,1200,TMP,17
강동구,단기,20251010,1200,WSD,1.7
강동구,단기,20251010,1200,PCP,강수없음
강동구,단기,20251010,1300,TMP,17
강동구,단기,20251010,1300,WSD,1.8
강동구,단기,20251010,1300,PCP,강수없음
강동구,단기,20251010,1400,TMP,17
강동구,단기,20251010,1400,WSD,1.4
강동구,단기,20251010,1400,PCP,강수없음
강동구,단기,20251010,1500,TMP,17
강동구,단기,20251010,1500,WSD,1.7
강동구,단기,20251010,1500,PCP,강수없음
강동구,단기,20251010,1600,TMP,18
강동구,단기,20251010,1600,WSD,1.9
강동구,단기,20251010,1600,PCP,강수없음
강동구,단기,20251010,1700,TMP,18
강동구,단기,20251010,1700,WSD,2
강동구,단기,20251010,1700,PCP,강수없음
강동구,단기,20251010,1800,TMP,18
강동구,단기,20251010,1800,WSD,1.7
강동구,단기,20251010,1800,PCP,강수없음
강동구,단기,20251010,1900,TMP,18
강동구,단기,20251010,1900,WSD,1.9
강동구,단기,20251010,1900,PCP,강수없음
강동구,단기,20251010,2000,TMP,18
강동구,단기,20251010,2000,WSD,1.8
강동구,단기,20251010,2000,PCP,강수없음
강동구,단기,20251010,2100,TMP,18
강동구,단기,20251010,2100,WSD,1.6
강동구,단기,20251010,2100,PCP,강수없음
강동구,단기,20251010,2200,TMP,18
강동구,단기,20251010,2200,WSD,1.4
강동구,단기,20251010,2200,PCP,강수없음
강동구,단기,20251010,2300,TMP,18
강동구,단기,20251010,2300,WSD,1.7
강동구,단기,20251010,2300,PCP,강수없음
강동구,단기,20251011,0000,TMP,18
강동구,단기,20251011,0000,WSD,1.4
강동구,단기,20251011,0000,PCP,강수없음
강동구,단기,20251011,0300,TMP,18
강동구,단기,20251011,0300,WSD,1
강동구,단기,20251011,0300,PCP,1
강동구,단기,20251011,0600,TMP,19
강동구,단기,20251011,0600,WSD,1
강동구,단기,20251011,0600,PCP,1
강동구,단기,20251011,0900,TMP,20
강동구,단기,20251011,0900,WSD,1
강동구,단기,20251011,0900,PCP,1
강동구,단기,20251011,1200,TMP,23
강동구,단기,20251011,1200,WSD,1
강동구,단기,20251011,1200,PCP,1
강동구,단기,20251011,1500,TMP,22
강동구,단기,20251011,1500,WSD,1
강동구,단기,20251011,1500,PCP,1
강동구,단기,20251011,1800,TMP,21
강동구,단기,20251011,1800,WSD,1
강동구,단기,20251011,1800,PCP,1
강동구,단기,20251011,2100,TMP,21
강동구,단기,20251011,2100,WSD,1
강동구,단기,20251011,2100,PCP,1
강동구,단기,20251012,0000,TMP,21
강동구,단기,20251012,0000,WSD,1
강동구,단기,20251012,0000,PCP,1
강북구,단기,20251008,1500,TMP,25
강북구,단기,20251008,1500,WSD,2.9
강북구,단기,20251008,1500,PCP,강수없음
강북구,단기,20251008,1600,TMP,25
강북구,단기,20251008,1600,WSD,2.7
강북구,단기,20251008,1600,PCP,강수없음
강북구,단기,20251008,1700,TMP,24
강북구,단기,20251008,1700,WSD,2.1
강북구,단기,20251008,1700,PCP,강수없음
강북구,단기,20251008,1800,TMP,22
강북구,단기,20251008,1800,WSD,1.8
강북구,단기,20251008,1800,PCP,강수없음
강북구,단기,20251008,1900,TMP,21
강북구,단기,20251008,1900,WSD,1.9
강북구,단기,20251008,1900,PCP,강수없음
강북구,단기,20251008,2000,TMP,20
강북구,단기,20251008,2000,WSD,1.7
강북구,단기,20251008,2000,PCP,강수없음
강북구,단기,20251008,2100,TMP,19
강북구,단기,20251008,2100,WSD,1.6
강북구,단기,20251008,2100,PCP,강수없음
강북구,단기,20251008,2200,TMP,19
강북구,단기,20251008,2200,WSD,2.1
강북구,단기,20251008,2200,PCP,강수없음
강북구,단기,20251008,2300,TMP,19
강북구,단기,20251008,2300,WSD,2.5
강북구,단기,20251008,2300,PCP,강수없음
강북구,단기,20251009,0000,TMP,19
강북구,단기,20251009,0000,WSD,2.8
강북구,단기,20251009,0000,PCP,강수없음
강북구,단기,20251009,0100,TMP,19
강북구,단기,20251009,0100,WSD,2.5
강북구,단기,20251009,0100,PCP,강수없음
강북구,단기,20251009,0200,TMP,18
강북구,단기,20251009,0200,WSD,2.6
강북구,단기,20251009,0200,PCP,강수없음
강북구,단기,20251009,0300,TMP,18
강북구,단기,20251009,0300,WSD,2.5
강북구,단기,20251009,0300,PCP,강수없음
강북구,단기,20251009,0400,TMP,18
강북구,단기,20251009,0400,WSD,2.5
강북구,단기,20251009,0400,PCP,강수없음
강북구,단기,20251009,0500,TMP,18
강북구,단기,20251009,0500,WSD,2.5
강북구,단기,20251009,0500,PCP,강수없음
강북구,단기,20251009,0600,TMP,18
강북구,단기,20251009,0600,WSD,2.3
강북구,단기,20251009,0600,PCP,강수없음
강북구,단기,20251009,0700,TMP,18
강북구,단기,20251009,0700,WSD,2.6
강북구,단기,20251009,0700,PCP,강수없음
강북구,단기,20251009,0800,TMP,18
강북구,단기,20251009,0800,WSD,2.6
강북구,단기,20251009,0800,PCP,강수없음
강북구,단기,20251009,0900,TMP,18
강북구,단기,20251009,0900,WSD,2.4
강북구,단기,20251009,0900,PCP,강수없음
강북구,단기,20251009,1000,TMP,18
강북구,단기,20251009,1000,WSD,3.2
강북구,단기,20251009,1000,PCP,강수없음
강북구,단기,20251009,1100,TMP,18
강북구,단기,20251009,1100,WSD,3.4
강북구,단기,20251009,1100,PCP,강수없음
강북구,단기,20251009,1200,TMP,18
강북구,단기,20251009,1200,WSD,3.5
강북구,단기,20251009,1200,PCP,강수없음
강북구,단기,20251009,1300,TMP,19
강북구,단기,20251009,1300,WSD,3.2
강북구,단기,20251009,1300,PCP,강수없음
강북구,단기,20251009,1400,TMP,19
강북구,단기,20251009,1400,WSD,3
강북구,단기,20251009,1400,PCP,강수없음
강북구,단기,20251009,1500,TMP,19
강북구,단기,20251009,1500,WSD,2.8
강북구,단기,20251009,1500,PCP,강수없음
강북구,단기,20251009,1600,TMP,20
강북구,단기,20251009,1600,WSD,3.4
강북구,단기,20251009,1600,PCP,강수없음
강북구,단기,20251009,1700,TMP,20
강북구,단기,20251009,1700,WSD,3.3
강북구,단기,20251009,1700,PCP,강수없음
강북구,단기,20251009,1800,TMP,19
강북구,단기,20251009,1800,WSD,2.7
강북구,단기,20251009,1800,PCP,강수없음
강북구,단기,20251009,1900,TMP,18
강북구,단기,20251009,1900,WSD,2.9
강북구,단기,20251009,1900,PCP,강수없음
강북구,단기,20251009,2000,TMP,18
강북구,단기,20251009,2000,WSD,3.2
강북구,단기,20251009,2000,PCP,강수없음
강북구,단기,20251009,2100,TMP,18
강북구,단기,20251009,2100,WSD,2.8
강북구,단기,20251009,2100,PCP,강수없음
강북구,단기,20251009,2200,TMP,18
강북구,단기,20251009,2200,WSD,2.9
강북구,단기,20251009,2200,PCP,강수없음
강북구,단기,20251009,2300,TMP,17
강북구,단기,20251009,2300,WSD,2.9
강북구,단기,20251009,2300,PCP,강수없음
강북구,단기,20251010,0000,TMP,17
강북구,단기,20251010,0000,WSD,2.8
강북구,단기,20251010,0000,PCP,강수없음
강북구,단기,20251010,0100,TMP,17
강북구,단기,20251010,0100,WSD,2.6
강북구,단기,20251010,0100,PCP,강수없음
강북구,단기,20251010,0200,TMP,17
강북구,단기,20251010,0200,WSD,2.4
강북구,단기,20251010,0200,PCP,강수없음
강북구,단기,20251010,0300,TMP,17
강북구,단기,20251010,0300,WSD,2.5
강북구,단기,20251010,0300,PCP,강수없음
강북구,단기,20251010,0400,TMP,17
강북구,단기,20251010,0400,WSD,2.2
강북구,단기,20251010,0400,PCP,강수없음
강북구,단기,20251010,0500,TMP,16
강북구,단기,20251010,0500,WSD,2.1
강북구,단기,20251010,0500,PCP,강수없음
강북구,단기,20251010,0600,TMP,16
강북구,단기,20251010,0600,WSD,2.3
강북구,단기,20251010,0600,PCP,강수없음
강북구,단기,20251010,0700,TMP,16
강북구,단기,20251010,0700,WSD,1.8
강북구,단기,20251010,0700,PCP,강수없음
강북구,단기,20251010,0800,TMP,16
강북구,단기,20251010,0800,WSD,2.1
강북구,단기,20251010,0800,PCP,강수없음
강북구,단기,20251010,0900,TMP,16
강북구,단기,20251010,0900,WSD,2.6
강북구,단기,20251010,0900,PCP,강수없음
강북구,단기,20251010,1000,TMP,16
강북구,단기,20251010,1000,WSD,2.2
강북구,단기,20251010,1000,PCP,강수없음
강북구,단기,20251010,1100,TMP,16
강북구,단기,20251010,1100,WSD,2.1
강북구,단기,20251010,1100,PCP,강수없음
강북구,단기,20251010,1200,TMP,16
강북구,단기,20251010,1200,WSD,1.8
강북구,단기,20251010,1200,PCP,강수없음
강북구,단기,20251010,1300,TMP,16
강북구,단기,20251010,1300,WSD,2
강북구,단기,20251010,1300,PCP,강수없음
강북구,단기,20251010,1400,TMP,16
강북구,단기,20251010,1400,WSD,1.5
강북구,단기,20251010,1400,PCP,강수없음
강북구,단기,20251010,1500,TMP,16
강북구,단기,20251010,1500,WSD,1.6
강북구,단기,20251010,1500,PCP,강수없음
강북구,단기,20251010,1600,TMP,16
강북구,단기,20251010,1600,WSD,1.9
강북구,단기,20251010,1600,PCP,강수없음
강북구,단기,20251010,1700,TMP,16
강북구,단기,20251010,1700,WSD,1.9
강북구,단기,20251010,1700,PCP,강수없음
강북구,단기,20251010,1800,TMP,16
강북구,단기,20251010,1800,WSD,1.8
강북구,단기,20251010,1800,PCP,강수없음
강북구,단기,20251010,1900,TMP,16
강북구,단기,20251010,1900,WSD,1.8
강북구,단기,20251010,1900,PCP,강수없음
강북구,단기,20251010,2000,TMP,16
강북구,단기,20251010,2000,WSD,1.9
강북구,단기,20251010,2000,PCP,강수없음
강북구,단기,20251010,2100,TMP,16
강북구,단기,20251010,2100,WSD,1.6
강북구,단기,20251010,2100,PCP,강수없음
강북구,단기,20251010,2200,TMP,16
강북구,단기,20251010,2200,WSD,1.3
강북구,단기,20251010,2200,PCP,강수없음
강북구,단기,20251010,2300,TMP,16
강북구,단기,20251010,2300,WSD,1.8
강북구,단기,20251010,2300,PCP,강수없음
강북구,단기,20251011,0000,TMP,16
강북구,단기,20251011,0000,WSD,1.7
강북구,단기,20251011,0000,PCP,강수없음
강북구,단기,20251011,0300,TMP,17
강북구,단기,20251011,0300,WSD,1
강북구,단기,20251011,0300,PCP,1
강북구,단기,20251011,0600,TMP,17
강북구,단기,20251011,0600,WSD,1
강북구,단기,20251011,0600,PCP,1
강북구,단기,20251011,0900,TMP,17
강북구,단기,20251011,0900,WSD,1
강북구,단기,20251011,0900,PCP,1
강북구,단기,20251011,1200,TMP,22
강북구,단기,20251011,1200,WSD,1
강북구,단기,20251011,1200,PCP,1
강북구,단기,20251011,1500,TMP,21
강북구,단기,20251011,1500,WSD,2
강북구,단기,20251011,1500,PCP,1
강북구,단기,20251011,1800,TMP,20
강북구,단기,20251011,1800,WSD,1
강북구,단기,20251011,1800,PCP,1
강북구,단기,20251011,2100,TMP,19
강북구,단기,20251011,2100,WSD,1
강북구,단기,20251011,2100,PCP,1
강북구,단기,20251012,0000,TMP,19
강북구,단기,20251012,0000,WSD,1
강북구,단기,20251012,0000,PCP,0
강서구,단기,20251008,1500,TMP,26
강서구,단기,20251008,1500,WSD,3
강서구,단기,20251008,1500,PCP,강수없음
강서구,단기,20251008,1600,TMP,26
강서구,단기,20251008,1600,WSD,2.8
강서구,단기,20251008,1600,PCP,강수없음
강서구,단기,20251008,1700,TMP,25
강서구,단기,20251008,1700,WSD,2.2
강서구,단기,20251008,1700,PCP,강수없음
강서구,단기,20251008,1800,TMP,23
강서구,단기,20251008,1800,WSD,1.9
강서구,단기,20251008,1800,PCP,강수없음
강서구,단기,20251008,1900,TMP,22
강서구,단기,20251008,1900,WSD,1.9
강서구,단기,20251008,1900,PCP,강수없음
강서구,단기,20251008,2000,TMP,21
강서구,단기,20251008,2000,WSD,1.8
강서구,단기,20251008,2000,PCP,강수없음
강서구,단기,20251008,2100,TMP,20
강서구,단기,20251008,2100,WSD,1.8
강서구,단기,20251008,2100,PCP,강수없음
강서구,단기,20251008,2200,TMP,20
강서구,단기,20251008,2200,WSD,1.4
강서구,단기,20251008,2200,PCP,강수없음
강서구,단기,20251008,2300,TMP,19
강서구,단기,20251008,2300,WSD,1.8
강서구,단기,20251008,2300,PCP,강수없음
강서구,단기,20251009,0000,TMP,19
강서구,단기,20251009,0000,WSD,2.6
강서구,단기,20251009,0000,PCP,강수없음
강서구,단기,20251009,0100,TMP,20
강서구,단기,20251009,0100,WSD,2.2
강서구,단기,20251009,0100,PCP,강수없음
강서구,단기,20251009,0200,TMP,20
강서구,단기,20251009,0200,WSD,2.4
강서구,단기,20251009,0200,PCP,강수없음
강서구,단기,20251009,0300,TMP,20
강서구,단기,20251009,0300,WSD,2.2
강서구,단기,20251009,0300,PCP,강수없음
강서구,단기,20251009,0400,TMP,19
강서구,단기,20251009,0400,WSD,2.2
강서구,단기,20251009,0400,PCP,강수없음
강서구,단기,20251009,0500,TMP,19
강서구,단기,20251009,0500,WSD,2.2
강서구,단기,20251009,0500,PCP,강수없음
강서구,단기,20251009,0600,TMP,19
강서구,단기,20251009,0600,WSD,2
강서구,단기,20251009,0600,PCP,강수없음
강서구,단기,20251009,0700,TMP,19
강서구,단기,20251009,0700,WSD,2.3
강서구,단기,20251009,0700,PCP,강수없음
강서구,단기,20251009,0800,TMP,19
강서구,단기,20251009,0800,WSD,2
강서구,단기,20251009,0800,PCP,강수없음
강서구,단기,20251009,0900,TMP,19
강서구,단기,20251009,0900,WSD,1.9
강서구,단기,20251009,0900,PCP,강수없음
강서구,단기,20251009,1000,TMP,19
강서구,단기,20251009,1000,WSD,2.8
강서구,단기,20251009,1000,PCP,강수없음
강서구,단기,20251009,1100,TMP,20
강서구,단기,20251009,1100,WSD,3.2
강서구,단기,20251009,1100,PCP,강수없음
강서구,단기,20251009,1200,TMP,20
강서구,단기,20251009,1200,WSD,3.4
강서구,단기,20251009,1200,PCP,강수없음
강서구,단기,20251009,1300,TMP,20
강서구,단기,20251009,1300,WSD,2.9
강서구,단기,20251009,1300,PCP,강수없음
강서구,단기,20251009,1400,TMP,20
강서구,단기,20251009,1400,WSD,2.7
강서구,단기,20251009,1400,PCP,강수없음
강서구,단기,20251009,1500,TMP,20
강서구,단기,20251009,1500,WSD,2.4
강서구,단기,20251009,1500,PCP,강수없음
강서구,단기,20251009,1600,TMP,20
강서구,단기,20251009,1600,WSD,2.9
강서구,단기,20251009,1600,PCP,강수없음
강서구,단기,20251009,1700,TMP,21
강서구,단기,20251009,1700,WSD,3
강서구,단기,20251009,1700,PCP,강수없음
강서구,단기,20251009,1800,TMP,20
강서구,단기,20251009,1800,WSD,2.8
강서구,단기,20251009,1800,PCP,강수없음
강서구,단기,20251009,1900,TMP,19
강서구,단기,20251009,1900,WSD,2.8
강서구,단기,20251009,1900,PCP,강수없음
강서구,단기,20251009,2000,TMP,20
강서구,단기,20251009,2000,WSD,3.1
강서구,단기,20251009,2000,PCP,강수없음
강서구,단기,20251009,2100,TMP,19
강서구,단기,20251009,2100,WSD,2.8
강서구,단기,20251009,2100,PCP,강수없음
강서구,단기,20251009,2200,TMP,19
강서구,단기,20251009,2200,WSD,2.8
강서구,단기,20251009,2200,PCP,강수없음
강서구,단기,20251009,2300,TMP,19
강서구,단기,20251009,2300,WSD,2.8
강서구,단기,20251009,2300,PCP,강수없음
강서구,단기,20251010,0000,TMP,18
강서구,단기,20251010,0000,WSD,2.7
강서구,단기,20251010,0000,PCP,강수없음
강서구,단기,20251010,0100,TMP,18
강서구,단기,20251010,0100,WSD,2.5
강서구,단기,20251010,0100,PCP,강수없음
강서구,단기,20251010,0200,TMP,18
강서구,단기,20251010,0200,WSD,2.5
강서구,단기,20251010,0200,PCP,강수없음
강서구,단기,20251010,0300,TMP,18
강서구,단기,20251010,0300,WSD,2.6
강서구,단기,20251010,0300,PCP,강수없음
강서구,단기,20251010,0400,TMP,18
강서구,단기,20251010,0400,WSD,2.2
강서구,단기,20251010,0400,PCP,강수없음
강서구,단기,20251010,0500,TMP,17
강서구,단기,20251010,0500,WSD,2.1
강서구,단기,20251010,0500,PCP,강수없음
강서구,단기,20251010,0600,TMP,17
강서구,단기,20251010,0600,WSD,2.2
강서구,단기,20251010,0600,PCP,강수없음
강서구,단기,20251010,0700,TMP,17
강서구,단기,20251010,0700,WSD,2
강서구,단기,20251010,0700,PCP,강수없음
강서구,단기,20251010,0800,TMP,17
강서구,단기,20251010,0800,WSD,2
강서구,단기,20251010,0800,PCP,강수없음
강서구,단기,20251010,0900,TMP,17
강서구,단기,20251010,0900,WSD,2.5
강서구,단기,20251010,0900,PCP,강수없음
강서구,단기,20251010,1000,TMP,17
강서구,단기,20251010,1000,WSD,2.2
강서구,단기,20251010,1000,PCP,강수없음
강서구,단기,20251010,1100,TMP,17
강서구,단기,20251010,1100,WSD,1.8
강서구,단기,20251010,1100,PCP,강수없음
강서구,단기,20251010,1200,TMP,17
강서구,단기,20251010,1200,WSD,1.8
강서구,단기,20251010,1200,PCP,강수없음
강서구,단기,20251010,1300,TMP,17
강서구,단기,20251010,1300,WSD,1.8
강서구,단기,20251010,1300,PCP,강수없음
강서구,단기,20251010,1400,TMP,17
강서구,단기,20251010,1400,WSD,1.5
강서구,단기,20251010,1400,PCP,강수없음
강서구,단기,20251010,1500,TMP,17
강서구,단기,20251010,1500,WSD,1.7
강서구,단기,20251010,1500,PCP,강수없음
강서구,단기,20251010,1600,TMP,17
강서구,단기,20251010,1600,WSD,1.9
강서구,단기,20251010,1600,PCP,강수없음
강서구,단기,20251010,1700,TMP,17
강서구,단기,20251010,1700,WSD,2
강서구,단기,20251010,1700,PCP,강수없음
강서구,단기,20251010,1800,TMP,17
강서구,단기,20251010,1800,WSD,1.6
강서구,단기,20251010,1800,PCP,강수없음
강서구,단기,20251010,1900,TMP,17
강서구,단기,20251010,1900,WSD,1.7
강서구,단기,20251010,1900,PCP,강수없음
강서구,단기,20251010,2000,TMP,17
강서구,단기,20251010,2000,WSD,1.8
강서구,단기,20251010,2000,PCP,강수없음
강서구,단기,20251010,2100,TMP,17
강서구,단기,20251010,2100,WSD,1.6
강서구,단기,20251010,2100,PCP,강수없음
강서구,단기,20251010,2200,TMP,17
강서구,단기,20251010,2200,WSD,1.5
강서구,단기,20251010,2200,PCP,강수없음
강서구,단기,20251010,2300,TMP,18
강서구,단기,20251010,2300,WSD,1.9
강서구,단기,20251010,2300,PCP,강수없음
강서구,단기,20251011,0000,TMP,18
강서구,단기,20251011,0000,WSD,1.8
강서구,단기,20251011,0000,PCP,강수없음
강서구,단기,20251011,0300,TMP,18
강서구,단기,20251011,0300,WSD,1
강서구,단기,20251011,0300,PCP,1
강서구,단기,20251011,0600,TMP,18
강서구,단기,20251011,0600,WSD,1
강서구,단기,20251011,0600,PCP,1
강서구,단기,20251011,0900,TMP,19
강서구,단기,20251011,0900,WSD,1
강서구,단기,20251011,0900,PCP,1
강서구,단기,20251011,1200,TMP,23
강서구,단기,20251011,1200,WSD,1
강서구,단기,20251011,1200,PCP,1
강서구,단기,20251011,1500,TMP,22
강서구,단기,20251011,1500,WSD,2
강서구,단기,20251011,1500,PCP,1
강서구,단기,20251011,1800,TMP,21
강서구,단기,20251011,1800,WSD,1
강서구,단기,20251011,1800,PCP,1
강서구,단기,20251011,2100,TMP,20
강서구,단기,20251011,2100,WSD,1
강서구,단기,20251011,2100,PCP,1
강서구,단기,20251012,0000,TMP,20
강서구,단기,20251012,0000,WSD,1
강서구,단기,20251012,0000,PCP,0
관악구,단기,20251008,1500,TMP,26
관악구,단기,20251008,1500,WSD,2.8
관악구,단기,20251008,1500,PCP,강수없음
관악구,단기,20251008,1600,TMP,26
관악구,단기,20251008,1600,WSD,2.6
관악구,단기,20251008,1600,PCP,강수없음
관악구,단기,20251008,1700,TMP,25
관악구,단기,20251008,1700,WSD,2.2
관악구,단기,20251008,1700,PCP,강수없음
관악구,단기,20251008,1800,TMP,23
관악구,단기,20251008,1800,WSD,1.8
관악구,단기,20251008,1800,PCP,강수없음
관악구,단기,20251008,1900,TMP,22
관악구,단기,20251008,1900,WSD,1.6
관악구,단기,20251008,1900,PCP,강수없음
관악구,단기,20251008,2000,TMP,22
관악구,단기,20251008,2000,WSD,1.5
관악구,단기,20251008,2000,PCP,강수없음
관악구,단기,20251008,2100,TMP,21
관악구,단기,20251008,2100,WSD,1.5
관악구,단기,20251008,2100,PCP,강수없음
관악구,단기,20251008,2200,TMP,20
관악구,단기,20251008,2200,WSD,1.1
관악구,단기,20251008,2200,PCP,강수없음
관악구,단기,20251008,2300,TMP,20
관악구,단기,20251008,2300,WSD,1.6
관악구,단기,20251008,2300,PCP,강수없음
관악구,단기,20251009,0000,TMP,20
관악구,단기,20251009,0000,WSD,2.3
관악구,단기,20251009,0000,PCP,강수없음
관악구,단기,20251009,0100,TMP,20
관악구,단기,20251009,0100,WSD,1.9
관악구,단기,20251009,0100,PCP,강수없음
관악구,단기,20251009,0200,TMP,20
관악구,단기,20251009,0200,WSD,2
관악구,단기,20251009,0200,PCP,강수없음
관악구,단기,20251009,0300,TMP,20
관악구,단기,20251009,0300,WSD,2
관악구,단기,20251009,0300,PCP,강수없음
관악구,단기,20251009,0400,TMP,20
관악구,단기,20251009,0400,WSD,2
관악구,단기,20251009,0400,PCP,강수없음
관악구,단기,20251009,0500,TMP,20
관악구,단기,20251009,0500,WSD,2
관악구,단기,20251009,0500,PCP,강수없음
관악구,단기,20251009,0600,TMP,19
관악구,단기,20251009,0600,WSD,1.8
관악구,단기,20251009,0600,PCP,강수없음
관악구,단기,20251009,0700,TMP,19
관악구,단기,20251009,0700,WSD,2.2
관악구,단기,20251009,0700,PCP,강수없음
관악구,단기,20251009,0800,TMP,19
관악구,단기,20251009,0800,WSD,2
관악구,단기,20251009,0800,PCP,강수없음
관악구,단기,20251009,0900,TMP,20
관악구,단기,20251009,0900,WSD,1.8
관악구,단기,20251009,0900,PCP,강수없음
관악구,단기,20251009,1000,TMP,20
관악구,단기,20251009,1000,WSD,2.7
관악구,단기,20251009,1000,PCP,강수없음
관악구,단기,20251009,1100,TMP,20
관악구,단기,20251009,1100,WSD,3.3
관악구,단기,20251009,1100,PCP,강수없음
관악구,단기,20251009,1200,TMP,21
관악구,단기,20251009,1200,WSD,3.2
관악구,단기,20251009,1200,PCP,강수없음
관악구,단기,20251009,1300,TMP,21
관악구,단기,20251009,1300,WSD,2.7
관악구,단기,20251009,1300,PCP,강수없음
관악구,단기,20251009,1400,TMP,20
관악구,단기,20251009,1400,WSD,2.5
관악구,단기,20251009,1400,PCP,강수없음
관악구,단기,20251009,1500,TMP,20
관악구,단기,20251009,1500,WSD,2.5
관악구,단기,20251009,1500,PCP,강수없음
관악구,단기,20251009,1600,TMP,20
관악구,단기,20251009,1600,WSD,2.7
관악구,단기,20251009,1600,PCP,강수없음
관악구,단기,20251009,1700,TMP,21
관악구,단기,20251009,1700,WSD,3.1
관악구,단기,20251009,1700,PCP,강수없음
관악구,단기,20251009,1800,TMP,20
관악구,단기,20251009,1800,WSD,2.8
관악구,단기,20251009,1800,PCP,강수없음
관악구,단기,20251009,1900,TMP,20
관악구,단기,20251009,1900,WSD,2.7
관악구,단기,20251009,1900,PCP,강수없음
관악구,단기,20251009,2000,TMP,20
관악구,단기,20251009,2000,WSD,2.8
관악구,단기,20251009,2000,PCP,강수없음
관악구,단기,20251009,2100,TMP,19
관악구,단기,20251009,2100,WSD,2.4
관악구,단기,20251009,2100,PCP,강수없음
관악구,단기,20251009,2200,TMP,19
관악구,단기,20251009,2200,WSD,2.5
관악구,단기,20251009,2200,PCP,강수없음
관악구,단기,20251009,2300,TMP,19
관악구,단기,20251009,2300,WSD,2.5
관악구,단기,20251009,2300,PCP,강수없음
관악구,단기,20251010,0000,TMP,18
관악구,단기,20251010,0000,WSD,2.5
관악구,단기,20251010,0000,PCP,강수없음
관악구,단기,20251010,0100,TMP,18
관악구,단기,20251010,0100,WSD,2.3
관악구,단기,20251010,0100,PCP,강수없음
관악구,단기,20251010,0200,TMP,18
관악구,단기,20251010,0200,WSD,2.4
관악구,단기,20251010,0200,PCP,강수없음
관악구,단기,20251010,0300,TMP,18
관악구,단기,20251010,0300,WSD,2.4
관악구,단기,20251010,0300,PCP,강수없음
관악구,단기,20251010,0400,TMP,18
관악구,단기,20251010,0400,WSD,2.1
관악구,단기,20251010,0400,PCP,강수없음
관악구,단기,20251010,0500,TMP,17
관악구,단기,20251010,0500,WSD,1.9
관악구,단기,20251010,0500,PCP,강수없음
관악구,단기,20251010,0600,TMP,17
관악구,단기,20251010,0600,WSD,2.1
관악구,단기,20251010,0600,PCP,강수없음
관악구,단기,20251010,0700,TMP,17
관악구,단기,20251010,0700,WSD,1.9
관악구,단기,20251010,0700,PCP,강수없음
관악구,단기,20251010,0800,TMP,17
관악구,단기,20251010,0800,WSD,1.9
관악구,단기,20251010,0800,PCP,강수없음
관악구,단기,20251010,0900,TMP,17
관악구,단기,20251010,0900,WSD,2.3
관악구,단기,20251010,0900,PCP,강수없음
관악구,단기,20251010,1000,TMP,17
관악구,단기,20251010,1000,WSD,2.1
관악구,단기,20251010,1000,PCP,강수없음
관악구,단기,20251010,1100,TMP,17
관악구,단기,20251010,1100,WSD,1.9
관악구,단기,20251010,1100,PCP,강수없음
관악구,단기,20251010,1200,TMP,17
관악구,단기,20251010,1200,WSD,1.4
관악구,단기,20251010,1200,PCP,강수없음
관악구,단기,20251010,1300,TMP,17
관악구,단기,20251010,1300,WSD,1.6
관악구,단기,20251010,1300,PCP,강수없음
관악구,단기,20251010,1400,TMP,17
관악구,단기,20251010,1400,WSD,1.2
관악구,단기,20251010,1400,PCP,강수없음
관악구,단기,20251010,1500,TMP,17
관악구,단기,20251010,1500,WSD,1.7
관악구,단기,20251010,1500,PCP,강수없음
관악구,단기,20251010,1600,TMP,17
관악구,단기,20251010,1600,WSD,1.9
관악구,단기,20251010,1600,PCP,강수없음
관악구,단기,20251010,1700,TMP,17
관악구,단기,20251010,1700,WSD,1.7
관악구,단기,20251010,1700,PCP,강수없음
관악구,단기,20251010,1800,TMP,17
관악구,단기,20251010,1800,WSD,1.5
관악구,단기,20251010,1800,PCP,강수없음
관악구,단기,20251010,1900,TMP,17
관악구,단기,20251010,1900,WSD,1.7
관악구,단기,20251010,1900,PCP,강수없음
관악구,단기,20251010,2000,TMP,18
관악구,단기,20251010,2000,WSD,1.5
관악구,단기,20251010,2000,PCP,강수없음
관악구,단기,20251010,2100,TMP,18
관악구,단기,20251010,2100,WSD,1.4
관악구,단기,20251010,2100,PCP,강수없음
관악구,단기,20251010,2200,TMP,18
관악구,단기,20251010,2200,WSD,1.3
관악구,단기,20251010,2200,PCP,강수없음
관악구,단기,20251010,2300,TMP,18
관악구,단기,20251010,2300,WSD,1.6
관악구,단기,20251010,2300,PCP,강수없음
관악구,단기,20251011,0000,TMP,18
관악구,단기,20251011,0000,WSD,1.3
관악구,단기,20251011,0000,PCP,강수없음
관악구,단기,20251011,0300,TMP,18
관악구,단기,20251011,0300,WSD,1
관악구,단기,20251011,0300,PCP,1
관악구,단기,20251011,0600,TMP,18
관악구,단기,20251011,0600,WSD,1
관악구,단기,20251011,0600,PCP,1
관악구,단기,20251011,0900,TMP,20
관악구,단기,20251011,0900,WSD,1
관악구,단기,20251011,0900,PCP,1
관악구,단기,20251011,1200,TMP,23
관악구,단기,20251011,1200,WSD,1
관악구,단기,20251011,1200,PCP,1
관악구,단기,20251011,1500,TMP,22
관악구,단기,20251011,1500,WSD,2
관악구,단기,20251011,1500,PCP,1
관악구,단기,20251011,1800,TMP,21
관악구,단기,20251011,1800,WSD,1
관악구,단기,20251011,1800,PCP,1
관악구,단기,20251011,2100,TMP,21
관악구,단기,20251011,2100,WSD,1
관악구,단기,20251011,2100,PCP,1
관악구,단기,20251012,0000,TMP,21
관악구,단기,20251012,0000,WSD,1
관악구,단기,20251012,0000,PCP,1
광진구,단기,20251008,1500,TMP,26
광진구,단기,20251008,1500,WSD,2.3
광진구,단기,20251008,1500,PCP,강수없음
광진구,단기,20251008,1600,TMP,26
광진구,단기,20251008,1600,WSD,2.1
광진구,단기,20251008,1600,PCP,강수없음
광진구,단기,20251008,1700,TMP,26
광진구,단기,20251008,1700,WSD,1.7
광진구,단기,20251008,1700,PCP,강수없음
광진구,단기,20251008,1800,TMP,24
광진구,단기,20251008,1800,WSD,1.5
광진구,단기,20251008,1800,PCP,강수없음
광진구,단기,20251008,1900,TMP,23
광진구,단기,20251008,1900,WSD,1.5
광진구,단기,20251008,1900,PCP,강수없음
광진구,단기,20251008,2000,TMP,22
광진구,단기,20251008,2000,WSD,1.1
광진구,단기,20251008,2000,PCP,강수없음
광진구,단기,20251008,2100,TMP,21
광진구,단기,20251008,2100,WSD,1
광진구,단기,20251008,2100,PCP,강수없음
광진구,단기,20251008,2200,TMP,21
광진구,단기,20251008,2200,WSD,1.6
광진구,단기,20251008,2200,PCP,강수없음
광진구,단기,20251008,2300,TMP,21
광진구,단기,20251008,2300,WSD,2.2
광진구,단기,20251008,2300,PCP,강수없음
광진구,단기,20251009,0000,TMP,20
광진구,단기,20251009,0000,WSD,2.4
광진구,단기,20251009,0000,PCP,강수없음
광진구,단기,20251009,0100,TMP,20
광진구,단기,20251009,0100,WSD,2.3
광진구,단기,20251009,0100,PCP,강수없음
광진구,단기,20251009,0200,TMP,20
광진구,단기,20251009,0200,WSD,2.3
광진구,단기,20251009,0200,PCP,강수없음
광진구,단기,20251009,0300,TMP,20
광진구,단기,20251009,0300,WSD,2.3
광진구,단기,20251009,0300,PCP,강수없음
광진구,단기,20251009,0400,TMP,20
광진구,단기,20251009,0400,WSD,2.3
광진구,단기,20251009,0400,PCP,강수없음
광진구,단기,20251009,0500,TMP,20
광진구,단기,20251009,0500,WSD,2.2
광진구,단기,20251009,0500,PCP,강수없음
광진구,단기,20251009,0600,TMP,20
광진구,단기,20251009,0600,WSD,2
광진구,단기,20251009,0600,PCP,강수없음
광진구,단기,20251009,0700,TMP,19
광진구,단기,20251009,0700,WSD,2.4
광진구,단기,20251009,0700,PCP,강수없음
광진구,단기,20251009,0800,TMP,19
광진구,단기,20251009,0800,WSD,2.4
광진구,단기,20251009,0800,PCP,강수없음
광진구,단기,20251009,0900,TMP,20
광진구,단기,20251009,0900,WSD,2.2
광진구,단기,20251009,0900,PCP,강수없음
광진구,단기,20251009,1000,TMP,20
광진구,단기,20251009,1000,WSD,3
광진구,단기,20251009,1000,PCP,강수없음
광진구,단기,20251009,1100,TMP,20
광진구,단기,20251009,1100,WSD,3.5
광진구,단기,20251009,1100,PCP,강수없음
광진구,단기,20251009,1200,TMP,20
광진구,단기,20251009,1200,WSD,3.3
광진구,단기,20251009,1200,PCP,강수없음
광진구,단기,20251009,1300,TMP,21
광진구,단기,20251009,1300,WSD,3.1
광진구,단기,20251009,1300,PCP,강수없음
광진구,단기,20251009,1400,TMP,20
광진구,단기,20251009,1400,WSD,2.8
광진구,단기,20251009,1400,PCP,강수없음
광진구,단기,20251009,1500,TMP,20
광진구,단기,20251009,1500,WSD,2.8
광진구,단기,20251009,1500,PCP,강수없음
광진구,단기,20251009,1600,TMP,21
광진구,단기,20251009,1600,WSD,3
광진구,단기,20251009,1600,PCP,강수없음
광진구,단기,20251009,1700,TMP,21
광진구,단기,20251009,1700,WSD,3.1
광진구,단기,20251009,1700,PCP,강수없음
광진구,단기,20251009,1800,TMP,21
광진구,단기,20251009,1800,WSD,2.8
광진구,단기,20251009,1800,PCP,강수없음
광진구,단기,20251009,1900,TMP,20
광진구,단기,20251009,1900,WSD,2.9
광진구,단기,20251009,1900,PCP,강수없음
광진구,단기,20251009,2000,TMP,20
광진구,단기,20251009,2000,WSD,2.9
광진구,단기,20251009,2000,PCP,강수없음
광진구,단기,20251009,2100,TMP,20
광진구,단기,20251009,2100,WSD,2.7
광진구,단기,20251009,2100,PCP,강수없음
광진구,단기,20251009,2200,TMP,19
광진구,단기,20251009,2200,WSD,2.7
광진구,단기,20251009,2200,PCP,강수없음
광진구,단기,20251009,2300,TMP,19
광진구,단기,20251009,2300,WSD,2.6
광진구,단기,20251009,2300,PCP,강수없음
광진구,단기,20251010,0000,TMP,19
광진구,단기,20251010,0000,WSD,2.6
광진구,단기,20251010,0000,PCP,강수없음
광진구,단기,20251010,0100,TMP,19
광진구,단기,20251010,0100,WSD,2.4
광진구,단기,20251010,0100,PCP,강수없음
광진구,단기,20251010,0200,TMP,19
광진구,단기,20251010,0200,WSD,2.3
광진구,단기,20251010,0200,PCP,강수없음
광진구,단기,20251010,0300,TMP,18
광진구,단기,20251010,0300,WSD,2.3
광진구,단기,20251010,0300,PCP,강수없음
광진구,단기,20251010,0400,TMP,18
광진구,단기,20251010,0400,WSD,2
광진구,단기,20251010,0400,PCP,강수없음
광진구,단기,20251010,0500,TMP,18
광진구,단기,20251010,0500,WSD,2
광진구,단기,20251010,0500,PCP,강수없음
광진구,단기,20251010,0600,TMP,18
광진구,단기,20251010,0600,WSD,2.3
광진구,단기,20251010,0600,PCP,강수없음
광진구,단기,20251010,0700,TMP,17
광진구,단기,20251010,0700,WSD,1.9
광진구,단기,20251010,0700,PCP,강수없음
광진구,단기,20251010,0800,TMP,17
광진구,단기,20251010,0800,WSD,2
광진구,단기,20251010,0800,PCP,강수없음
광진구,단기,20251010,0900,TMP,17
광진구,단기,20251010,0900,WSD,2.3
광진구,단기,20251010,0900,PCP,강수없음
광진구,단기,20251010,1000,TMP,17
광진구,단기,20251010,1000,WSD,2.2
광진구,단기,20251010,1000,PCP,강수없음
광진구,단기,20251010,1100,TMP,17
광진구,단기,20251010,1100,WSD,2
광진구,단기,20251010,1100,PCP,강수없음
광진구,단기,20251010,1200,TMP,17
광진구,단기,20251010,1200,WSD,1.7
광진구,단기,20251010,1200,PCP,강수없음
광진구,단기,20251010,1300,TMP,17
광진구,단기,20251010,1300,WSD,1.8
광진구,단기,20251010,1300,PCP,강수없음
광진구,단기,20251010,1400,TMP,17
광진구,단기,20251010,1400,WSD,1.4
광진구,단기,20251010,1400,PCP,강수없음
광진구,단기,20251010,1500,TMP,17
광진구,단기,20251010,1500,WSD,1.7
광진구,단기,20251010,1500,PCP,강수없음
광진구,단기,20251010,1600,TMP,18
광진구,단기,20251010,1600,WSD,1.9
광진구,단기,20251010,1600,PCP,강수없음
광진구,단기,20251010,1700,TMP,18
광진구,단기,20251010,1700,WSD,2
광진구,단기,20251010,1700,PCP,강수없음
광진구,단기,20251010,1800,TMP,18
광진구,단기,20251010,1800,WSD,1.7
광진구,단기,20251010,1800,PCP,강수없음
광진구,단기,20251010,1900,TMP,18
광진구,단기,20251010,1900,WSD,1.9
광진구,단기,20251010,1900,PCP,강수없음
광진구,단기,20251010,2000,TMP,18
광진구,단기,20251010,2000,WSD,1.8
광진구,단기,20251010,2000,PCP,강수없음
광진구,단기,20251010,2100,TMP,18
광진구,단기,20251010,2100,WSD,1.6
광진구,단기,20251010,2100,PCP,강수없음
광진구,단기,20251010,2200,TMP,18
광진구,단기,20251010,2200,WSD,1.4
광진구,단기,20251010,2200,PCP,강수없음
광진구,단기,20251010,2300,TMP,18
광진구,단기,20251010,2300,WSD,1.7
광진구,단기,20251010,2300,PCP,강수없음
광진구,단기,20251011,0000,TMP,18
광진구,단기,20251011,0000,WSD,1.4
광진구,단기,20251011,0000,PCP,강수없음
광진구,단기,20251011,0300,TMP,18
광진구,단기,20251011,0300,WSD,1
광진구,단기,20251011,0300,PCP,1
광진구,단기,20251011,0600,TMP,19
광진구,단기,20251011,0600,WSD,1
광진구,단기,20251011,0600,PCP,1
광진구,단기,20251011,0900,TMP,20
광진구,단기,20251011,0900,WSD,1
광진구,단기,20251011,0900,PCP,1
광진구,단기,20251011,1200,TMP,23
광진구,단기,20251011,1200,WSD,1
광진구,단기,20251011,1200,PCP,1
광진구,단기,20251011,1500,TMP,22
광진구,단기,20251011,1500,WSD,1
광진구,단기,20251011,1500,PCP,1
광진구,단기,20251011,1800,TMP,21
광진구,단기,20251011,1800,WSD,1
광진구,단기,20251011,1800,PCP,1
광진구,단기,20251011,2100,TMP,21
광진구,단기,20251011,2100,WSD,1
광진구,단기,20251011,2100,PCP,1
광진구,단기,20251012,0000,TMP,21
광진구,단기,20251012,0000,WSD,1
광진구,단기,20251012,0000,PCP,1
구로구,단기,20251008,1500,TMP,26
구로구,단기,20251008,1500,WSD,3
구로구,단기,20251008,1500,PCP,강수없음
구로구,단기,20251008,1600,TMP,26
구로구,단기,20251008,1600,WSD,2.8
구로구,단기,20251008,1600,PCP,강수없음
구로구,단기,20251008,1700,TMP,25
구로구,단기,20251008,1700,WSD,2.2
구로구,단기,20251008,1700,PCP,강수없음
구로구,단기,20251008,1800,TMP,24
구로구,단기,20251008,1800,WSD,1.9
구로구,단기,20251008,1800,PCP,강수없음
구로구,단기,20251008,1900,TMP,23
구로구,단기,20251008,1900,WSD,1.8
구로구,단기,20251008,1900,PCP,강수없음
구로구,단기,20251008,2000,TMP,22
구로구,단기,20251008,2000,WSD,1.7
구로구,단기,20251008,2000,PCP,강수없음
구로구,단기,20251008,2100,TMP,21
구로구,단기,20251008,2100,WSD,1.8
구로구,단기,20251008,2100,PCP,강수없음
구로구,단기,20251008,2200,TMP,20
구로구,단기,20251008,2200,WSD,1.2
구로구,단기,20251008,2200,PCP,강수없음
구로구,단기,20251008,2300,TMP,20
구로구,단기,20251008,2300,WSD,1.5
구로구,단기,20251008,2300,PCP,강수없음
구로구,단기,20251009,0000,TMP,20
구로구,단기,20251009,0000,WSD,2.3
구로구,단기,20251009,0000,PCP,강수없음
구로구,단기,20251009,0100,TMP,20
구로구,단기,20251009,0100,WSD,1.9
구로구,단기,20251009,0100,PCP,강수없음
구로구,단기,20251009,0200,TMP,20
구로구,단기,20251009,0200,WSD,2
구로구,단기,20251009,0200,PCP,강수없음
구로구,단기,20251009,0300,TMP,20
구로구,단기,20251009,0300,WSD,2
구로구,단기,20251009,0300,PCP,강수없음
구로구,단기,20251009,0400,TMP,20
구로구,단기,20251009,0400,WSD,2
구로구,단기,20251009,0400,PCP,강수없음
구로구,단기,20251009,0500,TMP,20
구로구,단기,20251009,0500,WSD,2
구로구,단기,20251009,0500,PCP,강수없음
구로구,단기,20251009,0600,TMP,20
구로구,단기,20251009,0600,WSD,1.8
구로구,단기,20251009,0600,PCP,강수없음
구로구,단기,20251009,0700,TMP,19
구로구,단기,20251009,0700,WSD,2.1
구로구,단기,20251009,0700,PCP,강수없음
구로구,단기,20251009,0800,TMP,19
구로구,단기,20251009,0800,WSD,1.9
구로구,단기,20251009,0800,PCP,강수없음
구로구,단기,20251009,0900,TMP,20
구로구,단기,20251009,0900,WSD,1.8
구로구,단기,20251009,0900,PCP,강수없음
구로구,단기,20251009,1000,TMP,20
구로구,단기,20251009,1000,WSD,2.6
구로구,단기,20251009,1000,PCP,강수없음
구로구,단기,20251009,1100,TMP,20
구로구,단기,20251009,1100,WSD,3.2
구로구,단기,20251009,1100,PCP,강수없음
구로구,단기,20251009,1200,TMP,21
구로구,단기,20251009,1200,WSD,3.1
구로구,단기,20251009,1200,PCP,강수없음
구로구,단기,20251009,1300,TMP,21
구로구,단기,20251009,1300,WSD,2.7
구로구,단기,20251009,1300,PCP,강수없음
구로구,단기,20251009,1400,TMP,20
구로구,단기,20251009,1400,WSD,2.3
구로구,단기,20251009,1400,PCP,강수없음
구로구,단기,20251009,1500,TMP,21
구로구,단기,20251009,1500,WSD,2.3
구로구,단기,20251009,1500,PCP,강수없음
구로구,단기,20251009,1600,TMP,21
구로구,단기,20251009,1600,WSD,2.7
구로구,단기,20251009,1600,PCP,강수없음
구로구,단기,20251009,1700,TMP,21
구로구,단기,20251009,1700,WSD,2.9
구로구,단기,20251009,1700,PCP,강수없음
구로구,단기,20251009,1800,TMP,21
구로구,단기,20251009,1800,WSD,2.8
구로구,단기,20251009,1800,PCP,강수없음
구로구,단기,20251009,1900,TMP,20
구로구,단기,20251009,1900,WSD,2.8
구로구,단기,20251009,1900,PCP,강수없음
구로구,단기,20251009,2000,TMP,20
구로구,단기,20251009,2000,WSD,2.9
구로구,단기,20251009,2000,PCP,강수없음
구로구,단기,20251009,2100,TMP,20
구로구,단기,20251009,2100,WSD,2.4
구로구,단기,20251009,2100,PCP,강수없음
구로구,단기,20251009,2200,TMP,19
구로구,단기,20251009,2200,WSD,2.5
구로구,단기,20251009,2200,PCP,강수없음
구로구,단기,20251009,2300,TMP,19
구로구,단기,20251009,2300,WSD,2.5
구로구,단기,20251009,2300,PCP,강수없음
구로구,단기,20251010,0000,TMP,19
구로구,단기,20251010,0000,WSD,2.5
구로구,단기,20251010,0000,PCP,강수없음
구로구,단기,20251010,0100,TMP,19
구로구,단기,20251010,0100,WSD,2.4
구로구,단기,20251010,0100,PCP,강수없음
구로구,단기,20251010,0200,TMP,18
구로구,단기,20251010,0200,WSD,2.4
구로구,단기,20251010,0200,PCP,강수없음
구로구,단기,20251010,0300,TMP,18
구로구,단기,20251010,0300,WSD,2.5
구로구,단기,20251010,0300,PCP,강수없음
구로구,단기,20251010,0400,TMP,18
구로구,단기,20251010,0400,WSD,2.1
구로구,단기,20251010,0400,PCP,강수없음
구로구,단기,20251010,0500,TMP,18
구로구,단기,20251010,0500,WSD,2
구로구,단기,20251010,0500,PCP,강수없음
구로구,단기,20251010,0600,TMP,18
구로구,단기,20251010,0600,WSD,2.1
구로구,단기,20251010,0600,PCP,강수없음
구로구,단기,20251010,0700,TMP,17
구로구,단기,20251010,0700,WSD,1.9
구로구,단기,20251010,0700,PCP,강수없음
구로구,단기,20251010,0800,TMP,17
구로구,단기,20251010,0800,WSD,1.9
구로구,단기,20251010,0800,PCP,강수없음
구로구,단기,20251010,0900,TMP,17
구로구,단기,20251010,0900,WSD,2.4
구로구,단기,20251010,0900,PCP,강수없음
구로구,단기,20251010,1000,TMP,17
구로구,단기,20251010,1000,WSD,2.3
구로구,단기,20251010,1000,PCP,강수없음
구로구,단기,20251010,1100,TMP,17
구로구,단기,20251010,1100,WSD,1.9
구로구,단기,20251010,1100,PCP,강수없음
구로구,단기,20251010,1200,TMP,17
구로구,단기,20251010,1200,WSD,1.5
구로구,단기,20251010,1200,PCP,강수없음
구로구,단기,20251010,1300,TMP,17
구로구,단기,20251010,1300,WSD,1.5
구로구,단기,20251010,1300,PCP,강수없음
구로구,단기,20251010,1400,TMP,17
구로구,단기,20251010,1400,WSD,1.4
구로구,단기,20251010,1400,PCP,강수없음
구로구,단기,20251010,1500,TMP,17
구로구,단기,20251010,1500,WSD,1.7
구로구,단기,20251010,1500,PCP,강수없음
구로구,단기,20251010,1600,TMP,17
구로구,단기,20251010,1600,WSD,1.9
구로구,단기,20251010,1600,PCP,강수없음
구로구,단기,20251010,1700,TMP,18
구로구,단기,20251010,1700,WSD,1.7
구로구,단기,20251010,1700,PCP,강수없음
구로구,단기,20251010,1800,TMP,18
구로구,단기,20251010,1800,WSD,1.5
구로구,단기,20251010,1800,PCP,강수없음
구로구,단기,20251010,1900,TMP,18
구로구,단기,20251010,1900,WSD,1.6
구로구,단기,20251010,1900,PCP,강수없음
구로구,단기,20251010,2000,TMP,18
구로구,단기,20251010,2000,WSD,1.5
구로구,단기,20251010,2000,PCP,강수없음
구로구,단기,20251010,2100,TMP,18
구로구,단기,20251010,2100,WSD,1.4
구로구,단기,20251010,2100,PCP,강수없음
구로구,단기,20251010,2200,TMP,18
구로구,단기,20251010,2200,WSD,1.4
구로구,단기,20251010,2200,PCP,강수없음
구로구,단기,20251010,2300,TMP,18
구로구,단기,20251010,2300,WSD,1.6
구로구,단기,20251010,2300,PCP,강수없음
구로구,단기,20251011,0000,TMP,18
구로구,단기,20251011,0000,WSD,1.4
구로구,단기,20251011,0000,PCP,강수없음
구로구,단기,20251011,0300,TMP,19
구로구,단기,20251011,0300,WSD,1
구로구,단기,20251011,0300,PCP,1
구로구,단기,20251011,0600,TMP,18
구로구,단기,20251011,0600,WSD,1
구로구,단기,20251011,0600,PCP,1
구로구,단기,20251011,0900,TMP,20
구로구,단기,20251011,0900,WSD,1
구로구,단기,20251011,0900,PCP,1
구로구,단기,20251011,1200,TMP,23
구로구,단기,20251011,1200,WSD,1
구로구,단기,20251011,1200,PCP,1
구로구,단기,20251011,1500,TMP,22
구로구,단기,20251011,1500,WSD,2
구로구,단기,20251011,1500,PCP,1
구로구,단기,20251011,1800,TMP,21
구로구,단기,20251011,1800,WSD,1
구로구,단기,20251011,1800,PCP,1
구로구,단기,20251011,2100,TMP,21
구로구,단기,20251011,2100,WSD,1
구로구,단기,20251011,2100,PCP,1
구로구,단기,20251012,0000,TMP,21
구로구,단기,20251012,0000,WSD,1
구로구,단기,20251012,0000,PCP,1
금천구,단기,20251008,1500,TMP,26
금천구,단기,20251008,1500,WSD,3
금천구,단기,20251008,1500,PCP,강수없음
금천구,단기,20251008,1600,TMP,26
금천구,단기,20251008,1600,WSD,2.8
금천구,단기,20251008,1600,PCP,강수없음
금천구,단기,20251008,1700,TMP,25
금천구,단기,20251008,1700,WSD,2.2
금천구,단기,20251008,1700,PCP,강수없음
금천구,단기,20251008,1800,TMP,24
금천구,단기,20251008,1800,WSD,1.9
금천구,단기,20251008,1800,PCP,강수없음
금천구,단기,20251008,1900,TMP,23
금천구,단기,20251008,1900,WSD,1.8
금천구,단기,20251008,1900,PCP,강수없음
금천구,단기,20251008,2000,TMP,22
금천구,단기,20251008,2000,WSD,1.7
금천구,단기,20251008,2000,PCP,강수없음
금천구,단기,20251008,2100,TMP,21
금천구,단기,20251008,2100,WSD,1.8
금천구,단기,20251008,2100,PCP,강수없음
금천구,단기,20251008,2200,TMP,20
금천구,단기,20251008,2200,WSD,1.2
금천구,단기,20251008,2200,PCP,강수없음
금천구,단기,20251008,2300,TMP,20
금천구,단기,20251008,2300,WSD,1.5
금천구,단기,20251008,2300,PCP,강수없음
금천구,단기,20251009,0000,TMP,20
금천구,단기,20251009,0000,WSD,2.3
금천구,단기,20251009,0000,PCP,강수없음
금천구,단기,20251009,0100,TMP,20
금천구,단기,20251009,0100,WSD,1.9
금천구,단기,20251009,0100,PCP,강수없음
금천구,단기,20251009,0200,TMP,20
금천구,단기,20251009,0200,WSD,2
금천구,단기,20251009,0200,PCP,강수없음
금천구,단기,20251009,0300,TMP,20
금천구,단기,20251009,0300,WSD,2
금천구,단기,20251009,0300,PCP,강수없음
금천구,단기,20251009,0400,TMP,20
금천구,단기,20251009,0400,WSD,2
금천구,단기,20251009,0400,PCP,강수없음
금천구,단기,20251009,0500,TMP,20
금천구,단기,20251009,0500,WSD,2
금천구,단기,20251009,0500,PCP,강수없음
금천구,단기,20251009,0600,TMP,20
금천구,단기,20251009,0600,WSD,1.8
금천구,단기,20251009,0600,PCP,강수없음
금천구,단기,20251009,0700,TMP,19
금천구,단기,20251009,0700,WSD,2.1
금천구,단기,20251009,0700,PCP,강수없음
금천구,단기,20251009,0800,TMP,19
금천구,단기,20251009,0800,WSD,1.9
금천구,단기,20251009,0800,PCP,강수없음
금천구,단기,20251009,0900,TMP,20
금천구,단기,20251009,0900,WSD,1.8
금천구,단기,20251009,0900,PCP,강수없음
금천구,단기,20251009,1000,TMP,20
금천구,단기,20251009,1000,WSD,2.6
금천구,단기,20251009,1000,PCP,강수없음
금천구,단기,20251009,1100,TMP,20
금천구,단기,20251009,1100,WSD,3.2
금천구,단기,20251009,1100,PCP,강수없음
금천구,단기,20251009,1200,TMP,21
금천구,단기,20251009,1200,WSD,3.1
금천구,단기,20251009,1200,PCP,강수없음
금천구,단기,20251009,1300,TMP,21
금천구,단기,20251009,1300,WSD,2.7
금천구,단기,20251009,1300,PCP,강수없음
금천구,단기,20251009,1400,TMP,20
금천구,단기,20251009,1400,WSD,2.3
금천구,단기,20251009,1400,PCP,강수없음
금천구,단기,20251009,1500,TMP,21
금천구,단기,20251009,1500,WSD,2.3
금천구,단기,20251009,1500,PCP,강수없음
금천구,단기,20251009,1600,TMP,21
금천구,단기,20251009,1600,WSD,2.7
금천구,단기,20251009,1600,PCP,강수없음
금천구,단기,20251009,1700,TMP,21
금천구,단기,20251009,1700,WSD,2.9
금천구,단기,20251009,1700,PCP,강수없음
금천구,단기,20251009,1800,TMP,21
금천구,단기,20251009,1800,WSD,2.8
금천구,단기,20251009,1800,PCP,강수없음
금천구,단기,20251009,1900,TMP,20
금천구,단기,20251009,1900,WSD,2.8
금천구,단기,20251009,1900,PCP,강수없음
금천구,단기,20251009,2000,TMP,20
금천구,단기,20251009,2000,WSD,2.9
금천구,단기,20251009,2000,PCP,강수없음
금천구,단기,20251009,2100,TMP,20
금천구,단기,20251009,2100,WSD,2.4
금천구,단기,20251009,2100,PCP,강수없음
금천구,단기,20251009,2200,TMP,19
금천구,단기,20251009,2200,WSD,2.5
금천구,단기,20251009,2200,PCP,강수없음
금천구,단기,20251009,2300,TMP,19
금천구,단기,20251009,2300,WSD,2.5
금천구,단기,20251009,2300,PCP,강수없음
금천구,단기,20251010,0000,TMP,19
금천구,단기,20251010,0000,WSD,2.5
금천구,단기,20251010,0000,PCP,강수없음
금천구,단기,20251010,0100,TMP,19
금천구,단기,20251010,0100,WSD,2.4
금천구,단기,20251010,0100,PCP,강수없음
금천구,단기,20251010,0200,TMP,18
금천구,단기,20251010,0200,WSD,2.4
금천구,단기,20251010,0200,PCP,강수없음
금천구,단기,20251010,0300,TMP,18
금천구,단기,20251010,0300,WSD,2.5
금천구,단기,20251010,0300,PCP,강수없음
금천구,단기,20251010,0400,TMP,18
금천구,단기,20251010,0400,WSD,2.1
금천구,단기,20251010,0400,PCP,강수없음
금천구,단기,20251010,0500,TMP,18
금천구,단기,20251010,0500,WSD,2
금천구,단기,20251010,0500,PCP,강수없음
금천구,단기,20251010,0600,TMP,18
금천구,단기,20251010,0600,WSD,2.1
금천구,단기,20251010,0600,PCP,강수없음
금천구,단기,20251010,0700,TMP,17
금천구,단기,20251010,0700,WSD,1.9
금천구,단기,20251010,0700,PCP,강수없음
금천구,단기,20251010,0800,TMP,17
금천구,단기,20251010,0800,WSD,1.9
금천구,단기,20251010,0800,PCP,강수없음
금천구,단기,20251010,0900,TMP,17
금천구,단기,20251010,0900,WSD,2.4
금천구,단기,20251010,0900,PCP,강수없음
금천구,단기,20251010,1000,TMP,17
금천구,단기,20251010,1000,WSD,2.3
금천구,단기,20251010,1000,PCP,강수없음
금천구,단기,20251010,1100,TMP,17
금천구,단기,20251010,1100,WSD,1.9
금천구,단기,20251010,1100,PCP,강수없음
금천구,단기,20251010,1200,TMP,17
금천구,단기,20251010,1200,WSD,1.5
금천구,단기,20251010,1200,PCP,강수없음
금천구,단기,20251010,1300,TMP,17
금천구,단기,20251010,1300,WSD,1.5
금천구,단기,20251010,1300,PCP,강수없음
금천구,단기,20251010,1400,TMP,17
금천구,단기,20251010,1400,WSD,1.4
금천구,단기,20251010,1400,PCP,강수없음
금천구,단기,20251010,1500,TMP,17
금천구,단기,20251010,1500,WSD,1.7
금천구,단기,20251010,1500,PCP,강수없음
금천구,단기,20251010,1600,TMP,17
금천구,단기,20251010,1600,WSD,1.9
금천구,단기,20251010,1600,PCP,강수없음
금천구,단기,20251010,1700,TMP,18
금천구,단기,20251010,1700,WSD,1.7
금천구,단기,20251010,1700,PCP,강수없음
금천구,단기,20251010,1800,TMP,18
금천구,단기,20251010,1800,WSD,1.5
금천구,단기,20251010,1800,PCP,강수없음
금천구,단기,20251010,1900,TMP,18
금천구,단기,20251010,1900,WSD,1.6
금천구,단기,20251010,1900,PCP,강수없음
금천구,단기,20251010,2000,TMP,18
금천구,단기,20251010,2000,WSD,1.5
금천구,단기,20251010,2000,PCP,강수없음
금천구,단기,20251010,2100,TMP,18
금천구,단기,20251010,2100,WSD,1.4
금천구,단기,20251010,2100,PCP,강수없음
금천구,단기,20251010,2200,TMP,18
금천구,단기,20251010,2200,WSD,1.4
금천구,단기,20251010,2200,PCP,강수없음
금천구,단기,20251010,2300,TMP,18
금천구,단기,20251010,2300,WSD,1.6
금천구,단기,20251010,2300,PCP,강수없음
금천구,단기,20251011,0000,TMP,18
금천구,단기,20251011,0000,WSD,1.4
금천구,단기,20251011,0000,PCP,강수없음
금천구,단기,20251011,0300,TMP,19
금천구,단기,20251011,0300,WSD,1
금천구,단기,20251011,0300,PCP,1
금천구,단기,20251011,0600,TMP,18
금천구,단기,20251011,0600,WSD,1
금천구,단기,20251011,0600,PCP,1
금천구,단기,20251011,0900,TMP,20
금천구,단기,20251011,0900,WSD,1
금천구,단기,20251011,0900,PCP,1
금천구,단기,20251011,1200,TMP,23
금천구,단기,20251011,1200,WSD,1
금천구,단기,20251011,1200,PCP,1
금천구,단기,20251011,1500,TMP,22
금천구,단기,20251011,1500,WSD,2
금천구,단기,20251011,1500,PCP,1
금천구,단기,20251011,1800,TMP,21
금천구,단기,20251011,1800,WSD,1
금천구,단기,20251011,1800,PCP,1
금천구,단기,20251011,2100,TMP,21
금천구,단기,20251011,2100,WSD,1
금천구,단기,20251011,2100,PCP,1
금천구,단기,20251012,0000,TMP,21
금천구,단기,20251012,0000,WSD,1
금천구,단기,20251012,0000,PCP,1
노원구,단기,20251008,1500,TMP,25
노원구,단기,20251008,1500,WSD,2.9
노원구,단기,20251008,1500,PCP,강수없음
노원구,단기,20251008,1600,TMP,25
노원구,단기,20251008,1600,WSD,2.7
노원구,단기,20251008,1600,PCP,강수없음
노원구,단기,20251008,1700,TMP,24
노원구,단기,20251008,1700,WSD,2.1
노원구,단기,20251008,1700,PCP,강수없음
노원구,단기,20251008,1800,TMP,22
노원구,단기,20251008,1800,WSD,1.8
노원구,단기,20251008,1800,PCP,강수없음
노원구,단기,20251008,1900,TMP,21
노원구,단기,20251008,1900,WSD,1.9
노원구,단기,20251008,1900,PCP,강수없음
노원구,단기,20251008,2000,TMP,20
노원구,단기,20251008,2000,WSD,1.7
노원구,단기,20251008,2000,PCP,강수없음
노원구,단기,20251008,2100,TMP,19
노원구,단기,20251008,2100,WSD,1.6
노원구,단기,20251008,2100,PCP,강수없음
노원구,단기,20251008,2200,TMP,19
노원구,단기,20251008,2200,WSD,2.1
노원구,단기,20251008,2200,PCP,강수없음
노원구,단기,20251008,2300,TMP,19
노원구,단기,20251008,2300,WSD,2.5
노원구,단기,20251008,2300,PCP,강수없음
노원구,단기,20251009,0000,TMP,19
노원구,단기,20251009,0000,WSD,2.8
노원구,단기,20251009,0000,PCP,강수없음
노원구,단기,20251009,0100,TMP,19
노원구,단기,20251009,0100,WSD,2.5
노원구,단기,20251009,0100,PCP,강수없음
노원구,단기,20251009,0200,TMP,18
노원구,단기,20251009,0200,WSD,2.6
노원구,단기,20251009,0200,PCP,강수없음
노원구,단기,20251009,0300,TMP,18
노원구,단기,20251009,0300,WSD,2.5
노원구,단기,20251009,0300,PCP,강수없음
노원구,단기,20251009,0400,TMP,18
노원구,단기,20251009,0400,WSD,2.5
노원구,단기,20251009,0400,PCP,강수없음
노원구,단기,20251009,0500,TMP,18
노원구,단기,20251009,0500,WSD,2.5
노원구,단기,20251009,0500,PCP,강수없음
노원구,단기,20251009,0600,TMP,18
노원구,단기,20251009,0600,WSD,2.3
노원구,단기,20251009,0600,PCP,강수없음
노원구,단기,20251009,0700,TMP,18
노원구,단기,20251009,0700,WSD,2.6
노원구,단기,20251009,0700,PCP,강수없음
노원구,단기,20251009,0800,TMP,18
노원구,단기,20251009,0800,WSD,2.6
노원구,단기,20251009,0800,PCP,강수없음
노원구,단기,20251009,0900,TMP,18
노원구,단기,20251009,0900,WSD,2.4
노원구,단기,20251009,0900,PCP,강수없음
노원구,단기,20251009,1000,TMP,18
노원구,단기,20251009,1000,WSD,3.2
노원구,단기,20251009,1000,PCP,강수없음
노원구,단기,20251009,1100,TMP,18
노원구,단기,20251009,1100,WSD,3.4
노원구,단기,20251009,1100,PCP,강수없음
노원구,단기,20251009,1200,TMP,18
노원구,단기,20251009,1200,WSD,3.5
노원구,단기,20251009,1200,PCP,강수없음
노원구,단기,20251009,1300,TMP,19
노원구,단기,20251009,1300,WSD,3.2
노원구,단기,20251009,1300,PCP,강수없음
노원구,단기,20251009,1400,TMP,19
노원구,단기,20251009,1400,WSD,3
노원구,단기,20251009,1400,PCP,강수없음
노원구,단기,20251009,1500,TMP,19
노원구,단기,20251009,1500,WSD,2.8
노원구,단기,20251009,1500,PCP,강수없음
노원구,단기,20251009,1600,TMP,20
노원구,단기,20251009,1600,WSD,3.4
노원구,단기,20251009,1600,PCP,강수없음
노원구,단기,20251009,1700,TMP,20
노원구,단기,20251009,1700,WSD,3.3
노원구,단기,20251009,1700,PCP,강수없음
노원구,단기,20251009,1800,TMP,19
노원구,단기,20251009,1800,WSD,2.7
노원구,단기,20251009,1800,PCP,강수없음
노원구,단기,20251009,1900,TMP,18
노원구,단기,20251009,1900,WSD,2.9
노원구,단기,20251009,1900,PCP,강수없음
노원구,단기,20251009,2000,TMP,18
노원구,단기,20251009,2000,WSD,3.2
노원구,단기,20251009,2000,PCP,강수없음
노원구,단기,20251009,2100,TMP,18
노원구,단기,20251009,2100,WSD,2.8
노원구,단기,20251009,2100,PCP,강수없음
노원구,단기,20251009,2200,TMP,18
노원구,단기,20251009,2200,WSD,2.9
노원구,단기,20251009,2200,PCP,강수없음
노원구,단기,20251009,2300,TMP,17
노원구,단기,20251009,2300,WSD,2.9
노원구,단기,20251009,2300,PCP,강수없음
노원구,단기,20251010,0000,TMP,17
노원구,단기,20251010,0000,WSD,2.8
노원구,단기,20251010,0000,PCP,강수없음
노원구,단기,20251010,0100,TMP,17
노원구,단기,20251010,0100,WSD,2.6
노원구,단기,20251010,0100,PCP,강수없음
노원구,단기,20251010,0200,TMP,17
노원구,단기,20251010,0200,WSD,2.4
노원구,단기,20251010,0200,PCP,강수없음
노원구,단기,20251010,0300,TMP,17
노원구,단기,20251010,0300,WSD,2.5
노원구,단기,20251010,0300,PCP,강수없음
노원구,단기,20251010,0400,TMP,17
노원구,단기,20251010,0400,WSD,2.2
노원구,단기,20251010,0400,PCP,강수없음
노원구,단기,20251010,0500,TMP,16
노원구,단기,20251010,0500,WSD,2.1
노원구,단기,20251010,0500,PCP,강수없음
노원구,단기,20251010,0600,TMP,16
노원구,단기,20251010,0600,WSD,2.3
노원구,단기,20251010,0600,PCP,강수없음
노원구,단기,20251010,0700,TMP,16
노원구,단기,20251010,0700,WSD,1.8
노원구,단기,20251010,0700,PCP,강수없음
노원구,단기,20251010,0800,TMP,16
노원구,단기,20251010,0800,WSD,2.1
노원구,단기,20251010,0800,PCP,강수없음
노원구,단기,20251010,0900,TMP,16
노원구,단기,20251010,0900,WSD,2.6
노원구,단기,20251010,0900,PCP,강수없음
노원구,단기,20251010,1000,TMP,16
노원구,단기,20251010,1000,WSD,2.2
노원구,단기,20251010,1000,PCP,강수없음
노원구,단기,20251010,1100,TMP,16
노원구,단기,20251010,1100,WSD,2.1
노원구,단기,20251010,1100,PCP,강수없음
노원구,단기,20251010,1200,TMP,16
노원구,단기,20251010,1200,WSD,1.8
노원구,단기,20251010,1200,PCP,강수없음
노원구,단기,20251010,1300,TMP,16
노원구,단기,20251010,1300,WSD,2
노원구,단기,20251010,1300,PCP,강수없음
노원구,단기,20251010,1400,TMP,16
노원구,단기,20251010,1400,WSD,1.5
노원구,단기,20251010,1400,PCP,강수없음
노원구,단기,20251010,1500,TMP,16
노원구,단기,20251010,1500,WSD,1.6
노원구,단기,20251010,1500,PCP,강수없음
노원구,단기,20251010,1600,TMP,16
노원구,단기,20251010,1600,WSD,1.9
노원구,단기,20251010,1600,PCP,강수없음
노원구,단기,20251010,1700,TMP,16
노원구,단기,20251010,1700,WSD,1.9
노원구,단기,20251010,1700,PCP,강수없음
노원구,단기,20251010,1800,TMP,16
노원구,단기,20251010,1800,WSD,1.8
노원구,단기,20251010,1800,PCP,강수없음
노원구,단기,20251010,1900,TMP,16
노원구,단기,20251010,1900,WSD,1.8
노원구,단기,20251010,1900,PCP,강수없음
노원구,단기,20251010,2000,TMP,16
노원구,단기,20251010,2000,WSD,1.9
노원구,단기,20251010,2000,PCP,강수없음
노원구,단기,20251010,2100,TMP,16
노원구,단기,20251010,2100,WSD,1.6
노원구,단기,20251010,2100,PCP,강수없음
노원구,단기,20251010,2200,TMP,16
노원구,단기,20251010,2200,WSD,1.3
노원구,단기,20251010,2200,PCP,강수없음
노원구,단기,20251010,2300,TMP,16
노원구,단기,20251010,2300,WSD,1.8
노원구,단기,20251010,2300,PCP,강수없음
노원구,단기,20251011,0000,TMP,16
노원구,단기,20251011,0000,WSD,1.7
노원구,단기,20251011,0000,PCP,강수없음
노원구,단기,20251011,0300,TMP,17
노원구,단기,20251011,0300,WSD,1
노원구,단기,20251011,0300,PCP,1
노원구,단기,20251011,0600,TMP,17
노원구,단기,20251011,0600,WSD,1
노원구,단기,20251011,0600,PCP,1
노원구,단기,20251011,0900,TMP,17
노원구,단기,20251011,0900,WSD,1
노원구,단기,20251011,0900,PCP,1
노원구,단기,20251011,1200,TMP,22
노원구,단기,20251011,1200,WSD,1
노원구,단기,20251011,1200,PCP,1
노원구,단기,20251011,1500,TMP,21
노원구,단기,20251011,1500,WSD,2
노원구,단기,20251011,1500,PCP,1
노원구,단기,20251011,1800,TMP,20
노원구,단기,20251011,1800,WSD,1
노원구,단기,20251011,1800,PCP,1
노원구,단기,20251011,2100,TMP,19
노원구,단기,20251011,2100,WSD,1
노원구,단기,20251011,2100,PCP,1
노원구,단기,20251012,0000,TMP,19
노원구,단기,20251012,0000,WSD,1
노원구,단기,20251012,0000,PCP,0
도봉구,단기,20251008,1500,TMP,25
도봉구,단기,20251008,1500,WSD,3
도봉구,단기,20251008,1500,PCP,강수없음
도봉구,단기,20251008,1600,TMP,24
도봉구,단기,20251008,1600,WSD,2.7
도봉구,단기,20251008,1600,PCP,강수없음
도봉구,단기,20251008,1700,TMP,23
도봉구,단기,20251008,1700,WSD,2.1
도봉구,단기,20251008,1700,PCP,강수없음
도봉구,단기,20251008,1800,TMP,21
도봉구,단기,20251008,1800,WSD,1.8
도봉구,단기,20251008,1800,PCP,강수없음
도봉구,단기,20251008,1900,TMP,20
도봉구,단기,20251008,1900,WSD,1.9
도봉구,단기,20251008,1900,PCP,강수없음
도봉구,단기,20251008,2000,TMP,20
도봉구,단기,20251008,2000,WSD,1.7
도봉구,단기,20251008,2000,PCP,강수없음
도봉구,단기,20251008,2100,TMP,19
도봉구,단기,20251008,2100,WSD,1.5
도봉구,단기,20251008,2100,PCP,강수없음
도봉구,단기,20251008,2200,TMP,19
도봉구,단기,20251008,2200,WSD,2.2
도봉구,단기,20251008,2200,PCP,강수없음
도봉구,단기,20251008,2300,TMP,18
도봉구,단기,20251008,2300,WSD,2.6
도봉구,단기,20251008,2300,PCP,강수없음
도봉구,단기,20251009,0000,TMP,18
도봉구,단기,20251009,0000,WSD,2.9
도봉구,단기,20251009,0000,PCP,강수없음
도봉구,단기,20251009,0100,TMP,18
도봉구,단기,20251009,0100,WSD,2.6
도봉구,단기,20251009,0100,PCP,강수없음
도봉구,단기,20251009,0200,TMP,18
도봉구,단기,20251009,0200,WSD,2.6
도봉구,단기,20251009,0200,PCP,강수없음
도봉구,단기,20251009,0300,TMP,18
도봉구,단기,20251009,0300,WSD,2.5
도봉구,단기,20251009,0300,PCP,강수없음
도봉구,단기,20251009,0400,TMP,18
도봉구,단기,20251009,0400,WSD,2.6
도봉구,단기,20251009,0400,PCP,강수없음
도봉구,단기,20251009,0500,TMP,18
도봉구,단기,20251009,0500,WSD,2.6
도봉구,단기,20251009,0500,PCP,강수없음
도봉구,단기,20251009,0600,TMP,18
도봉구,단기,20251009,0600,WSD,2.3
도봉구,단기,20251009,0600,PCP,강수없음
도봉구,단기,20251009,0700,TMP,17
도봉구,단기,20251009,0700,WSD,2.6
도봉구,단기,20251009,0700,PCP,강수없음
도봉구,단기,20251009,0800,TMP,18
도봉구,단기,20251009,0800,WSD,2.6
도봉구,단기,20251009,0800,PCP,강수없음
도봉구,단기,20251009,0900,TMP,18
도봉구,단기,20251009,0900,WSD,2.5
도봉구,단기,20251009,0900,PCP,강수없음
도봉구,단기,20251009,1000,TMP,18
도봉구,단기,20251009,1000,WSD,3.1
도봉구,단기,20251009,1000,PCP,강수없음
도봉구,단기,20251009,1100,TMP,18
도봉구,단기,20251009,1100,WSD,3.5
도봉구,단기,20251009,1100,PCP,강수없음
도봉구,단기,20251009,1200,TMP,18
도봉구,단기,20251009,1200,WSD,3.4
도봉구,단기,20251009,1200,PCP,강수없음
도봉구,단기,20251009,1300,TMP,19
도봉구,단기,20251009,1300,WSD,3.3
도봉구,단기,20251009,1300,PCP,강수없음
도봉구,단기,20251009,1400,TMP,19
도봉구,단기,20251009,1400,WSD,3
도봉구,단기,20251009,1400,PCP,강수없음
도봉구,단기,20251009,1500,TMP,19
도봉구,단기,20251009,1500,WSD,2.9
도봉구,단기,20251009,1500,PCP,강수없음
도봉구,단기,20251009,1600,TMP,19
도봉구,단기,20251009,1600,WSD,3.5
도봉구,단기,20251009,1600,PCP,강수없음
도봉구,단기,20251009,1700,TMP,19
도봉구,단기,20251009,1700,WSD,3.3
도봉구,단기,20251009,1700,PCP,강수없음
도봉구,단기,20251009,1800,TMP,18
도봉구,단기,20251009,1800,WSD,2.7
도봉구,단기,20251009,1800,PCP,강수없음
도봉구,단기,20251009,1900,TMP,18
도봉구,단기,20251009,1900,WSD,2.8
도봉구,단기,20251009,1900,PCP,강수없음
도봉구,단기,20251009,2000,TMP,17
도봉구,단기,20251009,2000,WSD,3.2
도봉구,단기,20251009,2000,PCP,강수없음
도봉구,단기,20251009,2100,TMP,17
도봉구,단기,20251009,2100,WSD,2.8
도봉구,단기,20251009,2100,PCP,강수없음
도봉구,단기,20251009,2200,TMP,17
도봉구,단기,20251009,2200,WSD,2.9
도봉구,단기,20251009,2200,PCP,강수없음
도봉구,단기,20251009,2300,TMP,17
도봉구,단기,20251009,2300,WSD,2.9
도봉구,단기,20251009,2300,PCP,강수없음
도봉구,단기,20251010,0000,TMP,17
도봉구,단기,20251010,0000,WSD,2.8
도봉구,단기,20251010,0000,PCP,강수없음
도봉구,단기,20251010,0100,TMP,17
도봉구,단기,20251010,0100,WSD,2.5
도봉구,단기,20251010,0100,PCP,강수없음
도봉구,단기,20251010,0200,TMP,16
도봉구,단기,20251010,0200,WSD,2.5
도봉구,단기,20251010,0200,PCP,강수없음
도봉구,단기,20251010,0300,TMP,16
도봉구,단기,20251010,0300,WSD,2.5
도봉구,단기,20251010,0300,PCP,강수없음
도봉구,단기,20251010,0400,TMP,16
도봉구,단기,20251010,0400,WSD,2.2
도봉구,단기,20251010,0400,PCP,강수없음
도봉구,단기,20251010,0500,TMP,16
도봉구,단기,20251010,0500,WSD,2.1
도봉구,단기,20251010,0500,PCP,강수없음
도봉구,단기,20251010,0600,TMP,16
도봉구,단기,20251010,0600,WSD,2.3
도봉구,단기,20251010,0600,PCP,강수없음
도봉구,단기,20251010,0700,TMP,16
도봉구,단기,20251010,0700,WSD,1.9
도봉구,단기,20251010,0700,PCP,강수없음
도봉구,단기,20251010,0800,TMP,16
도봉구,단기,20251010,0800,WSD,2.1
도봉구,단기,20251010,0800,PCP,강수없음
도봉구,단기,20251010,0900,TMP,16
도봉구,단기,20251010,0900,WSD,2.6
도봉구,단기,20251010,0900,PCP,강수없음
도봉구,단기,20251010,1000,TMP,16
도봉구,단기,20251010,1000,WSD,2.2
도봉구,단기,20251010,1000,PCP,강수없음
도봉구,단기,20251010,1100,TMP,16
도봉구,단기,20251010,1100,WSD,2
도봉구,단기,20251010,1100,PCP,강수없음
도봉구,단기,20251010,1200,TMP,16
도봉구,단기,20251010,1200,WSD,1.9
도봉구,단기,20251010,1200,PCP,강수없음
도봉구,단기,20251010,1300,TMP,16
도봉구,단기,20251010,1300,WSD,2
도봉구,단기,20251010,1300,PCP,강수없음
도봉구,단기,20251010,1400,TMP,16
도봉구,단기,20251010,1400,WSD,1.6
도봉구,단기,20251010,1400,PCP,강수없음
도봉구,단기,20251010,1500,TMP,16
도봉구,단기,20251010,1500,WSD,1.6
도봉구,단기,20251010,1500,PCP,강수없음
도봉구,단기,20251010,1600,TMP,16
도봉구,단기,20251010,1600,WSD,1.8
도봉구,단기,20251010,1600,PCP,강수없음
도봉구,단기,20251010,1700,TMP,16
도봉구,단기,20251010,1700,WSD,2
도봉구,단기,20251010,1700,PCP,강수없음
도봉구,단기,20251010,1800,TMP,16
도봉구,단기,20251010,1800,WSD,1.8
도봉구,단기,20251010,1800,PCP,강수없음
도봉구,단기,20251010,1900,TMP,16
도봉구,단기,20251010,1900,WSD,1.8
도봉구,단기,20251010,1900,PCP,강수없음
도봉구,단기,20251010,2000,TMP,16
도봉구,단기,20251010,2000,WSD,1.8
도봉구,단기,20251010,2000,PCP,강수없음
도봉구,단기,20251010,2100,TMP,16
도봉구,단기,20251010,2100,WSD,1.6
도봉구,단기,20251010,2100,PCP,강수없음
도봉구,단기,20251010,2200,TMP,16
도봉구,단기,20251010,2200,WSD,1.3
도봉구,단기,20251010,2200,PCP,강수없음
도봉구,단기,20251010,2300,TMP,16
도봉구,단기,20251010,2300,WSD,1.8
도봉구,단기,20251010,2300,PCP,강수없음
도봉구,단기,20251011,0000,TMP,16
도봉구,단기,20251011,0000,WSD,1.8
도봉구,단기,20251011,0000,PCP,강수없음
도봉구,단기,20251011,0300,TMP,17
도봉구,단기,20251011,0300,WSD,1
도봉구,단기,20251011,0300,PCP,1
도봉구,단기,20251011,0600,TMP,17
도봉구,단기,20251011,0600,WSD,1
도봉구,단기,20251011,0600,PCP,1
도봉구,단기,20251011,0900,TMP,18
도봉구,단기,20251011,0900,WSD,1
도봉구,단기,20251011,0900,PCP,1
도봉구,단기,20251011,1200,TMP,22
도봉구,단기,20251011,1200,WSD,2
도봉구,단기,20251011,1200,PCP,1
도봉구,단기,20251011,1500,TMP,21
도봉구,단기,20251011,1500,WSD,2
도봉구,단기,20251011,1500,PCP,1
도봉구,단기,20251011,1800,TMP,20
도봉구,단기,20251011,1800,WSD,1
도봉구,단기,20251011,1800,PCP,1
도봉구,단기,20251011,2100,TMP,19
도봉구,단기,20251011,2100,WSD,1
도봉구,단기,20251011,2100,PCP,1
도봉구,단기,20251012,0000,TMP,19
도봉구,단기,20251012,0000,WSD,1
도봉구,단기,20251012,0000,PCP,0
동대문구,단기,20251008,1500,TMP,26
동대문구,단기,20251008,1500,WSD,2.6
동대문구,단기,20251008,1500,PCP,강수없음
동대문구,단기,20251008,1600,TMP,26
동대문구,단기,20251008,1600,WSD,2.4
동대문구,단기,20251008,1600,PCP,강수없음
동대문구,단기,20251008,1700,TMP,26
동대문구,단기,20251008,1700,WSD,1.9
동대문구,단기,20251008,1700,PCP,강수없음
동대문구,단기,20251008,1800,TMP,24
동대문구,단기,20251008,1800,WSD,1.7
동대문구,단기,20251008,1800,PCP,강수없음
동대문구,단기,20251008,1900,TMP,23
동대문구,단기,20251008,1900,WSD,1.6
동대문구,단기,20251008,1900,PCP,강수없음
동대문구,단기,20251008,2000,TMP,22
동대문구,단기,20251008,2000,WSD,1.4
동대문구,단기,20251008,2000,PCP,강수없음
동대문구,단기,20251008,2100,TMP,21
동대문구,단기,20251008,2100,WSD,1.4
동대문구,단기,20251008,2100,PCP,강수없음
동대문구,단기,20251008,2200,TMP,21
동대문구,단기,20251008,2200,WSD,1.6
동대문구,단기,20251008,2200,PCP,강수없음
동대문구,단기,20251008,2300,TMP,20
동대문구,단기,20251008,2300,WSD,2.3
동대문구,단기,20251008,2300,PCP,강수없음
동대문구,단기,20251009,0000,TMP,20
동대문구,단기,20251009,0000,WSD,2.6
동대문구,단기,20251009,0000,PCP,강수없음
동대문구,단기,20251009,0100,TMP,20
동대문구,단기,20251009,0100,WSD,2.3
동대문구,단기,20251009,0100,PCP,강수없음
동대문구,단기,20251009,0200,TMP,20
동대문구,단기,20251009,0200,WSD,2.4
동대문구,단기,20251009,0200,PCP,강수없음
동대문구,단기,20251009,0300,TMP,20
동대문구,단기,20251009,0300,WSD,2.3
동대문구,단기,20251009,0300,PCP,강수없음
동대문구,단기,20251009,0400,TMP,20
동대문구,단기,20251009,0400,WSD,2.3
동대문구,단기,20251009,0400,PCP,강수없음
동대문구,단기,20251009,0500,TMP,20
동대문구,단기,20251009,0500,WSD,2.3
동대문구,단기,20251009,0500,PCP,강수없음
동대문구,단기,20251009,0600,TMP,19
동대문구,단기,20251009,0600,WSD,2.1
동대문구,단기,20251009,0600,PCP,강수없음
동대문구,단기,20251009,0700,TMP,19
동대문구,단기,20251009,0700,WSD,2.5
동대문구,단기,20251009,0700,PCP,강수없음
동대문구,단기,20251009,0800,TMP,19
동대문구,단기,20251009,0800,WSD,2.4
동대문구,단기,20251009,0800,PCP,강수없음
동대문구,단기,20251009,0900,TMP,20
동대문구,단기,20251009,0900,WSD,2.2
동대문구,단기,20251009,0900,PCP,강수없음
동대문구,단기,20251009,1000,TMP,20
동대문구,단기,20251009,1000,WSD,3.1
동대문구,단기,20251009,1000,PCP,강수없음
동대문구,단기,20251009,1100,TMP,20
동대문구,단기,20251009,1100,WSD,3.3
동대문구,단기,20251009,1100,PCP,강수없음
동대문구,단기,20251009,1200,TMP,20
동대문구,단기,20251009,1200,WSD,3.4
동대문구,단기,20251009,1200,PCP,강수없음
동대문구,단기,20251009,1300,TMP,21
동대문구,단기,20251009,1300,WSD,3.2
동대문구,단기,20251009,1300,PCP,강수없음
동대문구,단기,20251009,1400,TMP,20
동대문구,단기,20251009,1400,WSD,2.9
동대문구,단기,20251009,1400,PCP,강수없음
동대문구,단기,20251009,1500,TMP,20
동대문구,단기,20251009,1500,WSD,2.8
동대문구,단기,20251009,1500,PCP,강수없음
동대문구,단기,20251009,1600,TMP,21
동대문구,단기,20251009,1600,WSD,3.2
동대문구,단기,20251009,1600,PCP,강수없음
동대문구,단기,20251009,1700,TMP,21
동대문구,단기,20251009,1700,WSD,3.3
동대문구,단기,20251009,1700,PCP,강수없음
동대문구,단기,20251009,1800,TMP,20
동대문구,단기,20251009,1800,WSD,2.8
동대문구,단기,20251009,1800,PCP,강수없음
동대문구,단기,20251009,1900,TMP,20
동대문구,단기,20251009,1900,WSD,2.8
동대문구,단기,20251009,1900,PCP,강수없음
동대문구,단기,20251009,2000,TMP,20
동대문구,단기,20251009,2000,WSD,3
동대문구,단기,20251009,2000,PCP,강수없음
동대문구,단기,20251009,2100,TMP,20
동대문구,단기,20251009,2100,WSD,2.7
동대문구,단기,20251009,2100,PCP,강수없음
동대문구,단기,20251009,2200,TMP,19
동대문구,단기,20251009,2200,WSD,2.8
동대문구,단기,20251009,2200,PCP,강수없음
동대문구,단기,20251009,2300,TMP,19
동대문구,단기,20251009,2300,WSD,2.7
동대문구,단기,20251009,2300,PCP,강수없음
동대문구,단기,20251010,0000,TMP,19
동대문구,단기,20251010,0000,WSD,2.7
동대문구,단기,20251010,0000,PCP,강수없음
동대문구,단기,20251010,0100,TMP,19
동대문구,단기,20251010,0100,WSD,2.4
동대문구,단기,20251010,0100,PCP,강수없음
동대문구,단기,20251010,0200,TMP,19
동대문구,단기,20251010,0200,WSD,2.3
동대문구,단기,20251010,0200,PCP,강수없음
동대문구,단기,20251010,0300,TMP,18
동대문구,단기,20251010,0300,WSD,2.4
동대문구,단기,20251010,0300,PCP,강수없음
동대문구,단기,20251010,0400,TMP,18
동대문구,단기,20251010,0400,WSD,2
동대문구,단기,20251010,0400,PCP,강수없음
동대문구,단기,20251010,0500,TMP,18
동대문구,단기,20251010,0500,WSD,2
동대문구,단기,20251010,0500,PCP,강수없음
동대문구,단기,20251010,0600,TMP,17
동대문구,단기,20251010,0600,WSD,2.2
동대문구,단기,20251010,0600,PCP,강수없음
동대문구,단기,20251010,0700,TMP,17
동대문구,단기,20251010,0700,WSD,1.9
동대문구,단기,20251010,0700,PCP,강수없음
동대문구,단기,20251010,0800,TMP,17
동대문구,단기,20251010,0800,WSD,2
동대문구,단기,20251010,0800,PCP,강수없음
동대문구,단기,20251010,0900,TMP,17
동대문구,단기,20251010,0900,WSD,2.3
동대문구,단기,20251010,0900,PCP,강수없음
동대문구,단기,20251010,1000,TMP,17
동대문구,단기,20251010,1000,WSD,2.2
동대문구,단기,20251010,1000,PCP,강수없음
동대문구,단기,20251010,1100,TMP,17
동대문구,단기,20251010,1100,WSD,2
동대문구,단기,20251010,1100,PCP,강수없음
동대문구,단기,20251010,1200,TMP,17
동대문구,단기,20251010,1200,WSD,1.6
동대문구,단기,20251010,1200,PCP,강수없음
동대문구,단기,20251010,1300,TMP,17
동대문구,단기,20251010,1300,WSD,1.9
동대문구,단기,20251010,1300,PCP,강수없음
동대문구,단기,20251010,1400,TMP,17
동대문구,단기,20251010,1400,WSD,1.5
동대문구,단기,20251010,1400,PCP,강수없음
동대문구,단기,20251010,1500,TMP,17
동대문구,단기,20251010,1500,WSD,1.7
동대문구,단기,20251010,1500,PCP,강수없음
동대문구,단기,20251010,1600,TMP,18
동대문구,단기,20251010,1600,WSD,2
동대문구,단기,20251010,1600,PCP,강수없음
동대문구,단기,20251010,1700,TMP,18
동대문구,단기,20251010,1700,WSD,2
동대문구,단기,20251010,1700,PCP,강수없음
동대문구,단기,20251010,1800,TMP,17
동대문구,단기,20251010,1800,WSD,1.7
동대문구,단기,20251010,1800,PCP,강수없음
동대문구,단기,20251010,1900,TMP,18
동대문구,단기,20251010,1900,WSD,1.8
동대문구,단기,20251010,1900,PCP,강수없음
동대문구,단기,20251010,2000,TMP,18
동대문구,단기,20251010,2000,WSD,1.9
동대문구,단기,20251010,2000,PCP,강수없음
동대문구,단기,20251010,2100,TMP,17
동대문구,단기,20251010,2100,WSD,1.7
동대문구,단기,20251010,2100,PCP,강수없음
동대문구,단기,20251010,2200,TMP,18
동대문구,단기,20251010,2200,WSD,1.4
동대문구,단기,20251010,2200,PCP,강수없음
동대문구,단기,20251010,2300,TMP,18
동대문구,단기,20251010,2300,WSD,1.8
동대문구,단기,20251010,2300,PCP,강수없음
동대문구,단기,20251011,0000,TMP,18
동대문구,단기,20251011,0000,WSD,1.5
동대문구,단기,20251011,0000,PCP,강수없음
동대문구,단기,20251011,0300,TMP,18
동대문구,단기,20251011,0300,WSD,1
동대문구,단기,20251011,0300,PCP,1
동대문구,단기,20251011,0600,TMP,18
동대문구,단기,20251011,0600,WSD,1
동대문구,단기,20251011,0600,PCP,1
동대문구,단기,20251011,0900,TMP,19
동대문구,단기,20251011,0900,WSD,1
동대문구,단기,20251011,0900,PCP,1
동대문구,단기,20251011,1200,TMP,23
동대문구,단기,20251011,1200,WSD,1
동대문구,단기,20251011,1200,PCP,1
동대문구,단기,20251011,1500,TMP,22
동대문구,단기,20251011,1500,WSD,1
동대문구,단기,20251011,1500,PCP,1
동대문구,단기,20251011,1800,TMP,21
동대문구,단기,20251011,1800,WSD,1
동대문구,단기,20251011,1800,PCP,1
동대문구,단기,20251011,2100,TMP,21
동대문구,단기,20251011,2100,WSD,1
동대문구,단기,20251011,2100,PCP,1
동대문구,단기,20251012,0000,TMP,20
동대문구,단기,20251012,0000,WSD,1
동대문구,단기,20251012,0000,PCP,1
동작구,단기,20251008,1500,TMP,26
동작구,단기,20251008,1500,WSD,2.8
동작구,단기,20251008,1500,PCP,강수없음
동작구,단기,20251008,1600,TMP,26
동작구,단기,20251008,1600,WSD,2.6
동작구,단기,20251008,1600,PCP,강수없음
동작구,단기,20251008,1700,TMP,25
동작구,단기,20251008,1700,WSD,2.2
동작구,단기,20251008,1700,PCP,강수없음
동작구,단기,20251008,1800,TMP,23
동작구,단기,20251008,1800,WSD,1.8
동작구,단기,20251008,1800,PCP,강수없음
동작구,단기,20251008,1900,TMP,22
동작구,단기,20251008,1900,WSD,1.6
동작구,단기,20251008,1900,PCP,강수없음
동작구,단기,20251008,2000,TMP,22
동작구,단기,20251008,2000,WSD,1.5
동작구,단기,20251008,2000,PCP,강수없음
동작구,단기,20251008,2100,TMP,21
동작구,단기,20251008,2100,WSD,1.5
동작구,단기,20251008,2100,PCP,강수없음
동작구,단기,20251008,2200,TMP,20
동작구,단기,20251008,2200,WSD,1.1
동작구,단기,20251008,2200,PCP,강수없음
동작구,단기,20251008,2300,TMP,20
동작구,단기,20251008,2300,WSD,1.6
동작구,단기,20251008,2300,PCP,강수없음
동작구,단기,20251009,0000,TMP,20
동작구,단기,20251009,0000,WSD,2.3
동작구,단기,20251009,0000,PCP,강수없음
동작구,단기,20251009,0100,TMP,20
동작구,단기,20251009,0100,WSD,1.9
동작구,단기,20251009,0100,PCP,강수없음
동작구,단기,20251009,0200,TMP,20
동작구,단기,20251009,0200,WSD,2
동작구,단기,20251009,0200,PCP,강수없음
동작구,단기,20251009,0300,TMP,20
동작구,단기,20251009,0300,WSD,2
동작구,단기,20251009,0300,PCP,강수없음
동작구,단기,20251009,0400,TMP,20
동작구,단기,20251009,0400,WSD,2
동작구,단기,20251009,0400,PCP,강수없음
동작구,단기,20251009,0500,TMP,20
동작구,단기,20251009,0500,WSD,2
동작구,단기,20251009,0500,PCP,강수없음
동작구,단기,20251009,0600,TMP,19
동작구,단기,20251009,0600,WSD,1.8
동작구,단기,20251009,0600,PCP,강수없음
동작구,단기,20251009,0700,TMP,19
동작구,단기,20251009,0700,WSD,2.2
동작구,단기,20251009,0700,PCP,강수없음
동작구,단기,20251009,0800,TMP,19
동작구,단기,20251009,0800,WSD,2
동작구,단기,20251009,0800,PCP,강수없음
동작구,단기,20251009,0900,TMP,20
동작구,단기,20251009,0900,WSD,1.8
동작구,단기,20251009,0900,PCP,강수없음
동작구,단기,20251009,1000,TMP,20
동작구,단기,20251009,1000,WSD,2.7
동작구,단기,20251009,1000,PCP,강수없음
동작구,단기,20251009,1100,TMP,20
동작구,단기,20251009,1100,WSD,3.3
동작구,단기,20251009,1100,PCP,강수없음
동작구,단기,20251009,1200,TMP,21
동작구,단기,20251009,1200,WSD,3.2
동작구,단기,20251009,1200,PCP,강수없음
동작구,단기,20251009,1300,TMP,21
동작구,단기,20251009,1300,WSD,2.7
동작구,단기,20251009,1300,PCP,강수없음
동작구,단기,20251009,1400,TMP,20
동작구,단기,20251009,1400,WSD,2.5
동작구,단기,20251009,1400,PCP,강수없음
동작구,단기,20251009,1500,TMP,20
동작구,단기,20251009,1500,WSD,2.5
동작구,단기,20251009,1500,PCP,강수없음
동작구,단기,20251009,1600,TMP,20
동작구,단기,20251009,1600,WSD,2.7
동작구,단기,20251009,1600,PCP,강수없음
동작구,단기,20251009,1700,TMP,21
동작구,단기,20251009,1700,WSD,3.1
동작구,단기,20251009,1700,PCP,강수없음
동작구,단기,20251009,1800,TMP,20
동작구,단기,20251009,1800,WSD,2.8
동작구,단기,20251009,1800,PCP,강수없음
동작구,단기,20251009,1900,TMP,20
동작구,단기,20251009,1900,WSD,2.7
동작구,단기,20251009,1900,PCP,강수없음
동작구,단기,20251009,2000,TMP,20
동작구,단기,20251009,2000,WSD,2.8
동작구,단기,20251009,2000,PCP,강수없음
동작구,단기,20251009,2100,TMP,19
동작구,단기,20251009,2100,WSD,2.4
동작구,단기,20251009,2100,PCP,강수없음
동작구,단기,20251009,2200,TMP,19
동작구,단기,20251009,2200,WSD,2.5
동작구,단기,20251009,2200,PCP,강수없음
동작구,단기,20251009,2300,TMP,19
동작구,단기,20251009,2300,WSD,2.5
동작구,단기,20251009,2300,PCP,강수없음
동작구,단기,20251010,0000,TMP,18
동작구,단기,20251010,0000,WSD,2.5
동작구,단기,20251010,0000,PCP,강수없음
동작구,단기,20251010,0100,TMP,18
동작구,단기,20251010,0100,WSD,2.3
동작구,단기,20251010,0100,PCP,강수없음
동작구,단기,20251010,0200,TMP,18
동작구,단기,20251010,0200,WSD,2.4
동작구,단기,20251010,0200,PCP,강수없음
동작구,단기,20251010,0300,TMP,18
동작구,단기,20251010,0300,WSD,2.4
동작구,단기,20251010,0300,PCP,강수없음
동작구,단기,20251010,0400,TMP,18
동작구,단기,20251010,0400,WSD,2.1
동작구,단기,20251010,0400,PCP,강수없음
동작구,단기,20251010,0500,TMP,17
동작구,단기,20251010,0500,WSD,1.9
동작구,단기,20251010,0500,PCP,강수없음
동작구,단기,20251010,0600,TMP,17
동작구,단기,20251010,0600,WSD,2.1
동작구,단기,20251010,0600,PCP,강수없음
동작구,단기,20251010,0700,TMP,17
동작구,단기,20251010,0700,WSD,1.9
동작구,단기,20251010,0700,PCP,강수없음
동작구,단기,20251010,0800,TMP,17
동작구,단기,20251010,0800,WSD,1.9
동작구,단기,20251010,0800,PCP,강수없음
동작구,단기,20251010,0900,TMP,17
동작구,단기,20251010,0900,WSD,2.3
동작구,단기,20251010,0900,PCP,강수없음
동작구,단기,20251010,1000,TMP,17
동작구,단기,20251010,1000,WSD,2.1
동작구,단기,20251010,1000,PCP,강수없음
동작구,단기,20251010,1100,TMP,17
동작구,단기,20251010,1100,WSD,1.9
동작구,단기,20251010,1100,PCP,강수없음
동작구,단기,20251010,1200,TMP,17
동작구,단기,20251010,1200,WSD,1.4
동작구,단기,20251010,1200,PCP,강수없음
동작구,단기,20251010,1300,TMP,17
동작구,단기,20251010,1300,WSD,1.6
동작구,단기,20251010,1300,PCP,강수없음
동작구,단기,20251010,1400,TMP,17
동작구,단기,20251010,1400,WSD,1.2
동작구,단기,20251010,1400,PCP,강수없음
동작구,단기,20251010,1500,TMP,17
동작구,단기,20251010,1500,WSD,1.7
동작구,단기,20251010,1500,PCP,강수없음
동작구,단기,20251010,1600,TMP,17
동작구,단기,20251010,1600,WSD,1.9
동작구,단기,20251010,1600,PCP,강수없음
동작구,단기,20251010,1700,TMP,17
동작구,단기,20251010,1700,WSD,1.7
동작구,단기,20251010,1700,PCP,강수없음
동작구,단기,20251010,1800,TMP,17
동작구,단기,20251010,1800,WSD,1.5
동작구,단기,20251010,1800,PCP,강수없음
동작구,단기,20251010,1900,TMP,17
동작구,단기,20251010,1900,WSD,1.7
동작구,단기,20251010,1900,PCP,강수없음
동작구,단기,20251010,2000,TMP,18
동작구,단기,20251010,2000,WSD,1.5
동작구,단기,20251010,2000,PCP,강수없음
동작구,단기,20251010,2100,TMP,18
동작구,단기,20251010,2100,WSD,1.4
동작구,단기,20251010,2100,PCP,강수없음
동작구,단기,20251010,2200,TMP,18
동작구,단기,20251010,2200,WSD,1.3
동작구,단기,20251010,2200,PCP,강수없음
동작구,단기,20251010,2300,TMP,18
동작구,단기,20251010,2300,WSD,1.6
동작구,단기,20251010,2300,PCP,강수없음
동작구,단기,20251011,0000,TMP,18
동작구,단기,20251011,0000,WSD,1.3
동작구,단기,20251011,0000,PCP,강수없음
동작구,단기,20251011,0300,TMP,18
동작구,단기,20251011,0300,WSD,1
동작구,단기,20251011,0300,PCP,1
동작구,단기,20251011,0600,TMP,18
동작구,단기,20251011,0600,WSD,1
동작구,단기,20251011,0600,PCP,1
동작구,단기,20251011,0900,TMP,20
동작구,단기,20251011,0900,WSD,1
동작구,단기,20251011,0900,PCP,1
동작구,단기,20251011,1200,TMP,23
동작구,단기,20251011,1200,WSD,1
동작구,단기,20251011,1200,PCP,1
동작구,단기,20251011,1500,TMP,22
동작구,단기,20251011,1500,WSD,2
동작구,단기,20251011,1500,PCP,1
동작구,단기,20251011,1800,TMP,21
동작구,단기,20251011,1800,WSD,1
동작구,단기,20251011,1800,PCP,1
동작구,단기,20251011,2100,TMP,21
동작구,단기,20251011,2100,WSD,1
동작구,단기,20251011,2100,PCP,1
동작구,단기,20251012,0000,TMP,21
동작구,단기,20251012,0000,WSD,1
동작구,단기,20251012,0000,PCP,1
마포구,단기,20251008,1500,TMP,25
마포구,단기,20251008,1500,WSD,2.9
마포구,단기,20251008,1500,PCP,강수없음
마포구,단기,20251008,1600,TMP,24
마포구,단기,20251008,1600,WSD,2.6
마포구,단기,20251008,1600,PCP,강수없음
마포구,단기,20251008,1700,TMP,24
마포구,단기,20251008,1700,WSD,2.1
마포구,단기,20251008,1700,PCP,강수없음
마포구,단기,20251008,1800,TMP,22
마포구,단기,20251008,1800,WSD,1.8
마포구,단기,20251008,1800,PCP,강수없음
마포구,단기,20251008,1900,TMP,21
마포구,단기,20251008,1900,WSD,1.8
마포구,단기,20251008,1900,PCP,강수없음
마포구,단기,20251008,2000,TMP,21
마포구,단기,20251008,2000,WSD,1.7
마포구,단기,20251008,2000,PCP,강수없음
마포구,단기,20251008,2100,TMP,20
마포구,단기,20251008,2100,WSD,1.7
마포구,단기,20251008,2100,PCP,강수없음
마포구,단기,20251008,2200,TMP,20
마포구,단기,20251008,2200,WSD,1.3
마포구,단기,20251008,2200,PCP,강수없음
마포구,단기,20251008,2300,TMP,20
마포구,단기,20251008,2300,WSD,1.9
마포구,단기,20251008,2300,PCP,강수없음
마포구,단기,20251009,0000,TMP,19
마포구,단기,20251009,0000,WSD,2.7
마포구,단기,20251009,0000,PCP,강수없음
마포구,단기,20251009,0100,TMP,20
마포구,단기,20251009,0100,WSD,2.2
마포구,단기,20251009,0100,PCP,강수없음
마포구,단기,20251009,0200,TMP,20
마포구,단기,20251009,0200,WSD,2.4
마포구,단기,20251009,0200,PCP,강수없음
마포구,단기,20251009,0300,TMP,19
마포구,단기,20251009,0300,WSD,2.2
마포구,단기,20251009,0300,PCP,강수없음
마포구,단기,20251009,0400,TMP,19
마포구,단기,20251009,0400,WSD,2.2
마포구,단기,20251009,0400,PCP,강수없음
마포구,단기,20251009,0500,TMP,19
마포구,단기,20251009,0500,WSD,2.2
마포구,단기,20251009,0500,PCP,강수없음
마포구,단기,20251009,0600,TMP,19
마포구,단기,20251009,0600,WSD,2.1
마포구,단기,20251009,0600,PCP,강수없음
마포구,단기,20251009,0700,TMP,18
마포구,단기,20251009,0700,WSD,2.4
마포구,단기,20251009,0700,PCP,강수없음
마포구,단기,20251009,0800,TMP,19
마포구,단기,20251009,0800,WSD,2.1
마포구,단기,20251009,0800,PCP,강수없음
마포구,단기,20251009,0900,TMP,19
마포구,단기,20251009,0900,WSD,1.9
마포구,단기,20251009,0900,PCP,강수없음
마포구,단기,20251009,1000,TMP,19
마포구,단기,20251009,1000,WSD,2.9
마포구,단기,20251009,1000,PCP,강수없음
마포구,단기,20251009,1100,TMP,19
마포구,단기,20251009,1100,WSD,3.2
마포구,단기,20251009,1100,PCP,강수없음
마포구,단기,20251009,1200,TMP,20
마포구,단기,20251009,1200,WSD,3.4
마포구,단기,20251009,1200,PCP,강수없음
마포구,단기,20251009,1300,TMP,20
마포구,단기,20251009,1300,WSD,3
마포구,단기,20251009,1300,PCP,강수없음
마포구,단기,20251009,1400,TMP,19
마포구,단기,20251009,1400,WSD,2.8
마포구,단기,20251009,1400,PCP,강수없음
마포구,단기,20251009,1500,TMP,20
마포구,단기,20251009,1500,WSD,2.5
마포구,단기,20251009,1500,PCP,강수없음
마포구,단기,20251009,1600,TMP,20
마포구,단기,20251009,1600,WSD,3
마포구,단기,20251009,1600,PCP,강수없음
마포구,단기,20251009,1700,TMP,20
마포구,단기,20251009,1700,WSD,3.1
마포구,단기,20251009,1700,PCP,강수없음
마포구,단기,20251009,1800,TMP,19
마포구,단기,20251009,1800,WSD,2.7
마포구,단기,20251009,1800,PCP,강수없음
마포구,단기,20251009,1900,TMP,19
마포구,단기,20251009,1900,WSD,2.8
마포구,단기,20251009,1900,PCP,강수없음
마포구,단기,20251009,2000,TMP,19
마포구,단기,20251009,2000,WSD,3.1
마포구,단기,20251009,2000,PCP,강수없음
마포구,단기,20251009,2100,TMP,18
마포구,단기,20251009,2100,WSD,2.7
마포구,단기,20251009,2100,PCP,강수없음
마포구,단기,20251009,2200,TMP,19
마포구,단기,20251009,2200,WSD,2.8
마포구,단기,20251009,2200,PCP,강수없음
마포구,단기,20251009,2300,TMP,18
마포구,단기,20251009,2300,WSD,2.7
마포구,단기,20251009,2300,PCP,강수없음
마포구,단기,20251010,0000,TMP,18
마포구,단기,20251010,0000,WSD,2.7
마포구,단기,20251010,0000,PCP,강수없음
마포구,단기,20251010,0100,TMP,18
마포구,단기,20251010,0100,WSD,2.4
마포구,단기,20251010,0100,PCP,강수없음
마포구,단기,20251010,0200,TMP,18
마포구,단기,20251010,0200,WSD,2.4
마포구,단기,20251010,0200,PCP,강수없음
마포구,단기,20251010,0300,TMP,17
마포구,단기,20251010,0300,WSD,2.5
마포구,단기,20251010,0300,PCP,강수없음
마포구,단기,20251010,0400,TMP,17
마포구,단기,20251010,0400,WSD,2
마포구,단기,20251010,0400,PCP,강수없음
마포구,단기,20251010,0500,TMP,17
마포구,단기,20251010,0500,WSD,2.1
마포구,단기,20251010,0500,PCP,강수없음
마포구,단기,20251010,0600,TMP,17
마포구,단기,20251010,0600,WSD,2.2
마포구,단기,20251010,0600,PCP,강수없음
마포구,단기,20251010,0700,TMP,16
마포구,단기,20251010,0700,WSD,1.9
마포구,단기,20251010,0700,PCP,강수없음
마포구,단기,20251010,0800,TMP,16
마포구,단기,20251010,0800,WSD,2
마포구,단기,20251010,0800,PCP,강수없음
마포구,단기,20251010,0900,TMP,16
마포구,단기,20251010,0900,WSD,2.5
마포구,단기,20251010,0900,PCP,강수없음
마포구,단기,20251010,1000,TMP,16
마포구,단기,20251010,1000,WSD,2.2
마포구,단기,20251010,1000,PCP,강수없음
마포구,단기,20251010,1100,TMP,16
마포구,단기,20251010,1100,WSD,1.9
마포구,단기,20251010,1100,PCP,강수없음
마포구,단기,20251010,1200,TMP,16
마포구,단기,20251010,1200,WSD,1.7
마포구,단기,20251010,1200,PCP,강수없음
마포구,단기,20251010,1300,TMP,16
마포구,단기,20251010,1300,WSD,1.8
마포구,단기,20251010,1300,PCP,강수없음
마포구,단기,20251010,1400,TMP,16
마포구,단기,20251010,1400,WSD,1.5
마포구,단기,20251010,1400,PCP,강수없음
마포구,단기,20251010,1500,TMP,16
마포구,단기,20251010,1500,WSD,1.8
마포구,단기,20251010,1500,PCP,강수없음
마포구,단기,20251010,1600,TMP,16
마포구,단기,20251010,1600,WSD,1.9
마포구,단기,20251010,1600,PCP,강수없음
마포구,단기,20251010,1700,TMP,16
마포구,단기,20251010,1700,WSD,2
마포구,단기,20251010,1700,PCP,강수없음
마포구,단기,20251010,1800,TMP,16
마포구,단기,20251010,1800,WSD,1.7
마포구,단기,20251010,1800,PCP,강수없음
마포구,단기,20251010,1900,TMP,16
마포구,단기,20251010,1900,WSD,1.8
마포구,단기,20251010,1900,PCP,강수없음
마포구,단기,20251010,2000,TMP,16
마포구,단기,20251010,2000,WSD,1.8
마포구,단기,20251010,2000,PCP,강수없음
마포구,단기,20251010,2100,TMP,16
마포구,단기,20251010,2100,WSD,1.7
마포구,단기,20251010,2100,PCP,강수없음
마포구,단기,20251010,2200,TMP,17
마포구,단기,20251010,2200,WSD,1.4
마포구,단기,20251010,2200,PCP,강수없음
마포구,단기,20251010,2300,TMP,17
마포구,단기,20251010,2300,WSD,1.8
마포구,단기,20251010,2300,PCP,강수없음
마포구,단기,20251011,0000,TMP,17
마포구,단기,20251011,0000,WSD,1.7
마포구,단기,20251011,0000,PCP,강수없음
마포구,단기,20251011,0300,TMP,18
마포구,단기,20251011,0300,WSD,1
마포구,단기,20251011,0300,PCP,1
마포구,단기,20251011,0600,TMP,18
마포구,단기,20251011,0600,WSD,1
마포구,단기,20251011,0600,PCP,1
마포구,단기,20251011,0900,TMP,19
마포구,단기,20251011,0900,WSD,1
마포구,단기,20251011,0900,PCP,1
마포구,단기,20251011,1200,TMP,23
마포구,단기,20251011,1200,WSD,1
마포구,단기,20251011,1200,PCP,1
마포구,단기,20251011,1500,TMP,21
마포구,단기,20251011,1500,WSD,2
마포구,단기,20251011,1500,PCP,1
마포구,단기,20251011,1800,TMP,20
마포구,단기,20251011,1800,WSD,1
마포구,단기,20251011,1800,PCP,1
마포구,단기,20251011,2100,TMP,20
마포구,단기,20251011,2100,WSD,1
마포구,단기,20251011,2100,PCP,1
마포구,단기,20251012,0000,TMP,20
마포구,단기,20251012,0000,WSD,1
마포구,단기,20251012,0000,PCP,0
서대문구,단기,20251008,1500,TMP,25
서대문구,단기,20251008,1500,WSD,2.9
서대문구,단기,20251008,1500,PCP,강수없음
서대문구,단기,20251008,1600,TMP,24
서대문구,단기,20251008,1600,WSD,2.6
서대문구,단기,20251008,1600,PCP,강수없음
서대문구,단기,20251008,1700,TMP,24
서대문구,단기,20251008,1700,WSD,2.1
서대문구,단기,20251008,1700,PCP,강수없음
서대문구,단기,20251008,1800,TMP,22
서대문구,단기,20251008,1800,WSD,1.8
서대문구,단기,20251008,1800,PCP,강수없음
서대문구,단기,20251008,1900,TMP,21
서대문구,단기,20251008,1900,WSD,1.8
서대문구,단기,20251008,1900,PCP,강수없음
서대문구,단기,20251008,2000,TMP,21
서대문구,단기,20251008,2000,WSD,1.7
서대문구,단기,20251008,2000,PCP,강수없음
서대문구,단기,20251008,2100,TMP,20
서대문구,단기,20251008,2100,WSD,1.7
서대문구,단기,20251008,2100,PCP,강수없음
서대문구,단기,20251008,2200,TMP,20
서대문구,단기,20251008,2200,WSD,1.3
서대문구,단기,20251008,2200,PCP,강수없음
서대문구,단기,20251008,2300,TMP,20
서대문구,단기,20251008,2300,WSD,1.9
서대문구,단기,20251008,2300,PCP,강수없음
서대문구,단기,20251009,0000,TMP,19
서대문구,단기,20251009,0000,WSD,2.7
서대문구,단기,20251009,0000,PCP,강수없음
서대문구,단기,20251009,0100,TMP,20
서대문구,단기,20251009,0100,WSD,2.2
서대문구,단기,20251009,0100,PCP,강수없음
서대문구,단기,20251009,0200,TMP,20
서대문구,단기,20251009,0200,WSD,2.4
서대문구,단기,20251009,0200,PCP,강수없음
서대문구,단기,20251009,0300,TMP,19
서대문구,단기,20251009,0300,WSD,2.2
서대문구,단기,20251009,0300,PCP,강수없음
서대문구,단기,20251009,0400,TMP,19
서대문구,단기,20251009,0400,WSD,2.2
서대문구,단기,20251009,0400,PCP,강수없음
서대문구,단기,20251009,0500,TMP,19
서대문구,단기,20251009,0500,WSD,2.2
서대문구,단기,20251009,0500,PCP,강수없음
서대문구,단기,20251009,0600,TMP,19
서대문구,단기,20251009,0600,WSD,2.1
서대문구,단기,20251009,0600,PCP,강수없음
서대문구,단기,20251009,0700,TMP,18
서대문구,단기,20251009,0700,WSD,2.4
서대문구,단기,20251009,0700,PCP,강수없음
서대문구,단기,20251009,0800,TMP,19
서대문구,단기,20251009,0800,WSD,2.1
서대문구,단기,20251009,0800,PCP,강수없음
서대문구,단기,20251009,0900,TMP,19
서대문구,단기,20251009,0900,WSD,1.9
서대문구,단기,20251009,0900,PCP,강수없음
서대문구,단기,20251009,1000,TMP,19
서대문구,단기,20251009,1000,WSD,2.9
서대문구,단기,20251009,1000,PCP,강수없음
서대문구,단기,20251009,1100,TMP,19
서대문구,단기,20251009,1100,WSD,3.2
서대문구,단기,20251009,1100,PCP,강수없음
서대문구,단기,20251009,1200,TMP,20
서대문구,단기,20251009,1200,WSD,3.4
서대문구,단기,20251009,1200,PCP,강수없음
서대문구,단기,20251009,1300,TMP,20
서대문구,단기,20251009,1300,WSD,3
서대문구,단기,20251009,1300,PCP,강수없음
서대문구,단기,20251009,1400,TMP,19
서대문구,단기,20251009,1400,WSD,2.8
서대문구,단기,20251009,1400,PCP,강수없음
서대문구,단기,20251009,1500,TMP,20
서대문구,단기,20251009,1500,WSD,2.5
서대문구,단기,20251009,1500,PCP,강수없음
서대문구,단기,20251009,1600,TMP,20
서대문구,단기,20251009,1600,WSD,3
서대문구,단기,20251009,1600,PCP,강수없음
서대문구,단기,20251009,1700,TMP,20
서대문구,단기,20251009,1700,WSD,3.1
서대문구,단기,20251009,1700,PCP,강수없음
서대문구,단기,20251009,1800,TMP,19
서대문구,단기,20251009,1800,WSD,2.7
서대문구,단기,20251009,1800,PCP,강수없음
서대문구,단기,20251009,1900,TMP,19
서대문구,단기,20251009,1900,WSD,2.8
서대문구,단기,20251009,1900,PCP,강수없음
서대문구,단기,20251009,2000,TMP,19
서대문구,단기,20251009,2000,WSD,3.1
서대문구,단기,20251009,2000,PCP,강수없음
서대문구,단기,20251009,2100,TMP,18
서대문구,단기,20251009,2100,WSD,2.7
서대문구,단기,20251009,2100,PCP,강수없음
서대문구,단기,20251009,2200,TMP,19
서대문구,단기,20251009,2200,WSD,2.8
서대문구,단기,20251009,2200,PCP,강수없음
서대문구,단기,20251009,2300,TMP,18
서대문구,단기,20251009,2300,WSD,2.7
서대문구,단기,20251009,2300,PCP,강수없음
서대문구,단기,20251010,0000,TMP,18
서대문구,단기,20251010,0000,WSD,2.7
서대문구,단기,20251010,0000,PCP,강수없음
서대문구,단기,20251010,0100,TMP,18
서대문구,단기,20251010,0100,WSD,2.4
서대문구,단기,20251010,0100,PCP,강수없음
서대문구,단기,20251010,0200,TMP,18
서대문구,단기,20251010,0200,WSD,2.4
서대문구,단기,20251010,0200,PCP,강수없음
서대문구,단기,20251010,0300,TMP,17
서대문구,단기,20251010,0300,WSD,2.5
서대문구,단기,20251010,0300,PCP,강수없음
서대문구,단기,20251010,0400,TMP,17
서대문구,단기,20251010,0400,WSD,2
서대문구,단기,20251010,0400,PCP,강수없음
서대문구,단기,20251010,0500,TMP,17
서대문구,단기,20251010,0500,WSD,2.1
서대문구,단기,20251010,0500,PCP,강수없음
서대문구,단기,20251010,0600,TMP,17
서대문구,단기,20251010,0600,WSD,2.2
서대문구,단기,20251010,0600,PCP,강수없음
서대문구,단기,20251010,0700,TMP,16
서대문구,단기,20251010,0700,WSD,1.9
서대문구,단기,20251010,0700,PCP,강수없음
서대문구,단기,20251010,0800,TMP,16
서대문구,단기,20251010,0800,WSD,2
서대문구,단기,20251010,0800,PCP,강수없음
서대문구,단기,20251010,0900,TMP,16
서대문구,단기,20251010,0900,WSD,2.5
서대문구,단기,20251010,0900,PCP,강수없음
서대문구,단기,20251010,1000,TMP,16
서대문구,단기,20251010,1000,WSD,2.2
서대문구,단기,20251010,1000,PCP,강수없음
서대문구,단기,20251010,1100,TMP,16
서대문구,단기,20251010,1100,WSD,1.9
서대문구,단기,20251010,1100,PCP,강수없음
서대문구,단기,20251010,1200,TMP,16
서대문구,단기,20251010,1200,WSD,1.7
서대문구,단기,20251010,1200,PCP,강수없음
서대문구,단기,20251010,1300,TMP,16
서대문구,단기,20251010,1300,WSD,1.8
서대문구,단기,20251010,1300,PCP,강수없음
서대문구,단기,20251010,1400,TMP,16
서대문구,단기,20251010,1400,WSD,1.5
서대문구,단기,20251010,1400,PCP,강수없음
서대문구,단기,20251010,1500,TMP,16
서대문구,단기,20251010,1500,WSD,1.8
서대문구,단기,20251010,1500,PCP,강수없음
서대문구,단기,20251010,1600,TMP,16
서대문구,단기,20251010,1600,WSD,1.9
서대문구,단기,20251010,1600,PCP,강수없음
서대문구,단기,20251010,1700,TMP,16
서대문구,단기,20251010,1700,WSD,2
서대문구,단기,20251010,1700,PCP,강수없음
서대문구,단기,20251010,1800,TMP,16
서대문구,단기,20251010,1800,WSD,1.7
서대문구,단기,20251010,1800,PCP,강수없음
서대문구,단기,20251010,1900,TMP,16
서대문구,단기,20251010,1900,WSD,1.8
서대문구,단기,20251010,1900,PCP,강수없음
서대문구,단기,20251010,2000,TMP,16
서대문구,단기,20251010,2000,WSD,1.8
서대문구,단기,20251010,2000,PCP,강수없음
서대문구,단기,20251010,2100,TMP,16
서대문구,단기,20251010,2100,WSD,1.7
서대문구,단기,20251010,2100,PCP,강수없음
서대문구,단기,20251010,2200,TMP,17
서대문구,단기,20251010,2200,WSD,1.4
서대문구,단기,20251010,2200,PCP,강수없음
서대문구,단기,20251010,2300,TMP,17
서대문구,단기,20251010,2300,WSD,1.8
서대문구,단기,20251010,2300,PCP,강수없음
서대문구,단기,20251011,0000,TMP,17
서대문구,단기,20251011,0000,WSD,1.7
서대문구,단기,20251011,0000,PCP,강수없음
서대문구,단기,20251011,0300,TMP,18
서대문구,단기,20251011,0300,WSD,1
서대문구,단기,20251011,0300,PCP,1
서대문구,단기,20251011,0600,TMP,18
서대문구,단기,20251011,0600,WSD,1
서대문구,단기,20251011,0600,PCP,1
서대문구,단기,20251011,0900,TMP,19
서대문구,단기,20251011,0900,WSD,1
서대문구,단기,20251011,0900,PCP,1
서대문구,단기,20251011,1200,TMP,23
서대문구,단기,20251011,1200,WSD,1
서대문구,단기,20251011,1200,PCP,1
서대문구,단기,20251011,1500,TMP,21
서대문구,단기,20251011,1500,WSD,2
서대문구,단기,20251011,1500,PCP,1
서대문구,단기,20251011,1800,TMP,20
서대문구,단기,20251011,1800,WSD,1
서대문구,단기,20251011,1800,PCP,1
서대문구,단기,20251011,2100,TMP,20
서대문구,단기,20251011,2100,WSD,1
서대문구,단기,20251011,2100,PCP,1
서대문구,단기,20251012,0000,TMP,20
서대문구,단기,20251012,0000,WSD,1
서대문구,단기,20251012,0000,PCP,0
서초구,단기,20251008,1500,TMP,26
서초구,단기,20251008,1500,WSD,2.6
서초구,단기,20251008,1500,PCP,강수없음
서초구,단기,20251008,1600,TMP,26
서초구,단기,20251008,1600,WSD,2.4
서초구,단기,20251008,1600,PCP,강수없음
서초구,단기,20251008,1700,TMP,25
서초구,단기,20251008,1700,WSD,2
서초구,단기,20251008,1700,PCP,강수없음
서초구,단기,20251008,1800,TMP,23
서초구,단기,20251008,1800,WSD,1.6
서초구,단기,20251008,1800,PCP,강수없음
서초구,단기,20251008,1900,TMP,22
서초구,단기,20251008,1900,WSD,1.6
서초구,단기,20251008,1900,PCP,강수없음
서초구,단기,20251008,2000,TMP,22
서초구,단기,20251008,2000,WSD,1.2
서초구,단기,20251008,2000,PCP,강수없음
서초구,단기,20251008,2100,TMP,21
서초구,단기,20251008,2100,WSD,1.1
서초구,단기,20251008,2100,PCP,강수없음
서초구,단기,20251008,2200,TMP,20
서초구,단기,20251008,2200,WSD,1.1
서초구,단기,20251008,2200,PCP,강수없음
서초구,단기,20251008,2300,TMP,20
서초구,단기,20251008,2300,WSD,1.9
서초구,단기,20251008,2300,PCP,강수없음
서초구,단기,20251009,0000,TMP,20
서초구,단기,20251009,0000,WSD,2.3
서초구,단기,20251009,0000,PCP,강수없음
서초구,단기,20251009,0100,TMP,20
서초구,단기,20251009,0100,WSD,2.1
서초구,단기,20251009,0100,PCP,강수없음
서초구,단기,20251009,0200,TMP,20
서초구,단기,20251009,0200,WSD,2.2
서초구,단기,20251009,0200,PCP,강수없음
서초구,단기,20251009,0300,TMP,20
서초구,단기,20251009,0300,WSD,2.1
서초구,단기,20251009,0300,PCP,강수없음
서초구,단기,20251009,0400,TMP,20
서초구,단기,20251009,0400,WSD,2.1
서초구,단기,20251009,0400,PCP,강수없음
서초구,단기,20251009,0500,TMP,19
서초구,단기,20251009,0500,WSD,2.1
서초구,단기,20251009,0500,PCP,강수없음
서초구,단기,20251009,0600,TMP,19
서초구,단기,20251009,0600,WSD,1.9
서초구,단기,20251009,0600,PCP,강수없음
서초구,단기,20251009,0700,TMP,18
서초구,단기,20251009,0700,WSD,2.2
서초구,단기,20251009,0700,PCP,강수없음
서초구,단기,20251009,0800,TMP,19
서초구,단기,20251009,0800,WSD,2.2
서초구,단기,20251009,0800,PCP,강수없음
서초구,단기,20251009,0900,TMP,20
서초구,단기,20251009,0900,WSD,1.8
서초구,단기,20251009,0900,PCP,강수없음
서초구,단기,20251009,1000,TMP,20
서초구,단기,20251009,1000,WSD,2.8
서초구,단기,20251009,1000,PCP,강수없음
서초구,단기,20251009,1100,TMP,20
서초구,단기,20251009,1100,WSD,3.4
서초구,단기,20251009,1100,PCP,강수없음
서초구,단기,20251009,1200,TMP,21
서초구,단기,20251009,1200,WSD,3.3
서초구,단기,20251009,1200,PCP,강수없음
서초구,단기,20251009,1300,TMP,21
서초구,단기,20251009,1300,WSD,3
서초구,단기,20251009,1300,PCP,강수없음
서초구,단기,20251009,1400,TMP,20
서초구,단기,20251009,1400,WSD,2.7
서초구,단기,20251009,1400,PCP,강수없음
서초구,단기,20251009,1500,TMP,20
서초구,단기,20251009,1500,WSD,2.7
서초구,단기,20251009,1500,PCP,강수없음
서초구,단기,20251009,1600,TMP,20
서초구,단기,20251009,1600,WSD,2.9
서초구,단기,20251009,1600,PCP,강수없음
서초구,단기,20251009,1700,TMP,21
서초구,단기,20251009,1700,WSD,3.1
서초구,단기,20251009,1700,PCP,강수없음
서초구,단기,20251009,1800,TMP,20
서초구,단기,20251009,1800,WSD,2.7
서초구,단기,20251009,1800,PCP,강수없음
서초구,단기,20251009,1900,TMP,20
서초구,단기,20251009,1900,WSD,2.7
서초구,단기,20251009,1900,PCP,강수없음
서초구,단기,20251009,2000,TMP,20
서초구,단기,20251009,2000,WSD,2.7
서초구,단기,20251009,2000,PCP,강수없음
서초구,단기,20251009,2100,TMP,19
서초구,단기,20251009,2100,WSD,2.5
서초구,단기,20251009,2100,PCP,강수없음
서초구,단기,20251009,2200,TMP,19
서초구,단기,20251009,2200,WSD,2.6
서초구,단기,20251009,2200,PCP,강수없음
서초구,단기,20251009,2300,TMP,18
서초구,단기,20251009,2300,WSD,2.5
서초구,단기,20251009,2300,PCP,강수없음
서초구,단기,20251010,0000,TMP,18
서초구,단기,20251010,0000,WSD,2.5
서초구,단기,20251010,0000,PCP,강수없음
서초구,단기,20251010,0100,TMP,18
서초구,단기,20251010,0100,WSD,2.4
서초구,단기,20251010,0100,PCP,강수없음
서초구,단기,20251010,0200,TMP,18
서초구,단기,20251010,0200,WSD,2.3
서초구,단기,20251010,0200,PCP,강수없음
서초구,단기,20251010,0300,TMP,17
서초구,단기,20251010,0300,WSD,2.3
서초구,단기,20251010,0300,PCP,강수없음
서초구,단기,20251010,0400,TMP,18
서초구,단기,20251010,0400,WSD,2
서초구,단기,20251010,0400,PCP,강수없음
서초구,단기,20251010,0500,TMP,17
서초구,단기,20251010,0500,WSD,1.9
서초구,단기,20251010,0500,PCP,강수없음
서초구,단기,20251010,0600,TMP,17
서초구,단기,20251010,0600,WSD,2.2
서초구,단기,20251010,0600,PCP,강수없음
서초구,단기,20251010,0700,TMP,17
서초구,단기,20251010,0700,WSD,1.9
서초구,단기,20251010,0700,PCP,강수없음
서초구,단기,20251010,0800,TMP,17
서초구,단기,20251010,0800,WSD,2
서초구,단기,20251010,0800,PCP,강수없음
서초구,단기,20251010,0900,TMP,17
서초구,단기,20251010,0900,WSD,2.4
서초구,단기,20251010,0900,PCP,강수없음
서초구,단기,20251010,1000,TMP,17
서초구,단기,20251010,1000,WSD,2.3
서초구,단기,20251010,1000,PCP,강수없음
서초구,단기,20251010,1100,TMP,17
서초구,단기,20251010,1100,WSD,2
서초구,단기,20251010,1100,PCP,강수없음
서초구,단기,20251010,1200,TMP,17
서초구,단기,20251010,1200,WSD,1.5
서초구,단기,20251010,1200,PCP,강수없음
서초구,단기,20251010,1300,TMP,17
서초구,단기,20251010,1300,WSD,1.6
서초구,단기,20251010,1300,PCP,강수없음
서초구,단기,20251010,1400,TMP,17
서초구,단기,20251010,1400,WSD,1.3
서초구,단기,20251010,1400,PCP,강수없음
서초구,단기,20251010,1500,TMP,17
서초구,단기,20251010,1500,WSD,1.6
서초구,단기,20251010,1500,PCP,강수없음
서초구,단기,20251010,1600,TMP,17
서초구,단기,20251010,1600,WSD,1.8
서초구,단기,20251010,1600,PCP,강수없음
서초구,단기,20251010,1700,TMP,17
서초구,단기,20251010,1700,WSD,1.8
서초구,단기,20251010,1700,PCP,강수없음
서초구,단기,20251010,1800,TMP,17
서초구,단기,20251010,1800,WSD,1.5
서초구,단기,20251010,1800,PCP,강수없음
서초구,단기,20251010,1900,TMP,17
서초구,단기,20251010,1900,WSD,1.7
서초구,단기,20251010,1900,PCP,강수없음
서초구,단기,20251010,2000,TMP,17
서초구,단기,20251010,2000,WSD,1.6
서초구,단기,20251010,2000,PCP,강수없음
서초구,단기,20251010,2100,TMP,17
서초구,단기,20251010,2100,WSD,1.4
서초구,단기,20251010,2100,PCP,강수없음
서초구,단기,20251010,2200,TMP,17
서초구,단기,20251010,2200,WSD,1.3
서초구,단기,20251010,2200,PCP,강수없음
서초구,단기,20251010,2300,TMP,18
서초구,단기,20251010,2300,WSD,1.6
서초구,단기,20251010,2300,PCP,강수없음
서초구,단기,20251011,0000,TMP,18
서초구,단기,20251011,0000,WSD,1.2
서초구,단기,20251011,0000,PCP,강수없음
서초구,단기,20251011,0300,TMP,18
서초구,단기,20251011,0300,WSD,1
서초구,단기,20251011,0300,PCP,1
서초구,단기,20251011,0600,TMP,18
서초구,단기,20251011,0600,WSD,1
서초구,단기,20251011,0600,PCP,1
서초구,단기,20251011,0900,TMP,20
서초구,단기,20251011,0900,WSD,1
서초구,단기,20251011,0900,PCP,1
서초구,단기,20251011,1200,TMP,24
서초구,단기,20251011,1200,WSD,1
서초구,단기,20251011,1200,PCP,1
서초구,단기,20251011,1500,TMP,22
서초구,단기,20251011,1500,WSD,1
서초구,단기,20251011,1500,PCP,1
서초구,단기,20251011,1800,TMP,21
서초구,단기,20251011,1800,WSD,1
서초구,단기,20251011,1800,PCP,1
서초구,단기,20251011,2100,TMP,20
서초구,단기,20251011,2100,WSD,1
서초구,단기,20251011,2100,PCP,1
서초구,단기,20251012,0000,TMP,20
서초구,단기,20251012,0000,WSD,1
서초구,단기,20251012,0000,PCP,1
성동구,단기,20251008,1500,TMP,26
성동구,단기,20251008,1500,WSD,2.4
성동구,단기,20251008,1500,PCP,강수없음
성동구,단기,20251008,1600,TMP,26
성동구,단기,20251008,1600,WSD,2.2
성동구,단기,20251008,1600,PCP,강수없음
성동구,단기,20251008,1700,TMP,25
성동구,단기,20251008,1700,WSD,1.9
성동구,단기,20251008,1700,PCP,강수없음
성동구,단기,20251008,1800,TMP,24
성동구,단기,20251008,1800,WSD,1.6
성동구,단기,20251008,1800,PCP,강수없음
성동구,단기,20251008,1900,TMP,23
성동구,단기,20251008,1900,WSD,1.5
성동구,단기,20251008,1900,PCP,강수없음
성동구,단기,20251008,2000,TMP,22
성동구,단기,20251008,2000,WSD,1.2
성동구,단기,20251008,2000,PCP,강수없음
성동구,단기,20251008,2100,TMP,21
성동구,단기,20251008,2100,WSD,1.2
성동구,단기,20251008,2100,PCP,강수없음
성동구,단기,20251008,2200,TMP,21
성동구,단기,20251008,2200,WSD,1.3
성동구,단기,20251008,2200,PCP,강수없음
성동구,단기,20251008,2300,TMP,20
성동구,단기,20251008,2300,WSD,2.1
성동구,단기,20251008,2300,PCP,강수없음
성동구,단기,20251009,0000,TMP,20
성동구,단기,20251009,0000,WSD,2.4
성동구,단기,20251009,0000,PCP,강수없음
성동구,단기,20251009,0100,TMP,20
성동구,단기,20251009,0100,WSD,2.2
성동구,단기,20251009,0100,PCP,강수없음
성동구,단기,20251009,0200,TMP,20
성동구,단기,20251009,0200,WSD,2.3
성동구,단기,20251009,0200,PCP,강수없음
성동구,단기,20251009,0300,TMP,20
성동구,단기,20251009,0300,WSD,2.2
성동구,단기,20251009,0300,PCP,강수없음
성동구,단기,20251009,0400,TMP,20
성동구,단기,20251009,0400,WSD,2.2
성동구,단기,20251009,0400,PCP,강수없음
성동구,단기,20251009,0500,TMP,20
성동구,단기,20251009,0500,WSD,2.2
성동구,단기,20251009,0500,PCP,강수없음
성동구,단기,20251009,0600,TMP,20
성동구,단기,20251009,0600,WSD,1.9
성동구,단기,20251009,0600,PCP,강수없음
성동구,단기,20251009,0700,TMP,19
성동구,단기,20251009,0700,WSD,2.4
성동구,단기,20251009,0700,PCP,강수없음
성동구,단기,20251009,0800,TMP,19
성동구,단기,20251009,0800,WSD,2.3
성동구,단기,20251009,0800,PCP,강수없음
성동구,단기,20251009,0900,TMP,20
성동구,단기,20251009,0900,WSD,2.1
성동구,단기,20251009,0900,PCP,강수없음
성동구,단기,20251009,1000,TMP,20
성동구,단기,20251009,1000,WSD,3
성동구,단기,20251009,1000,PCP,강수없음
성동구,단기,20251009,1100,TMP,20
성동구,단기,20251009,1100,WSD,3.4
성동구,단기,20251009,1100,PCP,강수없음
성동구,단기,20251009,1200,TMP,20
성동구,단기,20251009,1200,WSD,3.3
성동구,단기,20251009,1200,PCP,강수없음
성동구,단기,20251009,1300,TMP,21
성동구,단기,20251009,1300,WSD,3.1
성동구,단기,20251009,1300,PCP,강수없음
성동구,단기,20251009,1400,TMP,20
성동구,단기,20251009,1400,WSD,2.8
성동구,단기,20251009,1400,PCP,강수없음
성동구,단기,20251009,1500,TMP,20
성동구,단기,20251009,1500,WSD,2.7
성동구,단기,20251009,1500,PCP,강수없음
성동구,단기,20251009,1600,TMP,20
성동구,단기,20251009,1600,WSD,3
성동구,단기,20251009,1600,PCP,강수없음
성동구,단기,20251009,1700,TMP,21
성동구,단기,20251009,1700,WSD,3.1
성동구,단기,20251009,1700,PCP,강수없음
성동구,단기,20251009,1800,TMP,20
성동구,단기,20251009,1800,WSD,2.8
성동구,단기,20251009,1800,PCP,강수없음
성동구,단기,20251009,1900,TMP,20
성동구,단기,20251009,1900,WSD,2.8
성동구,단기,20251009,1900,PCP,강수없음
성동구,단기,20251009,2000,TMP,20
성동구,단기,20251009,2000,WSD,2.9
성동구,단기,20251009,2000,PCP,강수없음
성동구,단기,20251009,2100,TMP,20
성동구,단기,20251009,2100,WSD,2.6
성동구,단기,20251009,2100,PCP,강수없음
성동구,단기,20251009,2200,TMP,20
성동구,단기,20251009,2200,WSD,2.7
성동구,단기,20251009,2200,PCP,강수없음
성동구,단기,20251009,2300,TMP,19
성동구,단기,20251009,2300,WSD,2.6
성동구,단기,20251009,2300,PCP,강수없음
성동구,단기,20251010,0000,TMP,19
성동구,단기,20251010,0000,WSD,2.6
성동구,단기,20251010,0000,PCP,강수없음
성동구,단기,20251010,0100,TMP,19
성동구,단기,20251010,0100,WSD,2.4
성동구,단기,20251010,0100,PCP,강수없음
성동구,단기,20251010,0200,TMP,19
성동구,단기,20251010,0200,WSD,2.3
성동구,단기,20251010,0200,PCP,강수없음
성동구,단기,20251010,0300,TMP,19
성동구,단기,20251010,0300,WSD,2.3
성동구,단기,20251010,0300,PCP,강수없음
성동구,단기,20251010,0400,TMP,19
성동구,단기,20251010,0400,WSD,2
성동구,단기,20251010,0400,PCP,강수없음
성동구,단기,20251010,0500,TMP,18
성동구,단기,20251010,0500,WSD,2
성동구,단기,20251010,0500,PCP,강수없음
성동구,단기,20251010,0600,TMP,18
성동구,단기,20251010,0600,WSD,2.2
성동구,단기,20251010,0600,PCP,강수없음
성동구,단기,20251010,0700,TMP,17
성동구,단기,20251010,0700,WSD,1.9
성동구,단기,20251010,0700,PCP,강수없음
성동구,단기,20251010,0800,TMP,17
성동구,단기,20251010,0800,WSD,2
성동구,단기,20251010,0800,PCP,강수없음
성동구,단기,20251010,0900,TMP,17
성동구,단기,20251010,0900,WSD,2.3
성동구,단기,20251010,0900,PCP,강수없음
성동구,단기,20251010,1000,TMP,17
성동구,단기,20251010,1000,WSD,2.2
성동구,단기,20251010,1000,PCP,강수없음
성동구,단기,20251010,1100,TMP,17
성동구,단기,20251010,1100,WSD,1.9
성동구,단기,20251010,1100,PCP,강수없음
성동구,단기,20251010,1200,TMP,17
성동구,단기,20251010,1200,WSD,1.6
성동구,단기,20251010,1200,PCP,강수없음
성동구,단기,20251010,1300,TMP,17
성동구,단기,20251010,1300,WSD,1.8
성동구,단기,20251010,1300,PCP,강수없음
성동구,단기,20251010,1400,TMP,17
성동구,단기,20251010,1400,WSD,1.4
성동구,단기,20251010,1400,PCP,강수없음
성동구,단기,20251010,1500,TMP,17
성동구,단기,20251010,1500,WSD,1.7
성동구,단기,20251010,1500,PCP,강수없음
성동구,단기,20251010,1600,TMP,18
성동구,단기,20251010,1600,WSD,1.9
성동구,단기,20251010,1600,PCP,강수없음
성동구,단기,20251010,1700,TMP,18
성동구,단기,20251010,1700,WSD,1.9
성동구,단기,20251010,1700,PCP,강수없음
성동구,단기,20251010,1800,TMP,17
성동구,단기,20251010,1800,WSD,1.7
성동구,단기,20251010,1800,PCP,강수없음
성동구,단기,20251010,1900,TMP,18
성동구,단기,20251010,1900,WSD,1.8
성동구,단기,20251010,1900,PCP,강수없음
성동구,단기,20251010,2000,TMP,18
성동구,단기,20251010,2000,WSD,1.7
성동구,단기,20251010,2000,PCP,강수없음
성동구,단기,20251010,2100,TMP,18
성동구,단기,20251010,2100,WSD,1.6
성동구,단기,20251010,2100,PCP,강수없음
성동구,단기,20251010,2200,TMP,18
성동구,단기,20251010,2200,WSD,1.4
성동구,단기,20251010,2200,PCP,강수없음
성동구,단기,20251010,2300,TMP,18
성동구,단기,20251010,2300,WSD,1.7
성동구,단기,20251010,2300,PCP,강수없음
성동구,단기,20251011,0000,TMP,18
성동구,단기,20251011,0000,WSD,1.4
성동구,단기,20251011,0000,PCP,강수없음
성동구,단기,20251011,0300,TMP,19
성동구,단기,20251011,0300,WSD,1
성동구,단기,20251011,0300,PCP,1
성동구,단기,20251011,0600,TMP,18
성동구,단기,20251011,0600,WSD,1
성동구,단기,20251011,0600,PCP,1
성동구,단기,20251011,0900,TMP,20
성동구,단기,20251011,0900,WSD,1
성동구,단기,20251011,0900,PCP,1
성동구,단기,20251011,1200,TMP,23
성동구,단기,20251011,1200,WSD,1
성동구,단기,20251011,1200,PCP,1
성동구,단기,20251011,1500,TMP,22
성동구,단기,20251011,1500,WSD,1
성동구,단기,20251011,1500,PCP,1
성동구,단기,20251011,1800,TMP,21
성동구,단기,20251011,1800,WSD,1
성동구,단기,20251011,1800,PCP,1
성동구,단기,20251011,2100,TMP,21
성동구,단기,20251011,2100,WSD,1
성동구,단기,20251011,2100,PCP,1
성동구,단기,20251012,0000,TMP,21
성동구,단기,20251012,0000,WSD,1
성동구,단기,20251012,0000,PCP,1
성북구,단기,20251008,1500,TMP,26
성북구,단기,20251008,1500,WSD,2.6
성북구,단기,20251008,1500,PCP,강수없음
성북구,단기,20251008,1600,TMP,26
성북구,단기,20251008,1600,WSD,2.4
성북구,단기,20251008,1600,PCP,강수없음
성북구,단기,20251008,1700,TMP,26
성북구,단기,20251008,1700,WSD,1.9
성북구,단기,20251008,1700,PCP,강수없음
성북구,단기,20251008,1800,TMP,24
성북구,단기,20251008,1800,WSD,1.7
성북구,단기,20251008,1800,PCP,강수없음
성북구,단기,20251008,1900,TMP,23
성북구,단기,20251008,1900,WSD,1.6
성북구,단기,20251008,1900,PCP,강수없음
성북구,단기,20251008,2000,TMP,22
성북구,단기,20251008,2000,WSD,1.4
성북구,단기,20251008,2000,PCP,강수없음
성북구,단기,20251008,2100,TMP,21
성북구,단기,20251008,2100,WSD,1.4
성북구,단기,20251008,2100,PCP,강수없음
성북구,단기,20251008,2200,TMP,21
성북구,단기,20251008,2200,WSD,1.6
성북구,단기,20251008,2200,PCP,강수없음
성북구,단기,20251008,2300,TMP,20
성북구,단기,20251008,2300,WSD,2.3
성북구,단기,20251008,2300,PCP,강수없음
성북구,단기,20251009,0000,TMP,20
성북구,단기,20251009,0000,WSD,2.6
성북구,단기,20251009,0000,PCP,강수없음
성북구,단기,20251009,0100,TMP,20
성북구,단기,20251009,0100,WSD,2.3
성북구,단기,20251009,0100,PCP,강수없음
성북구,단기,20251009,0200,TMP,20
성북구,단기,20251009,0200,WSD,2.4
성북구,단기,20251009,0200,PCP,강수없음
성북구,단기,20251009,0300,TMP,20
성북구,단기,20251009,0300,WSD,2.3
성북구,단기,20251009,0300,PCP,강수없음
성북구,단기,20251009,0400,TMP,20
성북구,단기,20251009,0400,WSD,2.3
성북구,단기,20251009,0400,PCP,강수없음
성북구,단기,20251009,0500,TMP,20
성북구,단기,20251009,0500,WSD,2.3
성북구,단기,20251009,0500,PCP,강수없음
성북구,단기,20251009,0600,TMP,19
성북구,단기,20251009,0600,WSD,2.1
성북구,단기,20251009,0600,PCP,강수없음
성북구,단기,20251009,0700,TMP,19
성북구,단기,20251009,0700,WSD,2.5
성북구,단기,20251009,0700,PCP,강수없음
성북구,단기,20251009,0800,TMP,19
성북구,단기,20251009,0800,WSD,2.4
성북구,단기,20251009,0800,PCP,강수없음
성북구,단기,20251009,0900,TMP,20
성북구,단기,20251009,0900,WSD,2.2
성북구,단기,20251009,0900,PCP,강수없음
성북구,단기,20251009,1000,TMP,20
성북구,단기,20251009,1000,WSD,3.1
성북구,단기,20251009,1000,PCP,강수없음
성북구,단기,20251009,1100,TMP,20
성북구,단기,20251009,1100,WSD,3.3
성북구,단기,20251009,1100,PCP,강수없음
성북구,단기,20251009,1200,TMP,20
성북구,단기,20251009,1200,WSD,3.4
성북구,단기,20251009,1200,PCP,강수없음
성북구,단기,20251009,1300,TMP,21
성북구,단기,20251009,1300,WSD,3.2
성북구,단기,20251009,1300,PCP,강수없음
성북구,단기,20251009,1400,TMP,20
성북구,단기,20251009,1400,WSD,2.9
성북구,단기,20251009,1400,PCP,강수없음
성북구,단기,20251009,1500,TMP,20
성북구,단기,20251009,1500,WSD,2.8
성북구,단기,20251009,1500,PCP,강수없음
성북구,단기,20251009,1600,TMP,21
성북구,단기,20251009,1600,WSD,3.2
성북구,단기,20251009,1600,PCP,강수없음
성북구,단기,20251009,1700,TMP,21
성북구,단기,20251009,1700,WSD,3.3
성북구,단기,20251009,1700,PCP,강수없음
성북구,단기,20251009,1800,TMP,20
성북구,단기,20251009,1800,WSD,2.8
성북구,단기,20251009,1800,PCP,강수없음
성북구,단기,20251009,1900,TMP,20
성북구,단기,20251009,1900,WSD,2.8
성북구,단기,20251009,1900,PCP,강수없음
성북구,단기,20251009,2000,TMP,20
성북구,단기,20251009,2000,WSD,3
성북구,단기,20251009,2000,PCP,강수없음
성북구,단기,20251009,2100,TMP,20
성북구,단기,20251009,2100,WSD,2.7
성북구,단기,20251009,2100,PCP,강수없음
성북구,단기,20251009,2200,TMP,19
성북구,단기,20251009,2200,WSD,2.8
성북구,단기,20251009,2200,PCP,강수없음
성북구,단기,20251009,2300,TMP,19
성북구,단기,20251009,2300,WSD,2.7
성북구,단기,20251009,2300,PCP,강수없음
성북구,단기,20251010,0000,TMP,19
성북구,단기,20251010,0000,WSD,2.7
성북구,단기,20251010,0000,PCP,강수없음
성북구,단기,20251010,0100,TMP,19
성북구,단기,20251010,0100,WSD,2.4
성북구,단기,20251010,0100,PCP,강수없음
성북구,단기,20251010,0200,TMP,19
성북구,단기,20251010,0200,WSD,2.3
성북구,단기,20251010,0200,PCP,강수없음
성북구,단기,20251010,0300,TMP,18
성북구,단기,20251010,0300,WSD,2.4
성북구,단기,20251010,0300,PCP,강수없음
성북구,단기,20251010,0400,TMP,18
성북구,단기,20251010,0400,WSD,2
성북구,단기,20251010,0400,PCP,강수없음
성북구,단기,20251010,0500,TMP,18
성북구,단기,20251010,0500,WSD,2
성북구,단기,20251010,0500,PCP,강수없음
성북구,단기,20251010,0600,TMP,17
성북구,단기,20251010,0600,WSD,2.2
성북구,단기,20251010,0600,PCP,강수없음
성북구,단기,20251010,0700,TMP,17
성북구,단기,20251010,0700,WSD,1.9
성북구,단기,20251010,0700,PCP,강수없음
성북구,단기,20251010,0800,TMP,17
성북구,단기,20251010,0800,WSD,2
성북구,단기,20251010,0800,PCP,강수없음
성북구,단기,20251010,0900,TMP,17
성북구,단기,20251010,0900,WSD,2.3
성북구,단기,20251010,0900,PCP,강수없음
성북구,단기,20251010,1000,TMP,17
성북구,단기,20251010,1000,WSD,2.2
성북구,단기,20251010,1000,PCP,강수없음
성북구,단기,20251010,1100,TMP,17
성북구,단기,20251010,1100,WSD,2
성북구,단기,20251010,1100,PCP,강수없음
성북구,단기,20251010,1200,TMP,17
성북구,단기,20251010,1200,WSD,1.6
성북구,단기,20251010,1200,PCP,강수없음
성북구,단기,20251010,1300,TMP,17
성북구,단기,20251010,1300,WSD,1.9
성북구,단기,20251010,1300,PCP,강수없음
성북구,단기,20251010,1400,TMP,17
성북구,단기,20251010,1400,WSD,1.5
성북구,단기,20251010,1400,PCP,강수없음
성북구,단기,20251010,1500,TMP,17
성북구,단기,20251010,1500,WSD,1.7
성북구,단기,20251010,1500,PCP,강수없음
성북구,단기,20251010,1600,TMP,18
성북구,단기,20251010,1600,WSD,2
성북구,단기,20251010,1600,PCP,강수없음
성북구,단기,20251010,1700,TMP,18
성북구,단기,20251010,1700,WSD,2
성북구,단기,20251010,1700,PCP,강수없음
성북구,단기,20251010,1800,TMP,17
성북구,단기,20251010,1800,WSD,1.7
성북구,단기,20251010,1800,PCP,강수없음
성북구,단기,20251010,1900,TMP,18
성북구,단기,20251010,1900,WSD,1.8
성북구,단기,20251010,1900,PCP,강수없음
성북구,단기,20251010,2000,TMP,18
성북구,단기,20251010,2000,WSD,1.9
성북구,단기,20251010,2000,PCP,강수없음
성북구,단기,20251010,2100,TMP,17
성북구,단기,20251010,2100,WSD,1.7
성북구,단기,20251010,2100,PCP,강수없음
성북구,단기,20251010,2200,TMP,18
성북구,단기,20251010,2200,WSD,1.4
성북구,단기,20251010,2200,PCP,강수없음
성북구,단기,20251010,2300,TMP,18
성북구,단기,20251010,2300,WSD,1.8
성북구,단기,20251010,2300,PCP,강수없음
성북구,단기,20251011,0000,TMP,18
성북구,단기,20251011,0000,WSD,1.5
성북구,단기,20251011,0000,PCP,강수없음
성북구,단기,20251011,0300,TMP,18
성북구,단기,20251011,0300,WSD,1
성북구,단기,20251011,0300,PCP,1
성북구,단기,20251011,0600,TMP,18
성북구,단기,20251011,0600,WSD,1
성북구,단기,20251011,0600,PCP,1
성북구,단기,20251011,0900,TMP,19
성북구,단기,20251011,0900,WSD,1
성북구,단기,20251011,0900,PCP,1
성북구,단기,20251011,1200,TMP,23
성북구,단기,20251011,1200,WSD,1
성북구,단기,20251011,1200,PCP,1
성북구,단기,20251011,1500,TMP,22
성북구,단기,20251011,1500,WSD,1
성북구,단기,20251011,1500,PCP,1
성북구,단기,20251011,1800,TMP,21
성북구,단기,20251011,1800,WSD,1
성북구,단기,20251011,1800,PCP,1
성북구,단기,20251011,2100,TMP,21
성북구,단기,20251011,2100,WSD,1
성북구,단기,20251011,2100,PCP,1
성북구,단기,20251012,0000,TMP,20
성북구,단기,20251012,0000,WSD,1
성북구,단기,20251012,0000,PCP,1
송파구,단기,20251008,1500,TMP,26
송파구,단기,20251008,1500,WSD,2.5
송파구,단기,20251008,1500,PCP,강수없음
송파구,단기,20251008,1600,TMP,26
송파구,단기,20251008,1600,WSD,2.3
송파구,단기,20251008,1600,PCP,강수없음
송파구,단기,20251008,1700,TMP,25
송파구,단기,20251008,1700,WSD,1.9
송파구,단기,20251008,1700,PCP,강수없음
송파구,단기,20251008,1800,TMP,23
송파구,단기,20251008,1800,WSD,1.6
송파구,단기,20251008,1800,PCP,강수없음
송파구,단기,20251008,1900,TMP,23
송파구,단기,20251008,1900,WSD,1.4
송파구,단기,20251008,1900,PCP,강수없음
송파구,단기,20251008,2000,TMP,22
송파구,단기,20251008,2000,WSD,1
송파구,단기,20251008,2000,PCP,강수없음
송파구,단기,20251008,2100,TMP,21
송파구,단기,20251008,2100,WSD,0.9
송파구,단기,20251008,2100,PCP,강수없음
송파구,단기,20251008,2200,TMP,20
송파구,단기,20251008,2200,WSD,1.4
송파구,단기,20251008,2200,PCP,강수없음
송파구,단기,20251008,2300,TMP,20
송파구,단기,20251008,2300,WSD,2.1
송파구,단기,20251008,2300,PCP,강수없음
송파구,단기,20251009,0000,TMP,20
송파구,단기,20251009,0000,WSD,2.3
송파구,단기,20251009,0000,PCP,강수없음
송파구,단기,20251009,0100,TMP,20
송파구,단기,20251009,0100,WSD,2.2
송파구,단기,20251009,0100,PCP,강수없음
송파구,단기,20251009,0200,TMP,20
송파구,단기,20251009,0200,WSD,2.2
송파구,단기,20251009,0200,PCP,강수없음
송파구,단기,20251009,0300,TMP,20
송파구,단기,20251009,0300,WSD,2.1
송파구,단기,20251009,0300,PCP,강수없음
송파구,단기,20251009,0400,TMP,20
송파구,단기,20251009,0400,WSD,2.2
송파구,단기,20251009,0400,PCP,강수없음
송파구,단기,20251009,0500,TMP,20
송파구,단기,20251009,0500,WSD,2.2
송파구,단기,20251009,0500,PCP,강수없음
송파구,단기,20251009,0600,TMP,19
송파구,단기,20251009,0600,WSD,2
송파구,단기,20251009,0600,PCP,강수없음
송파구,단기,20251009,0700,TMP,19
송파구,단기,20251009,0700,WSD,2.2
송파구,단기,20251009,0700,PCP,강수없음
송파구,단기,20251009,0800,TMP,19
송파구,단기,20251009,0800,WSD,2.3
송파구,단기,20251009,0800,PCP,강수없음
송파구,단기,20251009,0900,TMP,20
송파구,단기,20251009,0900,WSD,2
송파구,단기,20251009,0900,PCP,강수없음
송파구,단기,20251009,1000,TMP,20
송파구,단기,20251009,1000,WSD,2.8
송파구,단기,20251009,1000,PCP,강수없음
송파구,단기,20251009,1100,TMP,20
송파구,단기,20251009,1100,WSD,3.5
송파구,단기,20251009,1100,PCP,강수없음
송파구,단기,20251009,1200,TMP,21
송파구,단기,20251009,1200,WSD,3.4
송파구,단기,20251009,1200,PCP,강수없음
송파구,단기,20251009,1300,TMP,22
송파구,단기,20251009,1300,WSD,3.1
송파구,단기,20251009,1300,PCP,강수없음
송파구,단기,20251009,1400,TMP,21
송파구,단기,20251009,1400,WSD,2.7
송파구,단기,20251009,1400,PCP,강수없음
송파구,단기,20251009,1500,TMP,21
송파구,단기,20251009,1500,WSD,2.7
송파구,단기,20251009,1500,PCP,강수없음
송파구,단기,20251009,1600,TMP,22
송파구,단기,20251009,1600,WSD,3
송파구,단기,20251009,1600,PCP,강수없음
송파구,단기,20251009,1700,TMP,22
송파구,단기,20251009,1700,WSD,3.2
송파구,단기,20251009,1700,PCP,강수없음
송파구,단기,20251009,1800,TMP,21
송파구,단기,20251009,1800,WSD,2.7
송파구,단기,20251009,1800,PCP,강수없음
송파구,단기,20251009,1900,TMP,20
송파구,단기,20251009,1900,WSD,2.8
송파구,단기,20251009,1900,PCP,강수없음
송파구,단기,20251009,2000,TMP,20
송파구,단기,20251009,2000,WSD,2.8
송파구,단기,20251009,2000,PCP,강수없음
송파구,단기,20251009,2100,TMP,20
송파구,단기,20251009,2100,WSD,2.6
송파구,단기,20251009,2100,PCP,강수없음
송파구,단기,20251009,2200,TMP,19
송파구,단기,20251009,2200,WSD,2.6
송파구,단기,20251009,2200,PCP,강수없음
송파구,단기,20251009,2300,TMP,19
송파구,단기,20251009,2300,WSD,2.5
송파구,단기,20251009,2300,PCP,강수없음
송파구,단기,20251010,0000,TMP,19
송파구,단기,20251010,0000,WSD,2.6
송파구,단기,20251010,0000,PCP,강수없음
송파구,단기,20251010,0100,TMP,19
송파구,단기,20251010,0100,WSD,2.4
송파구,단기,20251010,0100,PCP,강수없음
송파구,단기,20251010,0200,TMP,19
송파구,단기,20251010,0200,WSD,2.3
송파구,단기,20251010,0200,PCP,강수없음
송파구,단기,20251010,0300,TMP,18
송파구,단기,20251010,0300,WSD,2.3
송파구,단기,20251010,0300,PCP,강수없음
송파구,단기,20251010,0400,TMP,18
송파구,단기,20251010,0400,WSD,2.1
송파구,단기,20251010,0400,PCP,강수없음
송파구,단기,20251010,0500,TMP,18
송파구,단기,20251010,0500,WSD,2
송파구,단기,20251010,0500,PCP,강수없음
송파구,단기,20251010,0600,TMP,18
송파구,단기,20251010,0600,WSD,2.3
송파구,단기,20251010,0600,PCP,강수없음
송파구,단기,20251010,0700,TMP,17
송파구,단기,20251010,0700,WSD,2
송파구,단기,20251010,0700,PCP,강수없음
송파구,단기,20251010,0800,TMP,17
송파구,단기,20251010,0800,WSD,2.1
송파구,단기,20251010,0800,PCP,강수없음
송파구,단기,20251010,0900,TMP,17
송파구,단기,20251010,0900,WSD,2.4
송파구,단기,20251010,0900,PCP,강수없음
송파구,단기,20251010,1000,TMP,17
송파구,단기,20251010,1000,WSD,2.3
송파구,단기,20251010,1000,PCP,강수없음
송파구,단기,20251010,1100,TMP,18
송파구,단기,20251010,1100,WSD,2
송파구,단기,20251010,1100,PCP,강수없음
송파구,단기,20251010,1200,TMP,17
송파구,단기,20251010,1200,WSD,1.7
송파구,단기,20251010,1200,PCP,강수없음
송파구,단기,20251010,1300,TMP,18
송파구,단기,20251010,1300,WSD,1.7
송파구,단기,20251010,1300,PCP,강수없음
송파구,단기,20251010,1400,TMP,17
송파구,단기,20251010,1400,WSD,1.2
송파구,단기,20251010,1400,PCP,강수없음
송파구,단기,20251010,1500,TMP,18
송파구,단기,20251010,1500,WSD,1.6
송파구,단기,20251010,1500,PCP,강수없음
송파구,단기,20251010,1600,TMP,18
송파구,단기,20251010,1600,WSD,1.8
송파구,단기,20251010,1600,PCP,강수없음
송파구,단기,20251010,1700,TMP,18
송파구,단기,20251010,1700,WSD,1.8
송파구,단기,20251010,1700,PCP,강수없음
송파구,단기,20251010,1800,TMP,18
송파구,단기,20251010,1800,WSD,1.6
송파구,단기,20251010,1800,PCP,강수없음
송파구,단기,20251010,1900,TMP,18
송파구,단기,20251010,1900,WSD,1.8
송파구,단기,20251010,1900,PCP,강수없음
송파구,단기,20251010,2000,TMP,18
송파구,단기,20251010,2000,WSD,1.7
송파구,단기,20251010,2000,PCP,강수없음
송파구,단기,20251010,2100,TMP,18
송파구,단기,20251010,2100,WSD,1.5
송파구,단기,20251010,2100,PCP,강수없음
송파구,단기,20251010,2200,TMP,18
송파구,단기,20251010,2200,WSD,1.3
송파구,단기,20251010,2200,PCP,강수없음
송파구,단기,20251010,2300,TMP,18
송파구,단기,20251010,2300,WSD,1.6
송파구,단기,20251010,2300,PCP,강수없음
송파구,단기,20251011,0000,TMP,19
송파구,단기,20251011,0000,WSD,1.3
송파구,단기,20251011,0000,PCP,강수없음
송파구,단기,20251011,0300,TMP,18
송파구,단기,20251011,0300,WSD,1
송파구,단기,20251011,0300,PCP,1
송파구,단기,20251011,0600,TMP,18
송파구,단기,20251011,0600,WSD,1
송파구,단기,20251011,0600,PCP,1
송파구,단기,20251011,0900,TMP,20
송파구,단기,20251011,0900,WSD,1
송파구,단기,20251011,0900,PCP,1
송파구,단기,20251011,1200,TMP,24
송파구,단기,20251011,1200,WSD,1
송파구,단기,20251011,1200,PCP,1
송파구,단기,20251011,1500,TMP,23
송파구,단기,20251011,1500,WSD,1
송파구,단기,20251011,1500,PCP,1
송파구,단기,20251011,1800,TMP,21
송파구,단기,20251011,1800,WSD,1
송파구,단기,20251011,1800,PCP,1
송파구,단기,20251011,2100,TMP,21
송파구,단기,20251011,2100,WSD,1
송파구,단기,20251011,2100,PCP,1
송파구,단기,20251012,0000,TMP,21
송파구,단기,20251012,0000,WSD,1
송파구,단기,20251012,0000,PCP,1
양천구,단기,20251008,1500,TMP,26
양천구,단기,20251008,1500,WSD,2.9
양천구,단기,20251008,1500,PCP,강수없음
양천구,단기,20251008,1600,TMP,26
양천구,단기,20251008,1600,WSD,2.6
양천구,단기,20251008,1600,PCP,강수없음
양천구,단기,20251008,1700,TMP,25
양천구,단기,20251008,1700,WSD,2.2
양천구,단기,20251008,1700,PCP,강수없음
양천구,단기,20251008,1800,TMP,24
양천구,단기,20251008,1800,WSD,1.8
양천구,단기,20251008,1800,PCP,강수없음
양천구,단기,20251008,1900,TMP,23
양천구,단기,20251008,1900,WSD,1.7
양천구,단기,20251008,1900,PCP,강수없음
양천구,단기,20251008,2000,TMP,22
양천구,단기,20251008,2000,WSD,1.7
양천구,단기,20251008,2000,PCP,강수없음
양천구,단기,20251008,2100,TMP,21
양천구,단기,20251008,2100,WSD,1.8
양천구,단기,20251008,2100,PCP,강수없음
양천구,단기,20251008,2200,TMP,21
양천구,단기,20251008,2200,WSD,1.2
양천구,단기,20251008,2200,PCP,강수없음
양천구,단기,20251008,2300,TMP,20
양천구,단기,20251008,2300,WSD,1.6
양천구,단기,20251008,2300,PCP,강수없음
양천구,단기,20251009,0000,TMP,20
양천구,단기,20251009,0000,WSD,2.5
양천구,단기,20251009,0000,PCP,강수없음
양천구,단기,20251009,0100,TMP,20
양천구,단기,20251009,0100,WSD,2
양천구,단기,20251009,0100,PCP,강수없음
양천구,단기,20251009,0200,TMP,20
양천구,단기,20251009,0200,WSD,2.2
양천구,단기,20251009,0200,PCP,강수없음
양천구,단기,20251009,0300,TMP,20
양천구,단기,20251009,0300,WSD,2.1
양천구,단기,20251009,0300,PCP,강수없음
양천구,단기,20251009,0400,TMP,20
양천구,단기,20251009,0400,WSD,2
양천구,단기,20251009,0400,PCP,강수없음
양천구,단기,20251009,0500,TMP,20
양천구,단기,20251009,0500,WSD,2.1
양천구,단기,20251009,0500,PCP,강수없음
양천구,단기,20251009,0600,TMP,20
양천구,단기,20251009,0600,WSD,1.9
양천구,단기,20251009,0600,PCP,강수없음
양천구,단기,20251009,0700,TMP,19
양천구,단기,20251009,0700,WSD,2.2
양천구,단기,20251009,0700,PCP,강수없음
양천구,단기,20251009,0800,TMP,19
양천구,단기,20251009,0800,WSD,2
양천구,단기,20251009,0800,PCP,강수없음
양천구,단기,20251009,0900,TMP,20
양천구,단기,20251009,0900,WSD,1.8
양천구,단기,20251009,0900,PCP,강수없음
양천구,단기,20251009,1000,TMP,19
양천구,단기,20251009,1000,WSD,2.7
양천구,단기,20251009,1000,PCP,강수없음
양천구,단기,20251009,1100,TMP,19
양천구,단기,20251009,1100,WSD,3.3
양천구,단기,20251009,1100,PCP,강수없음
양천구,단기,20251009,1200,TMP,20
양천구,단기,20251009,1200,WSD,3.2
양천구,단기,20251009,1200,PCP,강수없음
양천구,단기,20251009,1300,TMP,20
양천구,단기,20251009,1300,WSD,2.8
양천구,단기,20251009,1300,PCP,강수없음
양천구,단기,20251009,1400,TMP,20
양천구,단기,20251009,1400,WSD,2.4
양천구,단기,20251009,1400,PCP,강수없음
양천구,단기,20251009,1500,TMP,20
양천구,단기,20251009,1500,WSD,2.4
양천구,단기,20251009,1500,PCP,강수없음
양천구,단기,20251009,1600,TMP,21
양천구,단기,20251009,1600,WSD,2.7
양천구,단기,20251009,1600,PCP,강수없음
양천구,단기,20251009,1700,TMP,21
양천구,단기,20251009,1700,WSD,3
양천구,단기,20251009,1700,PCP,강수없음
양천구,단기,20251009,1800,TMP,20
양천구,단기,20251009,1800,WSD,2.8
양천구,단기,20251009,1800,PCP,강수없음
양천구,단기,20251009,1900,TMP,20
양천구,단기,20251009,1900,WSD,2.8
양천구,단기,20251009,1900,PCP,강수없음
양천구,단기,20251009,2000,TMP,20
양천구,단기,20251009,2000,WSD,3
양천구,단기,20251009,2000,PCP,강수없음
양천구,단기,20251009,2100,TMP,20
양천구,단기,20251009,2100,WSD,2.6
양천구,단기,20251009,2100,PCP,강수없음
양천구,단기,20251009,2200,TMP,20
양천구,단기,20251009,2200,WSD,2.6
양천구,단기,20251009,2200,PCP,강수없음
양천구,단기,20251009,2300,TMP,19
양천구,단기,20251009,2300,WSD,2.6
양천구,단기,20251009,2300,PCP,강수없음
양천구,단기,20251010,0000,TMP,19
양천구,단기,20251010,0000,WSD,2.6
양천구,단기,20251010,0000,PCP,강수없음
양천구,단기,20251010,0100,TMP,19
양천구,단기,20251010,0100,WSD,2.4
양천구,단기,20251010,0100,PCP,강수없음
양천구,단기,20251010,0200,TMP,19
양천구,단기,20251010,0200,WSD,2.4
양천구,단기,20251010,0200,PCP,강수없음
양천구,단기,20251010,0300,TMP,18
양천구,단기,20251010,0300,WSD,2.4
양천구,단기,20251010,0300,PCP,강수없음
양천구,단기,20251010,0400,TMP,18
양천구,단기,20251010,0400,WSD,2
양천구,단기,20251010,0400,PCP,강수없음
양천구,단기,20251010,0500,TMP,18
양천구,단기,20251010,0500,WSD,2
양천구,단기,20251010,0500,PCP,강수없음
양천구,단기,20251010,0600,TMP,18
양천구,단기,20251010,0600,WSD,2.1
양천구,단기,20251010,0600,PCP,강수없음
양천구,단기,20251010,0700,TMP,17
양천구,단기,20251010,0700,WSD,1.9
양천구,단기,20251010,0700,PCP,강수없음
양천구,단기,20251010,0800,TMP,17
양천구,단기,20251010,0800,WSD,1.9
양천구,단기,20251010,0800,PCP,강수없음
양천구,단기,20251010,0900,TMP,17
양천구,단기,20251010,0900,WSD,2.4
양천구,단기,20251010,0900,PCP,강수없음
양천구,단기,20251010,1000,TMP,17
양천구,단기,20251010,1000,WSD,2.2
양천구,단기,20251010,1000,PCP,강수없음
양천구,단기,20251010,1100,TMP,16
양천구,단기,20251010,1100,WSD,1.8
양천구,단기,20251010,1100,PCP,강수없음
양천구,단기,20251010,1200,TMP,17
양천구,단기,20251010,1200,WSD,1.7
양천구,단기,20251010,1200,PCP,강수없음
양천구,단기,20251010,1300,TMP,17
양천구,단기,20251010,1300,WSD,1.7
양천구,단기,20251010,1300,PCP,강수없음
양천구,단기,20251010,1400,TMP,17
양천구,단기,20251010,1400,WSD,1.4
양천구,단기,20251010,1400,PCP,강수없음
양천구,단기,20251010,1500,TMP,17
양천구,단기,20251010,1500,WSD,1.8
양천구,단기,20251010,1500,PCP,강수없음
양천구,단기,20251010,1600,TMP,17
양천구,단기,20251010,1600,WSD,1.9
양천구,단기,20251010,1600,PCP,강수없음
양천구,단기,20251010,1700,TMP,18
양천구,단기,20251010,1700,WSD,1.9
양천구,단기,20251010,1700,PCP,강수없음
양천구,단기,20251010,1800,TMP,18
양천구,단기,20251010,1800,WSD,1.5
양천구,단기,20251010,1800,PCP,강수없음
양천구,단기,20251010,1900,TMP,18
양천구,단기,20251010,1900,WSD,1.7
양천구,단기,20251010,1900,PCP,강수없음
양천구,단기,20251010,2000,TMP,18
양천구,단기,20251010,2000,WSD,1.7
양천구,단기,20251010,2000,PCP,강수없음
양천구,단기,20251010,2100,TMP,18
양천구,단기,20251010,2100,WSD,1.5
양천구,단기,20251010,2100,PCP,강수없음
양천구,단기,20251010,2200,TMP,18
양천구,단기,20251010,2200,WSD,1.5
양천구,단기,20251010,2200,PCP,강수없음
양천구,단기,20251010,2300,TMP,18
양천구,단기,20251010,2300,WSD,1.8
양천구,단기,20251010,2300,PCP,강수없음
양천구,단기,20251011,0000,TMP,18
양천구,단기,20251011,0000,WSD,1.6
양천구,단기,20251011,0000,PCP,강수없음
양천구,단기,20251011,0300,TMP,19
양천구,단기,20251011,0300,WSD,1
양천구,단기,20251011,0300,PCP,1
양천구,단기,20251011,0600,TMP,19
양천구,단기,20251011,0600,WSD,1
양천구,단기,20251011,0600,PCP,1
양천구,단기,20251011,0900,TMP,20
양천구,단기,20251011,0900,WSD,1
양천구,단기,20251011,0900,PCP,1
양천구,단기,20251011,1200,TMP,23
양천구,단기,20251011,1200,WSD,1
양천구,단기,20251011,1200,PCP,1
양천구,단기,20251011,1500,TMP,22
양천구,단기,20251011,1500,WSD,1
양천구,단기,20251011,1500,PCP,1
양천구,단기,20251011,1800,TMP,21
양천구,단기,20251011,1800,WSD,1
양천구,단기,20251011,1800,PCP,1
양천구,단기,20251011,2100,TMP,21
양천구,단기,20251011,2100,WSD,1
양천구,단기,20251011,2100,PCP,1
양천구,단기,20251012,0000,TMP,20
양천구,단기,20251012,0000,WSD,1
양천구,단기,20251012,0000,PCP,0
영등포구,단기,20251008,1500,TMP,26
영등포구,단기,20251008,1500,WSD,2.9
영등포구,단기,20251008,1500,PCP,강수없음
영등포구,단기,20251008,1600,TMP,26
영등포구,단기,20251008,1600,WSD,2.6
영등포구,단기,20251008,1600,PCP,강수없음
영등포구,단기,20251008,1700,TMP,25
영등포구,단기,20251008,1700,WSD,2.2
영등포구,단기,20251008,1700,PCP,강수없음
영등포구,단기,20251008,1800,TMP,24
영등포구,단기,20251008,1800,WSD,1.8
영등포구,단기,20251008,1800,PCP,강수없음
영등포구,단기,20251008,1900,TMP,23
영등포구,단기,20251008,1900,WSD,1.7
영등포구,단기,20251008,1900,PCP,강수없음
영등포구,단기,20251008,2000,TMP,22
영등포구,단기,20251008,2000,WSD,1.7
영등포구,단기,20251008,2000,PCP,강수없음
영등포구,단기,20251008,2100,TMP,21
영등포구,단기,20251008,2100,WSD,1.8
영등포구,단기,20251008,2100,PCP,강수없음
영등포구,단기,20251008,2200,TMP,21
영등포구,단기,20251008,2200,WSD,1.2
영등포구,단기,20251008,2200,PCP,강수없음
영등포구,단기,20251008,2300,TMP,20
영등포구,단기,20251008,2300,WSD,1.6
영등포구,단기,20251008,2300,PCP,강수없음
영등포구,단기,20251009,0000,TMP,20
영등포구,단기,20251009,0000,WSD,2.5
영등포구,단기,20251009,0000,PCP,강수없음
영등포구,단기,20251009,0100,TMP,20
영등포구,단기,20251009,0100,WSD,2
영등포구,단기,20251009,0100,PCP,강수없음
영등포구,단기,20251009,0200,TMP,20
영등포구,단기,20251009,0200,WSD,2.2
영등포구,단기,20251009,0200,PCP,강수없음
영등포구,단기,20251009,0300,TMP,20
영등포구,단기,20251009,0300,WSD,2.1
영등포구,단기,20251009,0300,PCP,강수없음
영등포구,단기,20251009,0400,TMP,20
영등포구,단기,20251009,0400,WSD,2
영등포구,단기,20251009,0400,PCP,강수없음
영등포구,단기,20251009,0500,TMP,20
영등포구,단기,20251009,0500,WSD,2.1
영등포구,단기,20251009,0500,PCP,강수없음
영등포구,단기,20251009,0600,TMP,20
영등포구,단기,20251009,0600,WSD,1.9
영등포구,단기,20251009,0600,PCP,강수없음
영등포구,단기,20251009,0700,TMP,19
영등포구,단기,20251009,0700,WSD,2.2
영등포구,단기,20251009,0700,PCP,강수없음
영등포구,단기,20251009,0800,TMP,19
영등포구,단기,20251009,0800,WSD,2
영등포구,단기,20251009,0800,PCP,강수없음
영등포구,단기,20251009,0900,TMP,20
영등포구,단기,20251009,0900,WSD,1.8
영등포구,단기,20251009,0900,PCP,강수없음
영등포구,단기,20251009,1000,TMP,19
영등포구,단기,20251009,1000,WSD,2.7
영등포구,단기,20251009,1000,PCP,강수없음
영등포구,단기,20251009,1100,TMP,19
영등포구,단기,20251009,1100,WSD,3.3
영등포구,단기,20251009,1100,PCP,강수없음
영등포구,단기,20251009,1200,TMP,20
영등포구,단기,20251009,1200,WSD,3.2
영등포구,단기,20251009,1200,PCP,강수없음
영등포구,단기,20251009,1300,TMP,20
영등포구,단기,20251009,1300,WSD,2.8
영등포구,단기,20251009,1300,PCP,강수없음
영등포구,단기,20251009,1400,TMP,20
영등포구,단기,20251009,1400,WSD,2.4
영등포구,단기,20251009,1400,PCP,강수없음
영등포구,단기,20251009,1500,TMP,20
영등포구,단기,20251009,1500,WSD,2.4
영등포구,단기,20251009,1500,PCP,강수없음
영등포구,단기,20251009,1600,TMP,21
영등포구,단기,20251009,1600,WSD,2.7
영등포구,단기,20251009,1600,PCP,강수없음
영등포구,단기,20251009,1700,TMP,21
영등포구,단기,20251009,1700,WSD,3
영등포구,단기,20251009,1700,PCP,강수없음
영등포구,단기,20251009,1800,TMP,20
영등포구,단기,20251009,1800,WSD,2.8
영등포구,단기,20251009,1800,PCP,강수없음
영등포구,단기,20251009,1900,TMP,20
영등포구,단기,20251009,1900,WSD,2.8
영등포구,단기,20251009,1900,PCP,강수없음
영등포구,단기,20251009,2000,TMP,20
영등포구,단기,20251009,2000,WSD,3
영등포구,단기,20251009,2000,PCP,강수없음
영등포구,단기,20251009,2100,TMP,20
영등포구,단기,20251009,2100,WSD,2.6
영등포구,단기,20251009,2100,PCP,강수없음
영등포구,단기,20251009,2200,TMP,20
영등포구,단기,20251009,2200,WSD,2.6
영등포구,단기,20251009,2200,PCP,강수없음
영등포구,단기,20251009,2300,TMP,19
영등포구,단기,20251009,2300,WSD,2.6
영등포구,단기,20251009,2300,PCP,강수없음
영등포구,단기,20251010,0000,TMP,19
영등포구,단기,20251010,0000,WSD,2.6
영등포구,단기,20251010,0000,PCP,강수없음
영등포구,단기,20251010,0100,TMP,19
영등포구,단기,20251010,0100,WSD,2.4
영등포구,단기,20251010,0100,PCP,강수없음
영등포구,단기,20251010,0200,TMP,19
영등포구,단기,20251010,0200,WSD,2.4
영등포구,단기,20251010,0200,PCP,강수없음
영등포구,단기,20251010,0300,TMP,18
영등포구,단기,20251010,0300,WSD,2.4
영등포구,단기,20251010,0300,PCP,강수없음
영등포구,단기,20251010,0400,TMP,18
영등포구,단기,20251010,0400,WSD,2
영등포구,단기,20251010,0400,PCP,강수없음
영등포구,단기,20251010,0500,TMP,18
영등포구,단기,20251010,0500,WSD,2
영등포구,단기,20251010,0500,PCP,강수없음
영등포구,단기,20251010,0600,TMP,18
영등포구,단기,20251010,0600,WSD,2.1
영등포구,단기,20251010,0600,PCP,강수없음
영등포구,단기,20251010,0700,TMP,17
영등포구,단기,20251010,0700,WSD,1.9
영등포구,단기,20251010,0700,PCP,강수없음
영등포구,단기,20251010,0800,TMP,17
영등포구,단기,20251010,0800,WSD,1.9
영등포구,단기,20251010,0800,PCP,강수없음
영등포구,단기,20251010,0900,TMP,17
영등포구,단기,20251010,0900,WSD,2.4
영등포구,단기,20251010,0900,PCP,강수없음
영등포구,단기,20251010,1000,TMP,17
영등포구,단기,20251010,1000,WSD,2.2
영등포구,단기,20251010,1000,PCP,강수없음
영등포구,단기,20251010,1100,TMP,16
영등포구,단기,20251010,1100,WSD,1.8
영등포구,단기,20251010,1100,PCP,강수없음
영등포구,단기,20251010,1200,TMP,17
영등포구,단기,20251010,1200,WSD,1.7
영등포구,단기,20251010,1200,PCP,강수없음
영등포구,단기,20251010,1300,TMP,17
영등포구,단기,20251010,1300,WSD,1.7
영등포구,단기,20251010,1300,PCP,강수없음
영등포구,단기,20251010,1400,TMP,17
영등포구,단기,20251010,1400,WSD,1.4
영등포구,단기,20251010,1400,PCP,강수없음
영등포구,단기,20251010,1500,TMP,17
영등포구,단기,20251010,1500,WSD,1.8
영등포구,단기,20251010,1500,PCP,강수없음
영등포구,단기,20251010,1600,TMP,17
영등포구,단기,20251010,1600,WSD,1.9
영등포구,단기,20251010,1600,PCP,강수없음
영등포구,단기,20251010,1700,TMP,18
영등포구,단기,20251010,1700,WSD,1.9
영등포구,단기,20251010,1700,PCP,강수없음
영등포구,단기,20251010,1800,TMP,18
영등포구,단기,20251010,1800,WSD,1.5
영등포구,단기,20251010,1800,PCP,강수없음
영등포구,단기,20251010,1900,TMP,18
영등포구,단기,20251010,1900,WSD,1.7
영등포구,단기,20251010,1900,PCP,강수없음
영등포구,단기,20251010,2000,TMP,18
영등포구,단기,20251010,2000,WSD,1.7
영등포구,단기,20251010,2000,PCP,강수없음
영등포구,단기,20251010,2100,TMP,18
영등포구,단기,20251010,2100,WSD,1.5
영등포구,단기,20251010,2100,PCP,강수없음
영등포구,단기,20251010,2200,TMP,18
영등포구,단기,20251010,2200,WSD,1.5
영등포구,단기,20251010,2200,PCP,강수없음
영등포구,단기,20251010,2300,TMP,18
영등포구,단기,20251010,2300,WSD,1.8
영등포구,단기,20251010,2300,PCP,강수없음
영등포구,단기,20251011,0000,TMP,18
영등포구,단기,20251011,0000,WSD,1.6
영등포구,단기,20251011,0000,PCP,강수없음
영등포구,단기,20251011,0300,TMP,19
영등포구,단기,20251011,0300,WSD,1
영등포구,단기,20251011,0300,PCP,1
영등포구,단기,20251011,0600,TMP,19
영등포구,단기,20251011,0600,WSD,1
영등포구,단기,20251011,0600,PCP,1
영등포구,단기,20251011,0900,TMP,20
영등포구,단기,20251011,0900,WSD,1
영등포구,단기,20251011,0900,PCP,1
영등포구,단기,20251011,1200,TMP,23
영등포구,단기,20251011,1200,WSD,1
영등포구,단기,20251011,1200,PCP,1
영등포구,단기,20251011,1500,TMP,22
영등포구,단기,20251011,1500,WSD,1
영등포구,단기,20251011,1500,PCP,1
영등포구,단기,20251011,1800,TMP,21
영등포구,단기,20251011,1800,WSD,1
영등포구,단기,20251011,1800,PCP,1
영등포구,단기,20251011,2100,TMP,21
영등포구,단기,20251011,2100,WSD,1
영등포구,단기,20251011,2100,PCP,1
영등포구,단기,20251012,0000,TMP,20
영등포구,단기,20251012,0000,WSD,1
영등포구,단기,20251012,0000,PCP,0
은평구,단기,20251008,1500,TMP,25
은평구,단기,20251008,1500,WSD,2.9
은평구,단기,20251008,1500,PCP,강수없음
은평구,단기,20251008,1600,TMP,24
은평구,단기,20251008,1600,WSD,2.6
은평구,단기,20251008,1600,PCP,강수없음
은평구,단기,20251008,1700,TMP,24
은평구,단기,20251008,1700,WSD,2.1
은평구,단기,20251008,1700,PCP,강수없음
은평구,단기,20251008,1800,TMP,22
은평구,단기,20251008,1800,WSD,1.8
은평구,단기,20251008,1800,PCP,강수없음
은평구,단기,20251008,1900,TMP,21
은평구,단기,20251008,1900,WSD,1.8
은평구,단기,20251008,1900,PCP,강수없음
은평구,단기,20251008,2000,TMP,21
은평구,단기,20251008,2000,WSD,1.7
은평구,단기,20251008,2000,PCP,강수없음
은평구,단기,20251008,2100,TMP,20
은평구,단기,20251008,2100,WSD,1.7
은평구,단기,20251008,2100,PCP,강수없음
은평구,단기,20251008,2200,TMP,20
은평구,단기,20251008,2200,WSD,1.3
은평구,단기,20251008,2200,PCP,강수없음
은평구,단기,20251008,2300,TMP,20
은평구,단기,20251008,2300,WSD,1.9
은평구,단기,20251008,2300,PCP,강수없음
은평구,단기,20251009,0000,TMP,19
은평구,단기,20251009,0000,WSD,2.7
은평구,단기,20251009,0000,PCP,강수없음
은평구,단기,20251009,0100,TMP,20
은평구,단기,20251009,0100,WSD,2.2
은평구,단기,20251009,0100,PCP,강수없음
은평구,단기,20251009,0200,TMP,20
은평구,단기,20251009,0200,WSD,2.4
은평구,단기,20251009,0200,PCP,강수없음
은평구,단기,20251009,0300,TMP,19
은평구,단기,20251009,0300,WSD,2.2
은평구,단기,20251009,0300,PCP,강수없음
은평구,단기,20251009,0400,TMP,19
은평구,단기,20251009,0400,WSD,2.2
은평구,단기,20251009,0400,PCP,강수없음
은평구,단기,20251009,0500,TMP,19
은평구,단기,20251009,0500,WSD,2.2
은평구,단기,20251009,0500,PCP,강수없음
은평구,단기,20251009,0600,TMP,19
은평구,단기,20251009,0600,WSD,2.1
은평구,단기,20251009,0600,PCP,강수없음
은평구,단기,20251009,0700,TMP,18
은평구,단기,20251009,0700,WSD,2.4
은평구,단기,20251009,0700,PCP,강수없음
은평구,단기,20251009,0800,TMP,19
은평구,단기,20251009,0800,WSD,2.1
은평구,단기,20251009,0800,PCP,강수없음
은평구,단기,20251009,0900,TMP,19
은평구,단기,20251009,0900,WSD,1.9
은평구,단기,20251009,0900,PCP,강수없음
은평구,단기,20251009,1000,TMP,19
은평구,단기,20251009,1000,WSD,2.9
은평구,단기,20251009,1000,PCP,강수없음
은평구,단기,20251009,1100,TMP,19
은평구,단기,20251009,1100,WSD,3.2
은평구,단기,20251009,1100,PCP,강수없음
은평구,단기,20251009,1200,TMP,20
은평구,단기,20251009,1200,WSD,3.4
은평구,단기,20251009,1200,PCP,강수없음
은평구,단기,20251009,1300,TMP,20
은평구,단기,20251009,1300,WSD,3
은평구,단기,20251009,1300,PCP,강수없음
은평구,단기,20251009,1400,TMP,19
은평구,단기,20251009,1400,WSD,2.8
은평구,단기,20251009,1400,PCP,강수없음
은평구,단기,20251009,1500,TMP,20
은평구,단기,20251009,1500,WSD,2.5
은평구,단기,20251009,1500,PCP,강수없음
은평구,단기,20251009,1600,TMP,20
은평구,단기,20251009,1600,WSD,3
은평구,단기,20251009,1600,PCP,강수없음
은평구,단기,20251009,1700,TMP,20
은평구,단기,20251009,1700,WSD,3.1
은평구,단기,20251009,1700,PCP,강수없음
은평구,단기,20251009,1800,TMP,19
은평구,단기,20251009,1800,WSD,2.7
은평구,단기,20251009,1800,PCP,강수없음
은평구,단기,20251009,1900,TMP,19
은평구,단기,20251009,1900,WSD,2.8
은평구,단기,20251009,1900,PCP,강수없음
은평구,단기,20251009,2000,TMP,19
은평구,단기,20251009,2000,WSD,3.1
은평구,단기,20251009,2000,PCP,강수없음
은평구,단기,20251009,2100,TMP,18
은평구,단기,20251009,2100,WSD,2.7
은평구,단기,20251009,2100,PCP,강수없음
은평구,단기,20251009,2200,TMP,19
은평구,단기,20251009,2200,WSD,2.8
은평구,단기,20251009,2200,PCP,강수없음
은평구,단기,20251009,2300,TMP,18
은평구,단기,20251009,2300,WSD,2.7
은평구,단기,20251009,2300,PCP,강수없음
은평구,단기,20251010,0000,TMP,18
은평구,단기,20251010,0000,WSD,2.7
은평구,단기,20251010,0000,PCP,강수없음
은평구,단기,20251010,0100,TMP,18
은평구,단기,20251010,0100,WSD,2.4
은평구,단기,20251010,0100,PCP,강수없음
은평구,단기,20251010,0200,TMP,18
은평구,단기,20251010,0200,WSD,2.4
은평구,단기,20251010,0200,PCP,강수없음
은평구,단기,20251010,0300,TMP,17
은평구,단기,20251010,0300,WSD,2.5
은평구,단기,20251010,0300,PCP,강수없음
은평구,단기,20251010,0400,TMP,17
은평구,단기,20251010,0400,WSD,2
은평구,단기,20251010,0400,PCP,강수없음
은평구,단기,20251010,0500,TMP,17
은평구,단기,20251010,0500,WSD,2.1
은평구,단기,20251010,0500,PCP,강수없음
은평구,단기,20251010,0600,TMP,17
은평구,단기,20251010,0600,WSD,2.2
은평구,단기,20251010,0600,PCP,강수없음
은평구,단기,20251010,0700,TMP,16
은평구,단기,20251010,0700,WSD,1.9
은평구,단기,20251010,0700,PCP,강수없음
은평구,단기,20251010,0800,TMP,16
은평구,단기,20251010,0800,WSD,2
은평구,단기,20251010,0800,PCP,강수없음
은평구,단기,20251010,0900,TMP,16
은평구,단기,20251010,0900,WSD,2.5
은평구,단기,20251010,0900,PCP,강수없음
은평구,단기,20251010,1000,TMP,16
은평구,단기,20251010,1000,WSD,2.2
은평구,단기,20251010,1000,PCP,강수없음
은평구,단기,20251010,1100,TMP,16
은평구,단기,20251010,1100,WSD,1.9
은평구,단기,20251010,1100,PCP,강수없음
은평구,단기,20251010,1200,TMP,16
은평구,단기,20251010,1200,WSD,1.7
은평구,단기,20251010,1200,PCP,강수없음
은평구,단기,20251010,1300,TMP,16
은평구,단기,20251010,1300,WSD,1.8
은평구,단기,20251010,1300,PCP,강수없음
은평구,단기,20251010,1400,TMP,16
은평구,단기,20251010,1400,WSD,1.5
은평구,단기,20251010,1400,PCP,강수없음
은평구,단기,20251010,1500,TMP,16
은평구,단기,20251010,1500,WSD,1.8
은평구,단기,20251010,1500,PCP,강수없음
은평구,단기,20251010,1600,TMP,16
은평구,단기,20251010,1600,WSD,1.9
은평구,단기,20251010,1600,PCP,강수없음
은평구,단기,20251010,1700,TMP,16
은평구,단기,20251010,1700,WSD,2
은평구,단기,20251010,1700,PCP,강수없음
은평구,단기,20251010,1800,TMP,16
은평구,단기,20251010,1800,WSD,1.7
은평구,단기,20251010,1800,PCP,강수없음
은평구,단기,20251010,1900,TMP,16
은평구,단기,20251010,1900,WSD,1.8
은평구,단기,20251010,1900,PCP,강수없음
은평구,단기,20251010,2000,TMP,16
은평구,단기,20251010,2000,WSD,1.8
은평구,단기,20251010,2000,PCP,강수없음
은평구,단기,20251010,2100,TMP,16
은평구,단기,20251010,2100,WSD,1.7
은평구,단기,20251010,2100,PCP,강수없음
은평구,단기,20251010,2200,TMP,17
은평구,단기,20251010,2200,WSD,1.4
은평구,단기,20251010,2200,PCP,강수없음
은평구,단기,20251010,2300,TMP,17
은평구,단기,20251010,2300,WSD,1.8
은평구,단기,20251010,2300,PCP,강수없음
은평구,단기,20251011,0000,TMP,17
은평구,단기,20251011,0000,WSD,1.7
은평구,단기,20251011,0000,PCP,강수없음
은평구,단기,20251011,0300,TMP,18
은평구,단기,20251011,0300,WSD,1
은평구,단기,20251011,0300,PCP,1
은평구,단기,20251011,0600,TMP,18
은평구,단기,20251011,0600,WSD,1
은평구,단기,20251011,0600,PCP,1
은평구,단기,20251011,0900,TMP,19
은평구,단기,20251011,0900,WSD,1
은평구,단기,20251011,0900,PCP,1
은평구,단기,20251011,1200,TMP,23
은평구,단기,20251011,1200,WSD,1
은평구,단기,20251011,1200,PCP,1
은평구,단기,20251011,1500,TMP,21
은평구,단기,20251011,1500,WSD,2
은평구,단기,20251011,1500,PCP,1
은평구,단기,20251011,1800,TMP,20
은평구,단기,20251011,1800,WSD,1
은평구,단기,20251011,1800,PCP,1
은평구,단기,20251011,2100,TMP,20
은평구,단기,20251011,2100,WSD,1
은평구,단기,20251011,2100,PCP,1
은평구,단기,20251012,0000,TMP,20
은평구,단기,20251012,0000,WSD,1
은평구,단기,20251012,0000,PCP,0
종로구,단기,20251008,1500,TMP,25
종로구,단기,20251008,1500,WSD,2.7
종로구,단기,20251008,1500,PCP,강수없음
종로구,단기,20251008,1600,TMP,26
종로구,단기,20251008,1600,WSD,2.5
종로구,단기,20251008,1600,PCP,강수없음
종로구,단기,20251008,1700,TMP,25
종로구,단기,20251008,1700,WSD,2
종로구,단기,20251008,1700,PCP,강수없음
종로구,단기,20251008,1800,TMP,23
종로구,단기,20251008,1800,WSD,1.7
종로구,단기,20251008,1800,PCP,강수없음
종로구,단기,20251008,1900,TMP,22
종로구,단기,20251008,1900,WSD,1.6
종로구,단기,20251008,1900,PCP,강수없음
종로구,단기,20251008,2000,TMP,21
종로구,단기,20251008,2000,WSD,1.6
종로구,단기,20251008,2000,PCP,강수없음
종로구,단기,20251008,2100,TMP,20
종로구,단기,20251008,2100,WSD,1.6
종로구,단기,20251008,2100,PCP,강수없음
종로구,단기,20251008,2200,TMP,20
종로구,단기,20251008,2200,WSD,1.4
종로구,단기,20251008,2200,PCP,강수없음
종로구,단기,20251008,2300,TMP,19
종로구,단기,20251008,2300,WSD,2.1
종로구,단기,20251008,2300,PCP,강수없음
종로구,단기,20251009,0000,TMP,19
종로구,단기,20251009,0000,WSD,2.6
종로구,단기,20251009,0000,PCP,강수없음
종로구,단기,20251009,0100,TMP,19
종로구,단기,20251009,0100,WSD,2.2
종로구,단기,20251009,0100,PCP,강수없음
종로구,단기,20251009,0200,TMP,19
종로구,단기,20251009,0200,WSD,2.4
종로구,단기,20251009,0200,PCP,강수없음
종로구,단기,20251009,0300,TMP,19
종로구,단기,20251009,0300,WSD,2.2
종로구,단기,20251009,0300,PCP,강수없음
종로구,단기,20251009,0400,TMP,19
종로구,단기,20251009,0400,WSD,2.2
종로구,단기,20251009,0400,PCP,강수없음
종로구,단기,20251009,0500,TMP,19
종로구,단기,20251009,0500,WSD,2.3
종로구,단기,20251009,0500,PCP,강수없음
종로구,단기,20251009,0600,TMP,19
종로구,단기,20251009,0600,WSD,2.1
종로구,단기,20251009,0600,PCP,강수없음
종로구,단기,20251009,0700,TMP,18
종로구,단기,20251009,0700,WSD,2.5
종로구,단기,20251009,0700,PCP,강수없음
종로구,단기,20251009,0800,TMP,18
종로구,단기,20251009,0800,WSD,2.3
종로구,단기,20251009,0800,PCP,강수없음
종로구,단기,20251009,0900,TMP,19
종로구,단기,20251009,0900,WSD,2
종로구,단기,20251009,0900,PCP,강수없음
종로구,단기,20251009,1000,TMP,19
종로구,단기,20251009,1000,WSD,3
종로구,단기,20251009,1000,PCP,강수없음
종로구,단기,20251009,1100,TMP,19
종로구,단기,20251009,1100,WSD,3.2
종로구,단기,20251009,1100,PCP,강수없음
종로구,단기,20251009,1200,TMP,19
종로구,단기,20251009,1200,WSD,3.4
종로구,단기,20251009,1200,PCP,강수없음
종로구,단기,20251009,1300,TMP,20
종로구,단기,20251009,1300,WSD,3.2
종로구,단기,20251009,1300,PCP,강수없음
종로구,단기,20251009,1400,TMP,20
종로구,단기,20251009,1400,WSD,2.9
종로구,단기,20251009,1400,PCP,강수없음
종로구,단기,20251009,1500,TMP,20
종로구,단기,20251009,1500,WSD,2.6
종로구,단기,20251009,1500,PCP,강수없음
종로구,단기,20251009,1600,TMP,20
종로구,단기,20251009,1600,WSD,3.1
종로구,단기,20251009,1600,PCP,강수없음
종로구,단기,20251009,1700,TMP,21
종로구,단기,20251009,1700,WSD,3.2
종로구,단기,20251009,1700,PCP,강수없음
종로구,단기,20251009,1800,TMP,20
종로구,단기,20251009,1800,WSD,2.8
종로구,단기,20251009,1800,PCP,강수없음
종로구,단기,20251009,1900,TMP,19
종로구,단기,20251009,1900,WSD,2.8
종로구,단기,20251009,1900,PCP,강수없음
종로구,단기,20251009,2000,TMP,19
종로구,단기,20251009,2000,WSD,3
종로구,단기,20251009,2000,PCP,강수없음
종로구,단기,20251009,2100,TMP,19
종로구,단기,20251009,2100,WSD,2.7
종로구,단기,20251009,2100,PCP,강수없음
종로구,단기,20251009,2200,TMP,19
종로구,단기,20251009,2200,WSD,2.8
종로구,단기,20251009,2200,PCP,강수없음
종로구,단기,20251009,2300,TMP,18
종로구,단기,20251009,2300,WSD,2.7
종로구,단기,20251009,2300,PCP,강수없음
종로구,단기,20251010,0000,TMP,18
종로구,단기,20251010,0000,WSD,2.6
종로구,단기,20251010,0000,PCP,강수없음
종로구,단기,20251010,0100,TMP,18
종로구,단기,20251010,0100,WSD,2.4
종로구,단기,20251010,0100,PCP,강수없음
종로구,단기,20251010,0200,TMP,18
종로구,단기,20251010,0200,WSD,2.3
종로구,단기,20251010,0200,PCP,강수없음
종로구,단기,20251010,0300,TMP,17
종로구,단기,20251010,0300,WSD,2.4
종로구,단기,20251010,0300,PCP,강수없음
종로구,단기,20251010,0400,TMP,17
종로구,단기,20251010,0400,WSD,2
종로구,단기,20251010,0400,PCP,강수없음
종로구,단기,20251010,0500,TMP,17
종로구,단기,20251010,0500,WSD,2
종로구,단기,20251010,0500,PCP,강수없음
종로구,단기,20251010,0600,TMP,17
종로구,단기,20251010,0600,WSD,2.2
종로구,단기,20251010,0600,PCP,강수없음
종로구,단기,20251010,0700,TMP,16
종로구,단기,20251010,0700,WSD,1.8
종로구,단기,20251010,0700,PCP,강수없음
종로구,단기,20251010,0800,TMP,16
종로구,단기,20251010,0800,WSD,2
종로구,단기,20251010,0800,PCP,강수없음
종로구,단기,20251010,0900,TMP,16
종로구,단기,20251010,0900,WSD,2.4
종로구,단기,20251010,0900,PCP,강수없음
종로구,단기,20251010,1000,TMP,17
종로구,단기,20251010,1000,WSD,2.1
종로구,단기,20251010,1000,PCP,강수없음
종로구,단기,20251010,1100,TMP,16
종로구,단기,20251010,1100,WSD,1.9
종로구,단기,20251010,1100,PCP,강수없음
종로구,단기,20251010,1200,TMP,16
종로구,단기,20251010,1200,WSD,1.6
종로구,단기,20251010,1200,PCP,강수없음
종로구,단기,20251010,1300,TMP,16
종로구,단기,20251010,1300,WSD,1.8
종로구,단기,20251010,1300,PCP,강수없음
종로구,단기,20251010,1400,TMP,16
종로구,단기,20251010,1400,WSD,1.4
종로구,단기,20251010,1400,PCP,강수없음
종로구,단기,20251010,1500,TMP,16
종로구,단기,20251010,1500,WSD,1.7
종로구,단기,20251010,1500,PCP,강수없음
종로구,단기,20251010,1600,TMP,16
종로구,단기,20251010,1600,WSD,2
종로구,단기,20251010,1600,PCP,강수없음
종로구,단기,20251010,1700,TMP,17
종로구,단기,20251010,1700,WSD,1.9
종로구,단기,20251010,1700,PCP,강수없음
종로구,단기,20251010,1800,TMP,17
종로구,단기,20251010,1800,WSD,1.7
종로구,단기,20251010,1800,PCP,강수없음
종로구,단기,20251010,1900,TMP,17
종로구,단기,20251010,1900,WSD,1.8
종로구,단기,20251010,1900,PCP,강수없음
종로구,단기,20251010,2000,TMP,17
종로구,단기,20251010,2000,WSD,1.8
종로구,단기,20251010,2000,PCP,강수없음
종로구,단기,20251010,2100,TMP,17
종로구,단기,20251010,2100,WSD,1.6
종로구,단기,20251010,2100,PCP,강수없음
종로구,단기,20251010,2200,TMP,17
종로구,단기,20251010,2200,WSD,1.4
종로구,단기,20251010,2200,PCP,강수없음
종로구,단기,20251010,2300,TMP,17
종로구,단기,20251010,2300,WSD,1.8
종로구,단기,20251010,2300,PCP,강수없음
종로구,단기,20251011,0000,TMP,17
종로구,단기,20251011,0000,WSD,1.6
종로구,단기,20251011,0000,PCP,강수없음
종로구,단기,20251011,0300,TMP,18
종로구,단기,20251011,0300,WSD,1
종로구,단기,20251011,0300,PCP,1
종로구,단기,20251011,0600,TMP,18
종로구,단기,20251011,0600,WSD,1
종로구,단기,20251011,0600,PCP,1
종로구,단기,20251011,0900,TMP,18
종로구,단기,20251011,0900,WSD,1
종로구,단기,20251011,0900,PCP,1
종로구,단기,20251011,1200,TMP,22
종로구,단기,20251011,1200,WSD,1
종로구,단기,20251011,1200,PCP,1
종로구,단기,20251011,1500,TMP,21
종로구,단기,20251011,1500,WSD,2
종로구,단기,20251011,1500,PCP,1
종로구,단기,20251011,1800,TMP,20
종로구,단기,20251011,1800,WSD,1
종로구,단기,20251011,1800,PCP,1
종로구,단기,20251011,2100,TMP,20
종로구,단기,20251011,2100,WSD,1
종로구,단기,20251011,2100,PCP,1
종로구,단기,20251012,0000,TMP,20
종로구,단기,20251012,0000,WSD,1
종로구,단기,20251012,0000,PCP,1
중구,단기,20251008,1500,TMP,26
중구,단기,20251008,1500,WSD,2.6
중구,단기,20251008,1500,PCP,강수없음
중구,단기,20251008,1600,TMP,26
중구,단기,20251008,1600,WSD,2.3
중구,단기,20251008,1600,PCP,강수없음
중구,단기,20251008,1700,TMP,25
중구,단기,20251008,1700,WSD,2
중구,단기,20251008,1700,PCP,강수없음
중구,단기,20251008,1800,TMP,24
중구,단기,20251008,1800,WSD,1.7
중구,단기,20251008,1800,PCP,강수없음
중구,단기,20251008,1900,TMP,23
중구,단기,20251008,1900,WSD,1.6
중구,단기,20251008,1900,PCP,강수없음
중구,단기,20251008,2000,TMP,22
중구,단기,20251008,2000,WSD,1.4
중구,단기,20251008,2000,PCP,강수없음
중구,단기,20251008,2100,TMP,21
중구,단기,20251008,2100,WSD,1.4
중구,단기,20251008,2100,PCP,강수없음
중구,단기,20251008,2200,TMP,21
중구,단기,20251008,2200,WSD,1.2
중구,단기,20251008,2200,PCP,강수없음
중구,단기,20251008,2300,TMP,20
중구,단기,20251008,2300,WSD,1.9
중구,단기,20251008,2300,PCP,강수없음
중구,단기,20251009,0000,TMP,20
중구,단기,20251009,0000,WSD,2.4
중구,단기,20251009,0000,PCP,강수없음
중구,단기,20251009,0100,TMP,20
중구,단기,20251009,0100,WSD,2.1
중구,단기,20251009,0100,PCP,강수없음
중구,단기,20251009,0200,TMP,20
중구,단기,20251009,0200,WSD,2.3
중구,단기,20251009,0200,PCP,강수없음
중구,단기,20251009,0300,TMP,20
중구,단기,20251009,0300,WSD,2.1
중구,단기,20251009,0300,PCP,강수없음
중구,단기,20251009,0400,TMP,20
중구,단기,20251009,0400,WSD,2.1
중구,단기,20251009,0400,PCP,강수없음
중구,단기,20251009,0500,TMP,20
중구,단기,20251009,0500,WSD,2.1
중구,단기,20251009,0500,PCP,강수없음
중구,단기,20251009,0600,TMP,20
중구,단기,20251009,0600,WSD,1.9
중구,단기,20251009,0600,PCP,강수없음
중구,단기,20251009,0700,TMP,19
중구,단기,20251009,0700,WSD,2.4
중구,단기,20251009,0700,PCP,강수없음
중구,단기,20251009,0800,TMP,19
중구,단기,20251009,0800,WSD,2.2
중구,단기,20251009,0800,PCP,강수없음
중구,단기,20251009,0900,TMP,19
중구,단기,20251009,0900,WSD,1.9
중구,단기,20251009,0900,PCP,강수없음
중구,단기,20251009,1000,TMP,19
중구,단기,20251009,1000,WSD,2.9
중구,단기,20251009,1000,PCP,강수없음
중구,단기,20251009,1100,TMP,20
중구,단기,20251009,1100,WSD,3.3
중구,단기,20251009,1100,PCP,강수없음
중구,단기,20251009,1200,TMP,20
중구,단기,20251009,1200,WSD,3.3
중구,단기,20251009,1200,PCP,강수없음
중구,단기,20251009,1300,TMP,21
중구,단기,20251009,1300,WSD,3
중구,단기,20251009,1300,PCP,강수없음
중구,단기,20251009,1400,TMP,20
중구,단기,20251009,1400,WSD,2.8
중구,단기,20251009,1400,PCP,강수없음
중구,단기,20251009,1500,TMP,20
중구,단기,20251009,1500,WSD,2.7
중구,단기,20251009,1500,PCP,강수없음
중구,단기,20251009,1600,TMP,21
중구,단기,20251009,1600,WSD,2.9
중구,단기,20251009,1600,PCP,강수없음
중구,단기,20251009,1700,TMP,21
중구,단기,20251009,1700,WSD,3.2
중구,단기,20251009,1700,PCP,강수없음
중구,단기,20251009,1800,TMP,21
중구,단기,20251009,1800,WSD,2.7
중구,단기,20251009,1800,PCP,강수없음
중구,단기,20251009,1900,TMP,20
중구,단기,20251009,1900,WSD,2.8
중구,단기,20251009,1900,PCP,강수없음
중구,단기,20251009,2000,TMP,20
중구,단기,20251009,2000,WSD,2.9
중구,단기,20251009,2000,PCP,강수없음
중구,단기,20251009,2100,TMP,20
중구,단기,20251009,2100,WSD,2.5
중구,단기,20251009,2100,PCP,강수없음
중구,단기,20251009,2200,TMP,19
중구,단기,20251009,2200,WSD,2.6
중구,단기,20251009,2200,PCP,강수없음
중구,단기,20251009,2300,TMP,19
중구,단기,20251009,2300,WSD,2.6
중구,단기,20251009,2300,PCP,강수없음
중구,단기,20251010,0000,TMP,19
중구,단기,20251010,0000,WSD,2.5
중구,단기,20251010,0000,PCP,강수없음
중구,단기,20251010,0100,TMP,19
중구,단기,20251010,0100,WSD,2.3
중구,단기,20251010,0100,PCP,강수없음
중구,단기,20251010,0200,TMP,18
중구,단기,20251010,0200,WSD,2.3
중구,단기,20251010,0200,PCP,강수없음
중구,단기,20251010,0300,TMP,18
중구,단기,20251010,0300,WSD,2.3
중구,단기,20251010,0300,PCP,강수없음
중구,단기,20251010,0400,TMP,18
중구,단기,20251010,0400,WSD,1.9
중구,단기,20251010,0400,PCP,강수없음
중구,단기,20251010,0500,TMP,18
중구,단기,20251010,0500,WSD,1.9
중구,단기,20251010,0500,PCP,강수없음
중구,단기,20251010,0600,TMP,17
중구,단기,20251010,0600,WSD,2.1
중구,단기,20251010,0600,PCP,강수없음
중구,단기,20251010,0700,TMP,17
중구,단기,20251010,0700,WSD,1.8
중구,단기,20251010,0700,PCP,강수없음
중구,단기,20251010,0800,TMP,17
중구,단기,20251010,0800,WSD,1.9
중구,단기,20251010,0800,PCP,강수없음
중구,단기,20251010,0900,TMP,17
중구,단기,20251010,0900,WSD,2.2
중구,단기,20251010,0900,PCP,강수없음
중구,단기,20251010,1000,TMP,17
중구,단기,20251010,1000,WSD,2.1
중구,단기,20251010,1000,PCP,강수없음
중구,단기,20251010,1100,TMP,17
중구,단기,20251010,1100,WSD,1.9
중구,단기,20251010,1100,PCP,강수없음
중구,단기,20251010,1200,TMP,17
중구,단기,20251010,1200,WSD,1.5
중구,단기,20251010,1200,PCP,강수없음
중구,단기,20251010,1300,TMP,17
중구,단기,20251010,1300,WSD,1.8
중구,단기,20251010,1300,PCP,강수없음
중구,단기,20251010,1400,TMP,17
중구,단기,20251010,1400,WSD,1.4
중구,단기,20251010,1400,PCP,강수없음
중구,단기,20251010,1500,TMP,17
중구,단기,20251010,1500,WSD,1.7
중구,단기,20251010,1500,PCP,강수없음
중구,단기,20251010,1600,TMP,17
중구,단기,20251010,1600,WSD,1.9
중구,단기,20251010,1600,PCP,강수없음
중구,단기,20251010,1700,TMP,17
중구,단기,20251010,1700,WSD,1.8
중구,단기,20251010,1700,PCP,강수없음
중구,단기,20251010,1800,TMP,17
중구,단기,20251010,1800,WSD,1.6
중구,단기,20251010,1800,PCP,강수없음
중구,단기,20251010,1900,TMP,17
중구,단기,20251010,1900,WSD,1.8
중구,단기,20251010,1900,PCP,강수없음
중구,단기,20251010,2000,TMP,18
중구,단기,20251010,2000,WSD,1.7
중구,단기,20251010,2000,PCP,강수없음
중구,단기,20251010,2100,TMP,17
중구,단기,20251010,2100,WSD,1.6
중구,단기,20251010,2100,PCP,강수없음
중구,단기,20251010,2200,TMP,18
중구,단기,20251010,2200,WSD,1.4
중구,단기,20251010,2200,PCP,강수없음
중구,단기,20251010,2300,TMP,18
중구,단기,20251010,2300,WSD,1.7
중구,단기,20251010,2300,PCP,강수없음
중구,단기,20251011,0000,TMP,18
중구,단기,20251011,0000,WSD,1.4
중구,단기,20251011,0000,PCP,강수없음
중구,단기,20251011,0300,TMP,18
중구,단기,20251011,0300,WSD,1
중구,단기,20251011,0300,PCP,1
중구,단기,20251011,0600,TMP,18
중구,단기,20251011,0600,WSD,1
중구,단기,20251011,0600,PCP,1
중구,단기,20251011,0900,TMP,20
중구,단기,20251011,0900,WSD,1
중구,단기,20251011,0900,PCP,1
중구,단기,20251011,1200,TMP,22
중구,단기,20251011,1200,WSD,1
중구,단기,20251011,1200,PCP,1
중구,단기,20251011,1500,TMP,22
중구,단기,20251011,1500,WSD,1
중구,단기,20251011,1500,PCP,1
중구,단기,20251011,1800,TMP,21
중구,단기,20251011,1800,WSD,1
중구,단기,20251011,1800,PCP,1
중구,단기,20251011,2100,TMP,21
중구,단기,20251011,2100,WSD,1
중구,단기,20251011,2100,PCP,1
중구,단기,20251012,0000,TMP,20
중구,단기,20251012,0000,WSD,1
중구,단기,20251012,0000,PCP,1
중랑구,단기,20251008,1500,TMP,26
중랑구,단기,20251008,1500,WSD,2.4
중랑구,단기,20251008,1500,PCP,강수없음
중랑구,단기,20251008,1600,TMP,26
중랑구,단기,20251008,1600,WSD,2.3
중랑구,단기,20251008,1600,PCP,강수없음
중랑구,단기,20251008,1700,TMP,25
중랑구,단기,20251008,1700,WSD,1.8
중랑구,단기,20251008,1700,PCP,강수없음
중랑구,단기,20251008,1800,TMP,23
중랑구,단기,20251008,1800,WSD,1.6
중랑구,단기,20251008,1800,PCP,강수없음
중랑구,단기,20251008,1900,TMP,23
중랑구,단기,20251008,1900,WSD,1.5
중랑구,단기,20251008,1900,PCP,강수없음
중랑구,단기,20251008,2000,TMP,22
중랑구,단기,20251008,2000,WSD,1.3
중랑구,단기,20251008,2000,PCP,강수없음
중랑구,단기,20251008,2100,TMP,21
중랑구,단기,20251008,2100,WSD,1.3
중랑구,단기,20251008,2100,PCP,강수없음
중랑구,단기,20251008,2200,TMP,21
중랑구,단기,20251008,2200,WSD,1.9
중랑구,단기,20251008,2200,PCP,강수없음
중랑구,단기,20251008,2300,TMP,21
중랑구,단기,20251008,2300,WSD,2.4
중랑구,단기,20251008,2300,PCP,강수없음
중랑구,단기,20251009,0000,TMP,20
중랑구,단기,20251009,0000,WSD,2.6
중랑구,단기,20251009,0000,PCP,강수없음
중랑구,단기,20251009,0100,TMP,20
중랑구,단기,20251009,0100,WSD,2.4
중랑구,단기,20251009,0100,PCP,강수없음
중랑구,단기,20251009,0200,TMP,20
중랑구,단기,20251009,0200,WSD,2.5
중랑구,단기,20251009,0200,PCP,강수없음
중랑구,단기,20251009,0300,TMP,20
중랑구,단기,20251009,0300,WSD,2.4
중랑구,단기,20251009,0300,PCP,강수없음
중랑구,단기,20251009,0400,TMP,20
중랑구,단기,20251009,0400,WSD,2.5
중랑구,단기,20251009,0400,PCP,강수없음
중랑구,단기,20251009,0500,TMP,20
중랑구,단기,20251009,0500,WSD,2.4
중랑구,단기,20251009,0500,PCP,강수없음
중랑구,단기,20251009,0600,TMP,20
중랑구,단기,20251009,0600,WSD,2.1
중랑구,단기,20251009,0600,PCP,강수없음
중랑구,단기,20251009,0700,TMP,19
중랑구,단기,20251009,0700,WSD,2.5
중랑구,단기,20251009,0700,PCP,강수없음
중랑구,단기,20251009,0800,TMP,19
중랑구,단기,20251009,0800,WSD,2.5
중랑구,단기,20251009,0800,PCP,강수없음
중랑구,단기,20251009,0900,TMP,19
중랑구,단기,20251009,0900,WSD,2.3
중랑구,단기,20251009,0900,PCP,강수없음
중랑구,단기,20251009,1000,TMP,19
중랑구,단기,20251009,1000,WSD,3.2
중랑구,단기,20251009,1000,PCP,강수없음
중랑구,단기,20251009,1100,TMP,20
중랑구,단기,20251009,1100,WSD,3.5
중랑구,단기,20251009,1100,PCP,강수없음
중랑구,단기,20251009,1200,TMP,20
중랑구,단기,20251009,1200,WSD,3.3
중랑구,단기,20251009,1200,PCP,강수없음
중랑구,단기,20251009,1300,TMP,20
중랑구,단기,20251009,1300,WSD,3.2
중랑구,단기,20251009,1300,PCP,강수없음
중랑구,단기,20251009,1400,TMP,20
중랑구,단기,20251009,1400,WSD,2.8
중랑구,단기,20251009,1400,PCP,강수없음
중랑구,단기,20251009,1500,TMP,20
중랑구,단기,20251009,1500,WSD,2.9
중랑구,단기,20251009,1500,PCP,강수없음
중랑구,단기,20251009,1600,TMP,21
중랑구,단기,20251009,1600,WSD,3.3
중랑구,단기,20251009,1600,PCP,강수없음
중랑구,단기,20251009,1700,TMP,21
중랑구,단기,20251009,1700,WSD,3.3
중랑구,단기,20251009,1700,PCP,강수없음
중랑구,단기,20251009,1800,TMP,20
중랑구,단기,20251009,1800,WSD,2.8
중랑구,단기,20251009,1800,PCP,강수없음
중랑구,단기,20251009,1900,TMP,20
중랑구,단기,20251009,1900,WSD,2.9
중랑구,단기,20251009,1900,PCP,강수없음
중랑구,단기,20251009,2000,TMP,20
중랑구,단기,20251009,2000,WSD,3
중랑구,단기,20251009,2000,PCP,강수없음
중랑구,단기,20251009,2100,TMP,20
중랑구,단기,20251009,2100,WSD,2.7
중랑구,단기,20251009,2100,PCP,강수없음
중랑구,단기,20251009,2200,TMP,19
중랑구,단기,20251009,2200,WSD,2.8
중랑구,단기,20251009,2200,PCP,강수없음
중랑구,단기,20251009,2300,TMP,19
중랑구,단기,20251009,2300,WSD,2.7
중랑구,단기,20251009,2300,PCP,강수없음
중랑구,단기,20251010,0000,TMP,19
중랑구,단기,20251010,0000,WSD,2.7
중랑구,단기,20251010,0000,PCP,강수없음
중랑구,단기,20251010,0100,TMP,19
중랑구,단기,20251010,0100,WSD,2.5
중랑구,단기,20251010,0100,PCP,강수없음
중랑구,단기,20251010,0200,TMP,18
중랑구,단기,20251010,0200,WSD,2.4
중랑구,단기,20251010,0200,PCP,강수없음
중랑구,단기,20251010,0300,TMP,18
중랑구,단기,20251010,0300,WSD,2.4
중랑구,단기,20251010,0300,PCP,강수없음
중랑구,단기,20251010,0400,TMP,18
중랑구,단기,20251010,0400,WSD,2.1
중랑구,단기,20251010,0400,PCP,강수없음
중랑구,단기,20251010,0500,TMP,18
중랑구,단기,20251010,0500,WSD,2
중랑구,단기,20251010,0500,PCP,강수없음
중랑구,단기,20251010,0600,TMP,18
중랑구,단기,20251010,0600,WSD,2.3
중랑구,단기,20251010,0600,PCP,강수없음
중랑구,단기,20251010,0700,TMP,17
중랑구,단기,20251010,0700,WSD,1.9
중랑구,단기,20251010,0700,PCP,강수없음
중랑구,단기,20251010,0800,TMP,17
중랑구,단기,20251010,0800,WSD,2
중랑구,단기,20251010,0800,PCP,강수없음
중랑구,단기,20251010,0900,TMP,17
중랑구,단기,20251010,0900,WSD,2.4
중랑구,단기,20251010,0900,PCP,강수없음
중랑구,단기,20251010,1000,TMP,17
중랑구,단기,20251010,1000,WSD,2.3
중랑구,단기,20251010,1000,PCP,강수없음
중랑구,단기,20251010,1100,TMP,17
중랑구,단기,20251010,1100,WSD,2
중랑구,단기,20251010,1100,PCP,강수없음
중랑구,단기,20251010,1200,TMP,17
중랑구,단기,20251010,1200,WSD,1.7
중랑구,단기,20251010,1200,PCP,강수없음
중랑구,단기,20251010,1300,TMP,17
중랑구,단기,20251010,1300,WSD,1.9
중랑구,단기,20251010,1300,PCP,강수없음
중랑구,단기,20251010,1400,TMP,17
중랑구,단기,20251010,1400,WSD,1.5
중랑구,단기,20251010,1400,PCP,강수없음
중랑구,단기,20251010,1500,TMP,17
중랑구,단기,20251010,1500,WSD,1.7
중랑구,단기,20251010,1500,PCP,강수없음
중랑구,단기,20251010,1600,TMP,17
중랑구,단기,20251010,1600,WSD,2
중랑구,단기,20251010,1600,PCP,강수없음
중랑구,단기,20251010,1700,TMP,17
중랑구,단기,20251010,1700,WSD,2.1
중랑구,단기,20251010,1700,PCP,강수없음
중랑구,단기,20251010,1800,TMP,17
중랑구,단기,20251010,1800,WSD,1.8
중랑구,단기,20251010,1800,PCP,강수없음
중랑구,단기,20251010,1900,TMP,17
중랑구,단기,20251010,1900,WSD,1.9
중랑구,단기,20251010,1900,PCP,강수없음
중랑구,단기,20251010,2000,TMP,17
중랑구,단기,20251010,2000,WSD,2
중랑구,단기,20251010,2000,PCP,강수없음
중랑구,단기,20251010,2100,TMP,17
중랑구,단기,20251010,2100,WSD,1.7
중랑구,단기,20251010,2100,PCP,강수없음
중랑구,단기,20251010,2200,TMP,18
중랑구,단기,20251010,2200,WSD,1.5
중랑구,단기,20251010,2200,PCP,강수없음
중랑구,단기,20251010,2300,TMP,18
중랑구,단기,20251010,2300,WSD,1.8
중랑구,단기,20251010,2300,PCP,강수없음
중랑구,단기,20251011,0000,TMP,18
중랑구,단기,20251011,0000,WSD,1.5
중랑구,단기,20251011,0000,PCP,강수없음
중랑구,단기,20251011,0300,TMP,18
중랑구,단기,20251011,0300,WSD,1
중랑구,단기,20251011,0300,PCP,1
중랑구,단기,20251011,0600,TMP,18
중랑구,단기,20251011,0600,WSD,1
중랑구,단기,20251011,0600,PCP,1
중랑구,단기,20251011,0900,TMP,19
중랑구,단기,20251011,0900,WSD,1
중랑구,단기,20251011,0900,PCP,1
중랑구,단기,20251011,1200,TMP,23
중랑구,단기,20251011,1200,WSD,1
중랑구,단기,20251011,1200,PCP,1
중랑구,단기,20251011,1500,TMP,22
중랑구,단기,20251011,1500,WSD,1
중랑구,단기,20251011,1500,PCP,1
중랑구,단기,20251011,1800,TMP,21
중랑구,단기,20251011,1800,WSD,1
중랑구,단기,20251011,1800,PCP,1
중랑구,단기,20251011,2100,TMP,21
중랑구,단기,20251011,2100,WSD,1
중랑구,단기,20251011,2100,PCP,1
중랑구,단기,20251012,0000,TMP,20
중랑구,단기,20251012,0000,WSD,1
중랑구,단기,20251012,0000,PCP,1
