contentid,contenttypeid,serialnum,infoname,infotext,fldgubun,created_at,updated_at
2733967,12,0,등산로,,1,2025-09-19 16:58:45,2025-09-19 16:58:45
2733967,12,1,관광코스안내,교황청 승인 국제순례지 ‘서울천주교순례길 코스’,2,2025-09-19 16:58:45,2025-09-19 16:58:45
2733967,12,2,이용가능시설,본당 / 역사전시실 / 아랫마당 등,3,2025-09-19 16:58:45,2025-09-19 16:58:45
2733967,12,3,화장실,있음,3,2025-09-19 16:58:45,2025-09-19 16:58:45
2733967,12,4,외국어 안내서비스,,4,2025-09-19 16:58:45,2025-09-19 16:58:45
2763807,12,0,화장실,있음,3,2025-09-19 16:58:45,2025-09-19 16:58:45
2763807,12,1,입 장 료,무료,3,2025-09-19 16:58:45,2025-09-19 16:58:45
3483083,12,0,입 장 료,무료,3,2025-09-19 16:58:46,2025-09-19 16:58:46
3483083,12,1,화장실,있음,3,2025-09-19 16:58:46,2025-09-19 16:58:46
3483083,12,2,,,4,2025-09-19 16:58:46,2025-09-19 16:58:46
1116925,12,0,등산로,정상 전망대까지 이어지는 700m 자연산책코스 (23:00까지 이용가능),1,2025-09-19 16:58:46,2025-09-19 16:58:46
1116925,12,1,관광코스안내,"3코스, 안양천(신정교-오금교)-어린이교통공원-갈산도서관-갈산근린공원-향림사-계남공원",2,2025-09-19 16:58:46,2025-09-19 16:58:46
1116925,12,2,화장실,있음,3,2025-09-19 16:58:46,2025-09-19 16:58:46
1116925,12,3,이용가능시설,체험학습장 / 갈산정(정상) / 교통교육관 및 전시물 / 교통안전교육 체험장 / 어린이놀이터 / 멀티코트장 / 중심광장 / 전망대 / 산책로 / 각종 운동시설 등,3,2025-09-19 16:58:46,2025-09-19 16:58:46
294439,12,0,등산로,,1,2025-09-19 16:58:46,2025-09-19 16:58:46
294439,12,1,관광코스안내,,2,2025-09-19 16:58:46,2025-09-19 16:58:46
294439,12,2,입 장 료,무료,3,2025-09-19 16:58:46,2025-09-19 16:58:46
294439,12,3,외국어 안내서비스,,4,2025-09-19 16:58:46,2025-09-19 16:58:46
264570,12,0,관광코스안내,"* 강남시티투어 트롤리버스 <br />
- 어라운드강남시티투어 코스: 강남역-봉은사/코엑스-한류스타거리-관광정보센터-가로수길-세빛섬-고속터미널/신세계백화점-서래마을-법원.교대역-삼성타운-강남역(종착)<br />
<br />
* 강남관광정보센터 외국인대상 무료도보관광 프로그램<br />
- 한류코스: 강남관광정보센터-JYP엔터테인먼트-JS엔터테인먼트-FNC엔터테인먼트-SM엔터테인먼트-한류스타거리-강남돌하우스-G+스타존(압구정로데오역)",2,2025-09-19 16:58:46,2025-09-19 16:58:46
264570,12,1,입 장 료,무료,3,2025-09-19 16:58:46,2025-09-19 16:58:46
264570,12,2,화장실,있음,3,2025-09-19 16:58:46,2025-09-19 16:58:46
2456536,12,0,이용가능시설,"관광안내소, 관람 전시장, 호텔, 유흥음식점, 서점, 영화관, 수족관 등",3,2025-09-19 16:58:47,2025-09-19 16:58:47
2456536,12,1,외국어 안내서비스,관광안내소 책자 비치 ,4,2025-09-19 16:58:47,2025-09-19 16:58:47
127377,12,0,입 장 료,무료,3,2025-09-19 16:58:47,2025-09-19 16:58:47
128961,12,0,시설이용료,"[사우나 주간]<br>
- 대인 12,000원<br>
- 소인(7세 이하) 8,000원<br>
[찜질방 주간]<br>
- 대인 14,000원<br>
- 소인(7세 이하) 10,000원<br>
[찜질방 야간]<br>
- 대인 16,000원<br>
- 소인(7세 이하) 12,000원<br>
※ 사우나 이용 시 입실 후 6시간이 경과되면 시간당 1,000원씩 추가요금 발생<br>
※ 찜질방 이용 시 입실 후 15시간이 경과되면 시간당 1,000원씩 추가요금 발생",3,2025-09-19 16:58:47,2025-09-19 16:58:47
809490,12,0,주차요금,"최초 30분 1,000원 / 이후 10분 당 200원씩 추가 요금 발생",3,2025-09-19 16:58:47,2025-09-19 16:58:47
809490,12,1,화장실,있음 ,3,2025-09-19 16:58:47,2025-09-19 16:58:47
809490,12,2,이용가능시설,조류전망대 / 한강전망대 / 자연관찰로 / 운동시설 / 쉼터 ,3,2025-09-19 16:58:47,2025-09-19 16:58:47
809490,12,3,입 장 료,무료,3,2025-09-19 16:58:47,2025-09-19 16:58:47
3043735,12,0,입 장 료,무료,3,2025-09-19 16:58:48,2025-09-19 16:58:48
2733968,12,0,입 장 료,무료,3,2025-09-19 16:58:48,2025-09-19 16:58:48
2733968,12,1,주차요금,"최초 30분 1,000원 / 이후 10분 당 200원씩 추가 요금 발생",3,2025-09-19 16:58:48,2025-09-19 16:58:48
2733968,12,2,이용가능시설,운동장 / 인공암벽장 / 족구장 / 체력단련장 / 편의점 / 거리공연장 / 자전거대여점 / 어린이놀이터 / 생태공원 등,3,2025-09-19 16:58:48,2025-09-19 16:58:48
2591792,12,0,등산로,,1,2025-09-19 16:58:48,2025-09-19 16:58:48
2591792,12,1,관광코스안내,,2,2025-09-19 16:58:48,2025-09-19 16:58:48
2591792,12,2,입 장 료,"무료
",3,2025-09-19 16:58:48,2025-09-19 16:58:48
2591792,12,3,한국어 안내서비스,,4,2025-09-19 16:58:48,2025-09-19 16:58:48
126501,12,0,입 장 료,무료,3,2025-09-19 16:58:48,2025-09-19 16:58:48
126501,12,1,화장실,있음,3,2025-09-19 16:58:48,2025-09-19 16:58:48
3385911,12,0,,,1,2025-09-19 16:58:49,2025-09-19 16:58:49
3385911,12,1,,,2,2025-09-19 16:58:49,2025-09-19 16:58:49
3385911,12,2,입 장 료,무료 ,3,2025-09-19 16:58:49,2025-09-19 16:58:49
3385911,12,3,,,4,2025-09-19 16:58:49,2025-09-19 16:58:49
2733966,12,0,입 장 료,무료 ,3,2025-09-19 16:58:49,2025-09-19 16:58:49
2733966,12,1,화장실,있음,3,2025-09-19 16:58:49,2025-09-19 16:58:49
2758868,12,0,이용가능시설,"나루터 시설, 편의점

",3,2025-09-19 16:58:49,2025-09-19 16:58:49
2758868,12,1,주차요금,"- 최초 30분 1,000원<br>
- 초과 10분당 200원<br>
- 1일 주차 최고한도 10,000원
",3,2025-09-19 16:58:49,2025-09-19 16:58:49
2758868,12,2,화장실,없음,3,2025-09-19 16:58:49,2025-09-19 16:58:49
1604652,12,0,등산로,,1,2025-09-19 16:58:50,2025-09-19 16:58:50
1604652,12,1,관광코스안내,,2,2025-09-19 16:58:50,2025-09-19 16:58:50
1604652,12,2,주차요금,"[소형차] 기본 1시간 3,000원 / 초과 10분당 800원<br>
[중·대형차] 기본 1시간 5,000원 / 초과 10분당 800원 ",3,2025-09-19 16:58:50,2025-09-19 16:58:50
1604652,12,3,입 장 료,"- 개인 3,000원<br>
- 단체(10인 이상) 2,400원",3,2025-09-19 16:58:50,2025-09-19 16:58:50
1604652,12,4,화장실,있음,3,2025-09-19 16:58:50,2025-09-19 16:58:50
1604652,12,5,한국어 안내서비스,,4,2025-09-19 16:58:50,2025-09-19 16:58:50
294505,12,0,등산로,,1,2025-09-19 16:58:50,2025-09-19 16:58:50
294505,12,1,관광코스안내,우이신설(북한산보국문역) 하차하여 도보로 이동 약 7분,2,2025-09-19 16:58:50,2025-09-19 16:58:50
294505,12,2,입 장 료,무료 ,3,2025-09-19 16:58:50,2025-09-19 16:58:50
294505,12,3,화장실,있음,3,2025-09-19 16:58:50,2025-09-19 16:58:50
294505,12,4,내국인 예약안내,,4,2025-09-19 16:58:50,2025-09-19 16:58:50
126508,12,0,입 장 료,"- 개인 3,000원<br>
- 만 24세 이하 청소년 무료
- 만 64세 이상 어르신 무료
- 단체(10인 이상) 2,400원",3,2025-09-19 16:58:50,2025-09-19 16:58:50
126508,12,1,화장실,있음,3,2025-09-19 16:58:50,2025-09-19 16:58:50
126508,12,2,주차요금,"[소형차] 기본 1시간 3,000원 / 초과 시 매 10분마다 800원<br>
[중·대형차] 기본 1시간 5,000원 / 초과 시 매 10분마다 800원",3,2025-09-19 16:58:50,2025-09-19 16:58:50
2373204,12,0,입 장 료,무료,3,2025-09-19 16:58:50,2025-09-19 16:58:50
2500229,12,0,등산로,,1,2025-09-19 16:58:51,2025-09-19 16:58:51
2500229,12,1,관광코스안내,,2,2025-09-19 16:58:51,2025-09-19 16:58:51
2500229,12,2,입 장 료,,3,2025-09-19 16:58:51,2025-09-19 16:58:51
2500229,12,3,한국어 안내서비스,,4,2025-09-19 16:58:51,2025-09-19 16:58:51
1826438,12,0,입 장 료,무료,3,2025-09-19 16:58:51,2025-09-19 16:58:51
126484,12,0,등산로,,1,2025-09-19 16:58:51,2025-09-19 16:58:51
126484,12,1,관광코스안내,,2,2025-09-19 16:58:51,2025-09-19 16:58:51
126484,12,2,화장실,있음,3,2025-09-19 16:58:51,2025-09-19 16:58:51
126484,12,3,주차요금,"[20인 미만 차량] 최초 1시간까지 1,000원 / 이후 초과 5분당 400원<br>
[20인 이상 차량] 최초 1시간까지 3,000원 / 이후 초과 5분당 800원",3,2025-09-19 16:58:51,2025-09-19 16:58:51
126484,12,4,입 장 료,"무료
",3,2025-09-19 16:58:51,2025-09-19 16:58:51
126484,12,5,한국어 안내서비스,,4,2025-09-19 16:58:51,2025-09-19 16:58:51
1606042,12,0,주차요금,"최초 1시간 1,000원 / 추가 5분당 400원 / 1일 주차 22,000원",3,2025-09-19 16:58:51,2025-09-19 16:58:51
1606042,12,1,화장실,있음(남녀 구분),3,2025-09-19 16:58:51,2025-09-19 16:58:51
1604784,12,0,등산로,,1,2025-09-19 16:58:52,2025-09-19 16:58:52
1604784,12,1,관광코스안내,,2,2025-09-19 16:58:52,2025-09-19 16:58:52
1604784,12,2,입 장 료,무료,3,2025-09-19 16:58:52,2025-09-19 16:58:52
1604784,12,3,화장실,있음,3,2025-09-19 16:58:52,2025-09-19 16:58:52
1604784,12,4,주차요금,"[20인 미만 차량] 최초 1시간까지 1,000원 / 이후 초과 5분당 400원<br>
[20인 이상 차량] 최초 1시간까지 3,000원 / 이후 초과 5분당 800원",3,2025-09-19 16:58:52,2025-09-19 16:58:52
1604784,12,5,한국어 안내서비스,,4,2025-09-19 16:58:52,2025-09-19 16:58:52
1604824,12,0,입 장 료,무료,3,2025-09-19 16:58:52,2025-09-19 16:58:52
1604824,12,1,화장실,있음,3,2025-09-19 16:58:52,2025-09-19 16:58:52
2611568,12,0,관광코스안내,10코스 : 연의생태공원에코로드-계남근린공원 무장애숲길-신트리공원산책로,2,2025-09-19 16:58:52,2025-09-19 16:58:52
2611568,12,1,입 장 료,무료 ,3,2025-09-19 16:58:52,2025-09-19 16:58:52
2611568,12,2,화장실,있음,3,2025-09-19 16:58:52,2025-09-19 16:58:52
1826457,12,0,입 장 료,무료,3,2025-09-19 16:58:53,2025-09-19 16:58:53
1826457,12,1,주차요금,10분당 300원,3,2025-09-19 16:58:53,2025-09-19 16:58:53
2591797,12,0,주차요금,5분당 150원,3,2025-09-19 16:58:53,2025-09-19 16:58:53
2591797,12,1,화장실,있음,3,2025-09-19 16:58:53,2025-09-19 16:58:53
2591799,12,0,입 장 료,"무료
",3,2025-09-19 16:58:53,2025-09-19 16:58:53
2453179,12,0,입 장 료,무료,3,2025-09-19 16:58:54,2025-09-19 16:58:54
2453179,12,1,주차요금,1시간 무료,3,2025-09-19 16:58:54,2025-09-19 16:58:54
2453179,12,2,화장실,있음,3,2025-09-19 16:58:54,2025-09-19 16:58:54
1827189,12,0,입 장 료,무료,3,2025-09-19 16:58:54,2025-09-19 16:58:54
749192,12,0,등산로,,1,2025-09-19 16:58:54,2025-09-19 16:58:54
749192,12,1,상점정보,,2,2025-09-19 16:58:54,2025-09-19 16:58:54
749192,12,2,화장실,,3,2025-09-19 16:58:54,2025-09-19 16:58:54
749192,12,3,한국어 안내서비스,,4,2025-09-19 16:58:54,2025-09-19 16:58:54
776082,12,0,등산로,,1,2025-09-19 16:58:54,2025-09-19 16:58:54
776082,12,1,관광코스안내,"[주변 관광지]<br>
- 양재시민의 숲<br>
- 관문사 우면산<br>
- 관문사 양재천 ",2,2025-09-19 16:58:54,2025-09-19 16:58:54
776082,12,2,입 장 료,무료,3,2025-09-19 16:58:54,2025-09-19 16:58:54
776082,12,3,화장실,있음,3,2025-09-19 16:58:54,2025-09-19 16:58:54
776082,12,4,내국인 예약안내,,4,2025-09-19 16:58:54,2025-09-19 16:58:54
126480,12,0,화장실,있음(남녀 구분),3,2025-09-19 16:58:55,2025-09-19 16:58:55
126513,12,0,화장실,있음 ,3,2025-09-19 16:58:55,2025-09-19 16:58:55
126513,12,1,입 장 료,"무료
",3,2025-09-19 16:58:55,2025-09-19 16:58:55
126513,12,2,이용가능시설,강감찬전시관 / 야외소극장 / 카페 / 전통혼례식장,3,2025-09-19 16:58:55,2025-09-19 16:58:55
756580,12,0,입 장 료,무료,3,2025-09-19 16:58:56,2025-09-19 16:58:56
756580,12,1,이용가능시설,유아숲체험원 / 생태연못 / 생태학습장 / 축구장 / 테니스장,3,2025-09-19 16:58:56,2025-09-19 16:58:56
756594,12,0,입 장 료,무료,3,2025-09-19 16:58:56,2025-09-19 16:58:56
756594,12,1,화장실,있음,3,2025-09-19 16:58:56,2025-09-19 16:58:56
3081140,12,0,화장실,있음,3,2025-09-19 16:58:56,2025-09-19 16:58:56
3081140,12,1,이용가능시설,계곡 / 약수터 / 식물원 ,3,2025-09-19 16:58:56,2025-09-19 16:58:56
126916,12,0,입 장 료,무료,3,2025-09-19 16:58:57,2025-09-19 16:58:57
1605990,12,0,입 장 료,무료,3,2025-09-19 16:58:57,2025-09-19 16:58:57
3065938,12,0,입 장 료,무료,3,2025-09-19 16:58:58,2025-09-19 16:58:58
3065938,12,1,화장실,"있음
",3,2025-09-19 16:58:58,2025-09-19 16:58:58
250252,12,0,이용가능시설,생태공원 / 자전거공원 / 초화단지 / 어린이놀이터 / 운동시설 / 매점 등,3,2025-09-19 16:58:58,2025-09-19 16:58:58
250252,12,1,주차요금,"- 최초 30분 1,000원(초과 10분당 200원)<br>
- 1일 주차 최고한도 10,000원",3,2025-09-19 16:58:58,2025-09-19 16:58:58
250252,12,2,화장실,있음,3,2025-09-19 16:58:58,2025-09-19 16:58:58
250252,12,3,입 장 료,무료,3,2025-09-19 16:58:58,2025-09-19 16:58:58
814195,12,0,주차요금,"최초 30분 1,000원 / 초과 10분당 200원",3,2025-09-19 16:58:58,2025-09-19 16:58:58
814195,12,1,화장실,있음,3,2025-09-19 16:58:58,2025-09-19 16:58:58
814195,12,2,입 장 료,무료,3,2025-09-19 16:58:58,2025-09-19 16:58:58
3060896,12,0,화장실,있음,3,2025-09-19 16:58:59,2025-09-19 16:58:59
1366921,12,0,화장실,있음,3,2025-09-19 16:58:59,2025-09-19 16:58:59
1366921,12,1,이용가능시설,전시장 / 공연장,3,2025-09-19 16:58:59,2025-09-19 16:58:59
1366921,12,2,입 장 료,무료,3,2025-09-19 16:58:59,2025-09-19 16:58:59
126512,12,0,입 장 료,"- 개인 3,000원<br>
- 단체(10인 이상) 2,400원",3,2025-09-19 16:58:59,2025-09-19 16:58:59
126512,12,1,주차요금,"[소형차] 기본 1시간 3,000원 / 이후 10분당 800원<br>
[중·대형차] 기본 1시간 5,000원 / 이후 10분당 800원",3,2025-09-19 16:58:59,2025-09-19 16:58:59
126512,12,2,화장실,있음,3,2025-09-19 16:58:59,2025-09-19 16:58:59
775394,12,0,입 장 료,무료,3,2025-09-19 16:59:00,2025-09-19 16:59:00
775394,12,1,화장실,있음,3,2025-09-19 16:59:00,2025-09-19 16:59:00
775394,12,2,이용가능시설,중앙광장 /  해치마당 / 역사물길 / 이순신장군분수 등,3,2025-09-19 16:59:00,2025-09-19 16:59:00
2500218,12,0,등산로,,1,2025-09-19 16:59:00,2025-09-19 16:59:00
2500218,12,1,관광코스안내,,2,2025-09-19 16:59:00,2025-09-19 16:59:00
2500218,12,2,입 장 료,무료,3,2025-09-19 16:59:00,2025-09-19 16:59:00
2500218,12,3,한국어 안내서비스,,4,2025-09-19 16:59:00,2025-09-19 16:59:00
129502,12,0,등산로,,1,2025-09-19 16:59:00,2025-09-19 16:59:00
129502,12,1,관광코스안내,,2,2025-09-19 16:59:00,2025-09-19 16:59:00
129502,12,2,입 장 료,무료,3,2025-09-19 16:59:00,2025-09-19 16:59:00
129502,12,3,외국어 안내서비스,,4,2025-09-19 16:59:00,2025-09-19 16:59:00
2761661,12,0,입 장 료,"무료
",3,2025-09-19 16:59:01,2025-09-19 16:59:01
2761661,12,1,화장실,있음,3,2025-09-19 16:59:01,2025-09-19 16:59:01
2553960,12,0,입 장 료,무료,3,2025-09-19 16:59:06,2025-09-19 16:59:06
2553960,12,1,화장실,있음,3,2025-09-19 16:59:06,2025-09-19 16:59:06
2553960,12,2,시설이용료,"[체험료]<br>
- 옛날 과자 먹기 1,000원<br>
- 키링 만들기 2,000원<br>
- 못난이 디폼블럭 만들기 2,000원<br>
- 순이네컷 사진촬영 1,000원<br>
- 뚝딱 가죽지갑 만들기 3,000원",3,2025-09-19 16:59:06,2025-09-19 16:59:06
2591829,12,0,입 장 료,무료 ,3,2025-09-19 16:59:06,2025-09-19 16:59:06
2591803,12,0,등산로,,1,2025-09-19 16:59:06,2025-09-19 16:59:06
2591803,12,1,관광코스안내,,2,2025-09-19 16:59:06,2025-09-19 16:59:06
2591803,12,2,화장실,있음,3,2025-09-19 16:59:06,2025-09-19 16:59:06
2591803,12,3,한국어 안내서비스,,4,2025-09-19 16:59:06,2025-09-19 16:59:06
2733981,12,0,입 장 료,무료,3,2025-09-19 16:59:07,2025-09-19 16:59:07
2733981,12,1,이용가능시설,운동기구 / 트램펄린 / 놀이터 등,3,2025-09-19 16:59:07,2025-09-19 16:59:07
2733981,12,2,화장실,"있음
",3,2025-09-19 16:59:07,2025-09-19 16:59:07
2357761,12,0,등산로,"[염곡사거리 코트라.코이카등산로]  코트라, 한국학술진흥재단 사이 코이카 정문 → 구룡산 정상, 코이카, 서울둘레길4코스 이정표 → 구룡산염곡약수터, 서울둘레길4코스, 구룡산정상 이정표 → 어사모바위 → 구룡산산악기상관측소 → 능인선원등산로 이정표 →구룡산 국수봉 → 구룡제1약수터 이정표 - 서초구.강남구경계 표지판 → 구룡터널등산로 이정표 → 구룡산 정상(306m) → 소방방재청 국가지점 번호 다사 6216  4151 표시판  → 양재대로 구룡마을 <br />
<br />
[염곡사거리 도로교통공단서울지부등산로]  도로교통공단서울지부 421번 버스종점 → 구룡산정상, 코이카, 서울둘레길4코스 이정표 → 구룡산 염곡약수터,  서울둘레길4코스, 구룡산정상 이정표 → 어사모바위 → 구룡산산악기상관측소 → 능인선원등산로 이정표 →구룡산 국수봉 → 구룡제1약수터 이정표 - 서초구.강남구 경계 표지판 →  구룡터널등산로 이정표 → 구룡산 정상(306m)<br />
<br />
[구룡산 염곡약수터등산로]  양재대로 양재지하보도 →  염곡약수터 → 구룡산 약수터, 서울둘레길4코스, 구룡산정상 이정표 → 어사모바위 → 구룡산산악기상관측소 → 능인선원등산로 이정표 → 구룡산 국수봉 → 구룡제1약수터 이정표 - 서초구.강남구 경계 표지판 → 구룡터널등산로 이정표 → 구룡산 정상(306m) <br />
 <br />
[구룡산 능인선원등산로]  양재대로 능인선원 →  능인선원등산로 이정표 →구룡산 국수봉 → 구룡제1약수터 이정표 → 서초구.강남구 경계 표지판 → 구룡터널등산로 이정표 → 구룡산 정상(306m)<br />
 <br />
[구룡산 구룡터널등산로]   양재대로 구룡터널사거리 →  개암약수터, 강남그린웨어 이정표 → 서울시우수조망명소  → 구룡터널등산로 이정표 → 구룡산 정상(306m)<br />
 <br />
[구룡산 구룡마을등산로]  양재대로 구룡마을  → 구룡산등산로 이정표 → 대룡약수터 → 구룡천제1.2 약수터 → 소방방재청 국가지점 번호 다사 6216  4151 표시판 → 구룡마을이정표 → 구룡산 정상(306m)<br />
 <br />
[구룡산 염곡동탑골등산로]  헌능로 탑골마을 버스정거장 → 구룡제1약수터(옻우물) → 소나무 숲 → 서초구.강남구 경계 표지판 → 구룡터널등산로 이정표 → 구룡산 정상(306m)<br />
 <br />
[서울둘레길4코스 구룡산입구]  헌능로 염곡동 → 구룡산정상, 코이카, 서울둘레길4코스 이정표 → 구룡산 염곡약수터, 서울둘레길4코스, 구룡산정상 이정표 → 능인선원 일원 → 물박달나무군락지 → 구룡터널등산로 일원 → 개암약수터 → 三鳥人長琸위령비 → 소방방재청 국가지점 번호 다사 6216  4151 표시판<br />
 <br />
[서울둘레길4코스 여의천입구]  헌능로 염곡동 → 여의천 → 양재IC → 양재시민의 숲 → 양재천 → 우면산",1,2025-09-19 16:59:07,2025-09-19 16:59:07
2357761,12,1,입산통제 기간,"[봄가을철 산불조심기간] <br />
(산불예방을 위해 한시적으로 등산로 구간통제)<br />
봄철 3월 2일 ~ 4월 30일 <br />
가을철 11월 1일 ~ 12월 15일<br />
-국립공원 11월 15일 ~ 12월 15일(경주,태안해안제외)<br />
※ 통제기간과 통제구간은 기상여건 등을 감안하여 산별로 일부 조정될 수 있으니 산행 시 사전확인 ",1,2025-09-19 16:59:07,2025-09-19 16:59:07
2357761,12,2,입 장 료,무료,3,2025-09-19 16:59:07,2025-09-19 16:59:07
127379,12,0,입 장 료,무료,3,2025-09-19 16:59:08,2025-09-19 16:59:08
2452856,12,0,화장실,있음,3,2025-09-19 16:59:08,2025-09-19 16:59:08
2452856,12,1,입 장 료,무료,3,2025-09-19 16:59:08,2025-09-19 16:59:08
126524,12,0,등산로,,1,2025-09-19 16:59:08,2025-09-19 16:59:08
126524,12,1,관광코스안내,,2,2025-09-19 16:59:08,2025-09-19 16:59:08
126524,12,2,이용가능시설,기념관 / 기념탑 / 묘역 등,3,2025-09-19 16:59:08,2025-09-19 16:59:08
126524,12,3,화장실,있음,3,2025-09-19 16:59:08,2025-09-19 16:59:08
126524,12,4,주차요금,2시간 이내 무료(유족 제외),3,2025-09-19 16:59:08,2025-09-19 16:59:08
126524,12,5,입 장 료,무료,3,2025-09-19 16:59:08,2025-09-19 16:59:08
126524,12,6,내국인 예약안내,,4,2025-09-19 16:59:08,2025-09-19 16:59:08
2608977,12,0,입 장 료,무료,3,2025-09-19 16:59:08,2025-09-19 16:59:08
2608977,12,1,화장실,있음 ,3,2025-09-19 16:59:08,2025-09-19 16:59:08
126521,12,0,입 장 료,무료,3,2025-09-19 16:59:08,2025-09-19 16:59:08
126521,12,1,화장실,있음,3,2025-09-19 16:59:08,2025-09-19 16:59:08
126521,12,2,이용가능시설,현충관 / 호국전시관 / 유품전시관 / 종합민원실 등,3,2025-09-19 16:59:08,2025-09-19 16:59:08
1604580,12,0,입 장 료,무료,3,2025-09-19 16:59:09,2025-09-19 16:59:09
1604580,12,1,화장실,있음,3,2025-09-19 16:59:09,2025-09-19 16:59:09
1710166,12,0,주차요금,무료,3,2025-09-19 16:59:09,2025-09-19 16:59:09
1710166,12,1,화장실,있음,3,2025-09-19 16:59:09,2025-09-19 16:59:09
1710166,12,2,외국인 예약안내,템플스테이 매니저가 안내(영어) 및 홈페이지에서 가능,4,2025-09-19 16:59:09,2025-09-19 16:59:09
1710166,12,3,내국인 예약안내,전화 및 홈페이지 예약 가능,4,2025-09-19 16:59:09,2025-09-19 16:59:09
2591805,12,0,입 장 료,무료,3,2025-09-19 16:59:09,2025-09-19 16:59:09
126827,12,0,입 장 료,무료,3,2025-09-19 16:59:10,2025-09-19 16:59:10
126827,12,1,장애인 편의시설,"장애인용화장실, 전용주차구역",3,2025-09-19 16:59:10,2025-09-19 16:59:10
126827,12,2,주차요금,"국회 둔치 주차장 2시간 무료 (국회의사당 또는 헌정기념관 안내실에서 주차권에 확인도장)

",3,2025-09-19 16:59:10,2025-09-19 16:59:10
126827,12,3,화장실,있음(남/녀 구분),3,2025-09-19 16:59:10,2025-09-19 16:59:10
126827,12,4,내국인 예약안내,"<a href=""https://reservation.assembly.go.kr/reserve/main/main.do"" target=""_blank"" title=""새창 : 홈페이지로 이동"">https://reservation.assembly.go.kr</a>",4,2025-09-19 16:59:10,2025-09-19 16:59:10
2591809,12,0,이용가능시설,원형광장 / 생태탐방로 / 어린이 놀이터 / 어린이 도서관 / 나무데크,3,2025-09-19 16:59:10,2025-09-19 16:59:10
2591809,12,1,화장실,있음,3,2025-09-19 16:59:10,2025-09-19 16:59:10
1606052,12,0,등산로,,1,2025-09-19 16:59:11,2025-09-19 16:59:11
1606052,12,1,관광코스안내,,2,2025-09-19 16:59:11,2025-09-19 16:59:11
1606052,12,2,입 장 료,무료,3,2025-09-19 16:59:11,2025-09-19 16:59:11
1606052,12,3,한국어 안내서비스,,4,2025-09-19 16:59:11,2025-09-19 16:59:11
2756120,12,0,주차요금,있음,3,2025-09-19 16:59:11,2025-09-19 16:59:11
298109,12,0,화장실,있음,3,2025-09-19 16:59:11,2025-09-19 16:59:11
298109,12,1,외국어 안내서비스,템플스테이 영어 진행 가능(사전 신청),4,2025-09-19 16:59:11,2025-09-19 16:59:11
298109,12,2,내국인 예약안내,템플스테이 02-395-9955,4,2025-09-19 16:59:11,2025-09-19 16:59:11
3044625,12,0,입 장 료,무료 ,3,2025-09-19 16:59:12,2025-09-19 16:59:12
3082221,12,0,화장실,있음(남녀 구분),3,2025-09-19 16:59:12,2025-09-19 16:59:12
2756126,12,0,이용가능시설,황토길 / 지압로 / 분수 등,3,2025-09-19 16:59:13,2025-09-19 16:59:13
2756126,12,1,화장실,있음,3,2025-09-19 16:59:13,2025-09-19 16:59:13
2756134,12,0,화장실,있음,3,2025-09-19 16:59:13,2025-09-19 16:59:13
2756134,12,1,이용가능시설,인공폭포 / 공원시설 / 전망대 등 ,3,2025-09-19 16:59:13,2025-09-19 16:59:13
2553946,12,0,등산로,,1,2025-09-19 16:59:13,2025-09-19 16:59:13
2553946,12,1,관광코스안내,,2,2025-09-19 16:59:13,2025-09-19 16:59:13
2553946,12,2,입 장 료,무료,3,2025-09-19 16:59:13,2025-09-19 16:59:13
2553946,12,3,화장실,있음,3,2025-09-19 16:59:13,2025-09-19 16:59:13
2553946,12,4,이용가능시설,스튜디오 / 전시장 / 워크숍룸 등,3,2025-09-19 16:59:13,2025-09-19 16:59:13
2553946,12,5,내국인 예약안내,,4,2025-09-19 16:59:13,2025-09-19 16:59:13
2993536,12,0,입 장 료,무료,3,2025-09-19 16:59:13,2025-09-19 16:59:13
2655928,12,0,입 장 료,"무료
",3,2025-09-19 16:59:14,2025-09-19 16:59:14
3060915,12,0,화장실,있음,3,2025-09-19 16:59:14,2025-09-19 16:59:14
2756575,12,0,입 장 료,무료,3,2025-09-19 16:59:14,2025-09-19 16:59:14
2756575,12,1,화장실,"있음
",3,2025-09-19 16:59:14,2025-09-19 16:59:14
127375,12,0,입 장 료,무료,3,2025-09-19 16:59:15,2025-09-19 16:59:15
127375,12,1,화장실,있음(남녀 구분),3,2025-09-19 16:59:15,2025-09-19 16:59:15
127375,12,2,이용가능시설,"탐방객안내센터, 관찰데크(습지지구), 관찰데크(산림지구), 저수지, 조류관찰대, 원두막, 초가집, 움집, 석담 및 석축, 야외관찰대, 야외강의장, 파고라 (광장지구)등<br>
* 길동생태문화센터(2005년 4월 22일 개관) <br>
- 1 전시실 : 서울의 생태(새박제 12점, 생태해설전시대, 습지 및 한강어류 수족관 4개소, 서울시 인공위성지도 등) <br>
- 2 전시실 : 길동생태공원의 생태(대형거미 및 벌집모형, 멧돼지 박제, 공원영상, 새소리 듣기 전시대, 곤충 및 버섯표본 등)",3,2025-09-19 16:59:15,2025-09-19 16:59:15
127375,12,3,내국인 예약안내,"서울의 공원 홈페이지 및 서울시공공서비스 예약 홈페이지에서 사전예약<br>
※ 홈페이지에서 사전 예약 후 입장 가능",4,2025-09-19 16:59:15,2025-09-19 16:59:15
2946113,12,0,시설이용료,"[원데이 클래스]<br>
- 물레성형 1:1 수업 90,000원<br>
- 물레성형 1:2~4 수업 75,000원(1인)<br>
- 핸드빌딩 1:1 수업 90,000원<br>
- 핸드빌딩 1:2~4 수업 75,000원(1인)<br>
[취미 클래스]<br>
- 주1회(2시간) 200,000원<br>
- 주2회(2시간) 380,000원<br>
- 주3회(2시간) 540,000원<br>
[전문가&창업반]<br>
- 주1회(2시간) 400,000원<br>
- 주2회(2시간) 800,000원<br>
- 주3회(2시간) 1,200,000원<br>
※ 이용요금은 변동될 수 있으므로 자세한 사항은 전화 문의",3,2025-09-19 16:59:15,2025-09-19 16:59:15
2946113,12,1,화장실,있음,3,2025-09-19 16:59:15,2025-09-19 16:59:15
128866,12,0,등산로,,1,2025-09-19 16:59:16,2025-09-19 16:59:16
128866,12,1,관광코스안내,,2,2025-09-19 16:59:16,2025-09-19 16:59:16
128866,12,2,화장실,있음,3,2025-09-19 16:59:16,2025-09-19 16:59:16
128866,12,3,한국어 안내서비스,,4,2025-09-19 16:59:16,2025-09-19 16:59:16
3525021,12,0,입 장 료,무료,3,2025-09-19 16:59:16,2025-09-19 16:59:16
1827190,12,0,입 장 료,무료,3,2025-09-19 16:59:17,2025-09-19 16:59:17
129501,12,0,입 장 료,무료 ,3,2025-09-19 16:59:17,2025-09-19 16:59:17
129501,12,1,화장실,있음 ,3,2025-09-19 16:59:17,2025-09-19 16:59:17
129501,12,2,주차요금,10분당 300원,3,2025-09-19 16:59:17,2025-09-19 16:59:17
129501,12,3,이용가능시설,낙산전시관 / 홍덕이밭 / 서울한양도성 / 자주동샘 / 관리사무소 등 ,3,2025-09-19 16:59:17,2025-09-19 16:59:17
128872,12,0,입 장 료,무료,3,2025-09-19 16:59:17,2025-09-19 16:59:17
128872,12,1,화장실,있음,3,2025-09-19 16:59:17,2025-09-19 16:59:17
128872,12,2,시설이용료,"[템플스테이]<br>
- 1박 2일 95,000원<br>
- 당일 50,000원<br>
- 당일(2시간) 30,000원",3,2025-09-19 16:59:17,2025-09-19 16:59:17
3056376,12,0,화장실,있음,3,2025-09-19 16:59:18,2025-09-19 16:59:18
2784060,12,0,등산로,,1,2025-09-19 16:59:18,2025-09-19 16:59:18
2784060,12,1,관광코스안내,,2,2025-09-19 16:59:18,2025-09-19 16:59:18
2784060,12,2,입 장 료,무료 ,3,2025-09-19 16:59:18,2025-09-19 16:59:18
2784060,12,3,주차요금,"- 승용차 5분당 150원 (축구경기 및 행사 시 5,000원)<br>
- 중형차(미니버스) 5분당 300원 (축구경기 및 행사 시 10,000원)<br>
- 대형차 5분당 450원 (축구경기 및 행사 시 15,000원)<br>
※ 주차장 문의 : 02-304-6678",3,2025-09-19 16:59:18,2025-09-19 16:59:18
2784060,12,4,한국어 안내서비스,,4,2025-09-19 16:59:18,2025-09-19 16:59:18
127859,12,0,입 장 료,무료,3,2025-09-19 16:59:18,2025-09-19 16:59:18
127859,12,1,이용가능시설,"[운동시설] 야구장, 족구장, 풋살경기장, 농구장 등<br>
[물놀이시설(매년 여름 개장)] 거울분수, 강변물놀이장, 물놀이장 음악분수, 수상스키장, 요트장 등<br>
[기타시설] 난지캠핑장, 자전거도로, 자전거대여점 등<br>
[편의시설] 매점, 음수대, 그늘막, 자전거보관소 등",3,2025-09-19 16:59:18,2025-09-19 16:59:18
127859,12,2,화장실,있음,3,2025-09-19 16:59:18,2025-09-19 16:59:18
1827191,12,0,주차요금,10분당 300원,3,2025-09-19 16:59:18,2025-09-19 16:59:18
1827191,12,1,입 장 료,무료,3,2025-09-19 16:59:18,2025-09-19 16:59:18
748018,12,0,화장실,있음,3,2025-09-19 16:59:18,2025-09-19 16:59:18
1603482,12,0,입 장 료,무료,3,2025-09-19 16:59:19,2025-09-19 16:59:19
128776,12,0,화장실,있음,3,2025-09-19 16:59:19,2025-09-19 16:59:19
128776,12,1,시설이용료,"대인 : 왕복 15,000원 / 편도 12,000원<br>
소인 : 왕복 11,500원 / 편도 9,000원",3,2025-09-19 16:59:19,2025-09-19 16:59:19
1603336,12,0,주차요금,5분당 160원,3,2025-09-19 16:59:19,2025-09-19 16:59:19
1603336,12,1,입 장 료,무료,3,2025-09-19 16:59:19,2025-09-19 16:59:19
1603336,12,2,화장실,있음,3,2025-09-19 16:59:19,2025-09-19 16:59:19
126747,12,0,입 장 료,"무료 
",3,2025-09-19 16:59:19,2025-09-19 16:59:19
126485,12,0,입 장 료,무료,3,2025-09-19 16:59:20,2025-09-19 16:59:20
126485,12,1,화장실,있음,3,2025-09-19 16:59:20,2025-09-19 16:59:20
126485,12,2,주차요금,5분당 160원,3,2025-09-19 16:59:20,2025-09-19 16:59:20
126485,12,3,이용가능시설,남산타워 / 케이블카 / 안중근의사기념관 등,3,2025-09-19 16:59:20,2025-09-19 16:59:20
126535,12,0,입 장 료,"[전망대]<br>
- 대인(만 13세 이상) 26,000원<br>
- 소인(만 3세~ 만 12세)  20,000원<br>
- 경로(만 65세 이상) 20,000원",3,2025-09-19 16:59:20,2025-09-19 16:59:20
126535,12,1,화장실,있음,3,2025-09-19 16:59:20,2025-09-19 16:59:20
126535,12,2,이용가능시설,"전망대, 식당, 카페, 기프트샵, 게임플라자, 포토부스",3,2025-09-19 16:59:20,2025-09-19 16:59:20
2783557,12,0,관광코스안내,국립극장 입구~남측 숲길 입구~남산약수터 쉼터~야외식물원~사색의 공간 입구~소월시비 쉼터~북측순환로입구(케이블카)~북측순환로 입구(버스),2,2025-09-19 16:59:20,2025-09-19 16:59:20
3067314,12,0,입 장 료,무료 ,3,2025-09-19 16:59:20,2025-09-19 16:59:20
3067314,12,1,화장실,있음,3,2025-09-19 16:59:20,2025-09-19 16:59:20
298341,12,0,화장실,있음,3,2025-09-19 16:59:21,2025-09-19 16:59:21
298341,12,1,외국어 안내서비스,불가,4,2025-09-19 16:59:21,2025-09-19 16:59:21
2763685,12,0,화장실,있음,3,2025-09-19 16:59:21,2025-09-19 16:59:21
2763685,12,1,입 장 료,무료,3,2025-09-19 16:59:21,2025-09-19 16:59:21
2638475,12,0,등산로,,1,2025-09-19 16:59:22,2025-09-19 16:59:22
2638475,12,1,상점정보,"1. 차츰 : 마음이 담긴 물건 소개/판매, 작가와 작품을 연결하는 공간<br />
2. picccnic : 노들섬에서 즐기는 특별한 피크닉, 피크닉 소품 렌탈 및 판매스토어<br />
3. 노들서가 : 읽고, 쓰고, 만드는 마음을 담는 서점(070-7729-6553)<br />
4. F&B 시설<br />
* 1F<br />
- 복순도가 : 음악과 발효의 조합으로 새롭게 소개하는 발효 라운지바(
02-792-1963)<br />
- emart24 : 발달장애인이 일하는 회사 베어베터가 새롭게 선보이는 편의점. 더 깨끗하고 더 꼼꼼하고 더 정확한 서비스 제공(070-4467-0007)<br />
- 자전거 카페 voi (vacance on island) : 섬안에서의 특별한 휴식, 바캉스 온 아일랜드 카페<br />
* 2F<br />
- THE PIZZA SOUNDS : 이태리 나폴리피자를 새롭게 해석. 최상의 재료를 합리적인 가격에 제공(02- 3785-2225)<br />
- Cafe BOOOC : ‘B’arista와 ‘C’urator 사이의 무언가(OOO)로 가득한 한강 한 가운데의 특별한 카페<br />
- 마녀김밥 : 생활의 달인, 전참시의 이영자가 인정한 맛집 청담동 마녀김밥과 사회적기업 브레드 인 스마일이 언제든 부담없이, 간편하게, 같이 할수있는 노들의 공간(02-3785-2224)<br />
* 3F<br /> 
- 앤테이블 : 주제에 따라 변화하는 다양한 음식 콘텐츠를 만들어 나가는 음식문화살롱. 정해진 메뉴가 아닌 계속 변화하는 음식을 통해 매번 새로운 문화와 경험을 제공",2,2025-09-19 16:59:22,2025-09-19 16:59:22
2638475,12,2,입 장 료,"무료
",3,2025-09-19 16:59:22,2025-09-19 16:59:22
2638475,12,3,이용가능시설,라이브하우스 / 노들갤러리 / 다목적홀 숲 / 잔디마당 / 노들라운지 등,3,2025-09-19 16:59:22,2025-09-19 16:59:22
2638475,12,4,주차요금,"최초 30분 1,000원 / 초과 10분 당 300원<br>
※ 주차요금은 입차 후 11분부터 발생",3,2025-09-19 16:59:22,2025-09-19 16:59:22
2638475,12,5,화장실,있음,3,2025-09-19 16:59:22,2025-09-19 16:59:22
2638475,12,6,한국어 안내서비스,,4,2025-09-19 16:59:22,2025-09-19 16:59:22
3067187,12,0,촬영장소,드라마 [봄밤],2,2025-09-19 16:59:22,2025-09-19 16:59:22
2774274,12,0,등산로,,1,2025-09-19 16:59:22,2025-09-19 16:59:22
2774274,12,1,관광코스안내,,2,2025-09-19 16:59:22,2025-09-19 16:59:22
2774274,12,2,입 장 료,무료 ,3,2025-09-19 16:59:22,2025-09-19 16:59:22
2774274,12,3,한국어 안내서비스,,4,2025-09-19 16:59:22,2025-09-19 16:59:22
2733971,12,0,입 장 료,무료 ,3,2025-09-19 16:59:22,2025-09-19 16:59:22
3007012,12,0,화장실,있음,3,2025-09-19 16:59:22,2025-09-19 16:59:22
1603149,12,0,입 장 료,무료,3,2025-09-19 16:59:23,2025-09-19 16:59:23
1603149,12,1,화장실,있음,3,2025-09-19 16:59:23,2025-09-19 16:59:23
2764354,12,0,주차요금,최초 3시간 무료 / 이후 10분당 200원,3,2025-09-19 16:59:23,2025-09-19 16:59:23
2764354,12,1,이용가능시설,축구장 / 테니스장 / 배드민턴장 등,3,2025-09-19 16:59:23,2025-09-19 16:59:23
2764354,12,2,시설이용료,※ 시설별 상이하므로 홈페이지 참고,3,2025-09-19 16:59:23,2025-09-19 16:59:23
2392535,12,0,입 장 료,"16,000원<br>
※ 무료 : 36개월 미만<br>
※ 30% 할인 : 65세 이상 / 장애인(동반 1인 가능) / 군인·경찰·소방관(동반 3인 가능)<br>
※ 50% 할인 : 국가유공자",3,2025-09-19 16:59:23,2025-09-19 16:59:23
2392535,12,1,주차요금,"최초 30분 2,000원 / 이후 10분당 1,000원",3,2025-09-19 16:59:23,2025-09-19 16:59:23
299978,12,0,등산로,,1,2025-09-19 16:59:23,2025-09-19 16:59:23
299978,12,1,관광코스안내,,2,2025-09-19 16:59:23,2025-09-19 16:59:23
299978,12,2,화장실,있음,3,2025-09-19 16:59:23,2025-09-19 16:59:23
299978,12,3,입 장 료,무료,3,2025-09-19 16:59:23,2025-09-19 16:59:23
299978,12,4,외국어 안내서비스,,4,2025-09-19 16:59:23,2025-09-19 16:59:23
2741117,12,0,입 장 료,무료,3,2025-09-19 16:59:24,2025-09-19 16:59:24
126803,12,0,화장실,있음,3,2025-09-19 16:59:24,2025-09-19 16:59:24
3060934,12,0,입 장 료,무료,3,2025-09-19 16:59:25,2025-09-19 16:59:25
3060934,12,1,화장실,있음,3,2025-09-19 16:59:25,2025-09-19 16:59:25
299980,12,0,화장실,있음,3,2025-09-19 16:59:25,2025-09-19 16:59:25
299980,12,1,입 장 료,무료,3,2025-09-19 16:59:25,2025-09-19 16:59:25
2402981,12,0,입 장 료,무료,3,2025-09-19 16:59:25,2025-09-19 16:59:25
2753103,12,0,등산로,,1,2025-09-19 16:59:25,2025-09-19 16:59:25
2753103,12,1,관광코스안내,,2,2025-09-19 16:59:25,2025-09-19 16:59:25
2753103,12,2,화장실,있음,3,2025-09-19 16:59:25,2025-09-19 16:59:25
2753103,12,3,주차요금,5분당 100원,3,2025-09-19 16:59:25,2025-09-19 16:59:25
2753103,12,4,한국어 안내서비스,,4,2025-09-19 16:59:25,2025-09-19 16:59:25
1602451,12,0,화장실,있음(남녀 구분),3,2025-09-19 16:59:26,2025-09-19 16:59:26
1602451,12,1,이용가능시설,등산로 / 관리사무소 / 전망대 / 체력단련장 / 자연학습장 / 야생화원 / 무장애나눔길,3,2025-09-19 16:59:26,2025-09-19 16:59:26
3076460,12,0,입 장 료,무료,3,2025-09-19 16:59:26,2025-09-19 16:59:26
3076460,12,1,화장실,있음,3,2025-09-19 16:59:26,2025-09-19 16:59:26
300076,12,0,입 장 료,무료,3,2025-09-19 16:59:26,2025-09-19 16:59:26
300076,12,1,화장실,있음,3,2025-09-19 16:59:26,2025-09-19 16:59:26
1605948,12,0,등산로,,1,2025-09-19 16:59:26,2025-09-19 16:59:26
1605948,12,1,관광코스안내,,2,2025-09-19 16:59:26,2025-09-19 16:59:26
1605948,12,2,입 장 료,"- 성인 20,000원<br>
- 학생(만 13세~18세) 15,000원<br>
- 어린이(만 12세 이하) 13,000원<br>
- 우대(만 65세 이상 / 국가유공자 및 유가족 / 군인 본인 / 장애인) 13,000원<br>
※ 무료 : 36개월 미만 무료(증명 자료 지참 필수)<br>
※ 우대 대상자 신분증 및 증명 자료 지참 필수",3,2025-09-19 16:59:26,2025-09-19 16:59:26
1605948,12,3,주차요금,"[평일] 2시간 무료 / 이후 10분당 1,000원<br>
[주말] 1시간 30분 무료 / 이후 10분당 1,000원",3,2025-09-19 16:59:26,2025-09-19 16:59:26
1605948,12,4,화장실,있음,3,2025-09-19 16:59:26,2025-09-19 16:59:26
1605948,12,5,한국어 안내서비스,,4,2025-09-19 16:59:26,2025-09-19 16:59:26
2733970,12,0,시설이용료,"- 축구장 100,000원~160,000원<br>
- 테니스장 18,000원~36,000원<br>
- 풋살구장 40,000원~62,000원<br>
※ 체육대회 및 행사 이용료는 홈페이지 참조 또는 전화 문의 요망",3,2025-09-19 16:59:26,2025-09-19 16:59:26
2733970,12,1,이용가능시설,축구장 / 테니스장 / 풋살구장 등,3,2025-09-19 16:59:26,2025-09-19 16:59:26
126534,12,0,등산로,,1,2025-09-19 16:59:27,2025-09-19 16:59:27
126534,12,1,관광코스안내,,2,2025-09-19 16:59:27,2025-09-19 16:59:27
126534,12,2,이용가능시설,마로니에공원 / 낙산공원 / 박물관 / 갤러리 / 공연장 등,3,2025-09-19 16:59:27,2025-09-19 16:59:27
126534,12,3,화장실,있음,3,2025-09-19 16:59:27,2025-09-19 16:59:27
126534,12,4,입 장 료,무료,3,2025-09-19 16:59:27,2025-09-19 16:59:27
126534,12,5,한국어 안내서비스,,4,2025-09-19 16:59:27,2025-09-19 16:59:27
127015,12,0,화장실,있음(남녀 구분),3,2025-09-19 16:59:27,2025-09-19 16:59:27
2373223,12,0,입 장 료,무료 ,3,2025-09-19 16:59:27,2025-09-19 16:59:27
3352052,12,0,,,1,2025-09-19 16:59:28,2025-09-19 16:59:28
3352052,12,1,,,2,2025-09-19 16:59:28,2025-09-19 16:59:28
3352052,12,2,이용가능시설,잔디광장 / 테니스장 / 농구장 / 배드민턴장 / 야외무대 / 놀이터 등,3,2025-09-19 16:59:28,2025-09-19 16:59:28
3352052,12,3,화장실,있음,3,2025-09-19 16:59:28,2025-09-19 16:59:28
3352052,12,4,입 장 료,무료,3,2025-09-19 16:59:28,2025-09-19 16:59:28
3352052,12,5,,,4,2025-09-19 16:59:28,2025-09-19 16:59:28
3043811,12,0,이용가능시설,디자인 레퍼런스 / 페이퍼 라이브러리 / 스튜디오 / 세미나실 / 워크스페이스 등,3,2025-09-19 16:59:28,2025-09-19 16:59:28
3043811,12,1,입 장 료,무료,3,2025-09-19 16:59:28,2025-09-19 16:59:28
3043811,12,2,화장실,있음,3,2025-09-19 16:59:28,2025-09-19 16:59:28
2794931,12,0,시설이용료,프로그램 별로 상이,3,2025-09-19 16:59:28,2025-09-19 16:59:28
126509,12,0,화장실,있음,3,2025-09-19 16:59:28,2025-09-19 16:59:28
126509,12,1,입 장 료,"- 개인 1,000원<br>
- 단체(10인 이상) 800원<br>
※ 덕수궁 미술관 이용자는 덕수궁 관람권 및 미술관 관람권 별도 구매 요망",3,2025-09-19 16:59:28,2025-09-19 16:59:28
1605981,12,0,입 장 료,"- 개인 1,000원<br>
- 단체(10인 이상) 800원<br>
※ 덕수궁 미술관 이용자는 덕수궁 관람권 및 미술관 관람권 별도 구매 요망",3,2025-09-19 16:59:29,2025-09-19 16:59:29
129186,12,0,입 장 료,무료,3,2025-09-19 16:59:29,2025-09-19 16:59:29
126481,12,0,입산통제 구간,"등산로 통제구간 안내 <a title=""등산로 통제구간 검색"" href=""http://hiking.kworks.co.kr/sub_map/map_user01.aspx"" target=""_blank"">http://hiking.kworks.co.kr/sub_map/map_user01.aspx</a>

",1,2025-09-19 16:59:29,2025-09-19 16:59:29
126481,12,1,입산통제 기간,"[산불 예방을 위해 개방 등산로 외 전 지역 통제]<br>
매년 춘계 (3~5월 중순), 추계 (11월 중순~12월 중순)<br>
※ 건조특보, 적설, 강우 등 현지여건에 따라 사무소장이 판단하여 탄력적으로 운영<br><br>
[도봉계곡 출입 금지 통제 기간]<br>2007. 05. 01 ~ 별도 개방시까지",1,2025-09-19 16:59:29,2025-09-19 16:59:29
126481,12,2,등산로,"[북한산] <br> 
우이암매표소∼원통사<br>
육모정매표소∼육모정고개<br>
우이암∼우이깔딱고개(단, 하루재∼우이깔딱고개,우이령∼육모정고개는 특별보호구로 출입통제)<br>
백운탐방지원센터∼깔딱고개(단, 우이대피소위 하루재깔딱고개갈림길 ∼깔딱고개 위는 특별보호구로 출입통제)<br>
백운대매표소∼하루재∼위문∼백운대<br>
용암문매표소∼용암문<br>
선운교∼옥류교∼소귀천매표소∼대동약수<br>
백련사매표소∼진달래능선∼대동문<br>
운가사매표소∼진달래능선<br>
아카데미매표소∼구천폭포∼대동문<br>
위문∼용암문∼대동문∼보국문∼대성문∼대남문<br>
냉골매표소∼칼바위능선<br>
화계동매표소∼칼바위능선<br>
빨래골매표소∼정릉초교∼산성주능선<br>
정릉매표소∼보국문<br>
청수폭포∼일선사∼대성문<br>
북악매표소∼형제봉삼거리<br>
형제봉매표소∼형제봉∼일선사<br>
평창1매표소∼일선사∼보현봉∼대남문(단, 일선사∼보현봉∼대남문은 특별보호구로 출입통제)<br>
구기분소∼대남문<br>
비봉매표소∼비봉능선∼문수봉∼대남문<br>
승가매표소∼비봉능선<br>
탕춘대매표소∼절터샘<br>
구기터널입구∼구기불광능선<br>
정진∼족두리봉<br>
불광계곡∼비봉<br>
선림∼향림봉밑갈림길<br>
기자촌∼향로봉<br>
진관계곡∼비봉<br>
삼천사계곡∼사모바위<br>
삼천사계곡∼문수봉<br>
삼천사계곡입구∼삼천사∼부왕동암문<br>
백화사입구∼가사당암문<br>
용암사입구∼의상능선∼문수봉<br>
산성분소∼보리사<br>
범용사입구∼가사당암문<br>
행궁지입구∼남장대지∼청수동암문<br>
북한산성계곡∼대성암∼대남문<br>
효자원∼원효봉∼대동사입구<br>
북한산성입구∼대서문∼위문<br>
밤골입구∼밤골계곡<br>
사기막골입구∼백운대<br>
태고사∼북한산대피소<br>
용학사∼부왕동암문<br>
독박골∼구기불광능선<br>
등운각∼중성문∼보국문<br>
강북구 우이동∼장흥면 교현리(우이령길)<br>
우이분소 밑∼구복암위 삼거리<br>
불심원 뒤∼구기터널 하단<br>
수리봉계곡입구∼정진사 입구<br>
선림사∼고양 공원묘지 입구<br>
효자동 입구∼솔고개<br>
구기계곡삼거리∼승가사<br>
효자비∼밤골능선삼거리<br>
효자비∼북문<br>
삼천사하단∼응봉능선∼사모바위<br>
대호아파트 뒤∼족두리봉<br>
탕춘대매표소∼암문<br>
독박골∼족두리봉 밑 갈림길<br>
해원사삼거리∼구기분소<br><br>
[북한산도봉]<br>
광륜사~은석암<br>
녹야원입구~다락능선<br>
통일교-도봉대피소~다락능선<br>
석굴삼거리~신선대<br>
도봉대피소~마당바위-주봉<br>
성도원하단~마당바위<br>
성도원상단~관음암~도봉주능선<br>
도봉서원~거북골~도봉주능선<br>
통일교~보문능선~우이암능선<br>
포대입구~도봉주능선~우이암<br>
무수골~원통사~우이암<br>
오봉능선~도봉주능선<br>
송추~송추남능선~오봉능선~도봉주능선<br>
송추폭포입구~오봉능선<br>
송추~사패능선<br>
사패산~사패능선~포대능선<br>
성불사입구~범골능선<br>
안골~사패산<br>
의정부시청뒤~백인굴<br>
범골~범골능선~사패능선<br>
회룡골~사패능선<br>
안말~체력단련장<br>
원도봉~체력단련장~포대능선<br>
덕제샘~망월사~포대능선<br>
원도봉~덕제샘~포대능선<br>
원도봉~다락능선~포대능선<br>
원각사입구~사패능선<br>
의정부.도봉경계~강북.도봉구 경계<br>
송추IC~오봉탐방지원센터<br>
원각사 입구~의정부시청뒤<br>
시청IC~원도봉입구<br>
거북골~보문능선~도봉주능선<br>
성불사 입구~천진사<br>
오봉샘~오봉능선<br>
도봉서원~산정약수 ",1,2025-09-19 16:59:29,2025-09-19 16:59:29
126481,12,3,입 장 료,무료,3,2025-09-19 16:59:29,2025-09-19 16:59:29
126481,12,4,화장실,있음,3,2025-09-19 16:59:29,2025-09-19 16:59:29
1955511,12,0,입 장 료,무료 ,3,2025-09-19 16:59:30,2025-09-19 16:59:30
126486,12,0,입 장 료,"무료
",3,2025-09-19 16:59:30,2025-09-19 16:59:30
126486,12,1,화장실,있음,3,2025-09-19 16:59:30,2025-09-19 16:59:30
126502,12,0,등산로,"북한산 도선사 코스<br>
도선사 - 백운대 - 백운대탐방지원센터
",1,2025-09-19 16:59:30,2025-09-19 16:59:30
126502,12,1,화장실,있음(남녀 구분),3,2025-09-19 16:59:30,2025-09-19 16:59:30
126502,12,2,이용가능시설,대웅전 / 호국참회원 / 명부전 /도선사불교대학 / 청담기념관 / 삼성각 / 적묵당 / 천왕문 / 범종각 / 종무소 / 요사채 ,3,2025-09-19 16:59:30,2025-09-19 16:59:30
126502,12,3,외국어 안내서비스,불가,4,2025-09-19 16:59:30,2025-09-19 16:59:30
750863,12,0,입 장 료,무료,3,2025-09-19 16:59:30,2025-09-19 16:59:30
1828571,12,0,등산로,,1,2025-09-19 16:59:31,2025-09-19 16:59:31
1828571,12,1,관광코스안내,,2,2025-09-19 16:59:31,2025-09-19 16:59:31
1828571,12,2,입 장 료,무료,3,2025-09-19 16:59:31,2025-09-19 16:59:31
1828571,12,3,주차요금,"[대형] 10분당 630원<br>
※ 단, 10:00~14:00 10분당 900원<br>
[소형] 10분당 300원",3,2025-09-19 16:59:31,2025-09-19 16:59:31
1828571,12,4,한국어 안내서비스,,4,2025-09-19 16:59:31,2025-09-19 16:59:31
127425,12,0,입 장 료,무료,3,2025-09-19 16:59:31,2025-09-19 16:59:31
127425,12,1,화장실,있음 ,3,2025-09-19 16:59:31,2025-09-19 16:59:31
2756142,12,0,입 장 료,무료,3,2025-09-19 16:59:31,2025-09-19 16:59:31
2756142,12,1,화장실,있음,3,2025-09-19 16:59:31,2025-09-19 16:59:31
2756142,12,2,이용가능시설,공원시설 / 잔디축구장 / 운동장 등,3,2025-09-19 16:59:31,2025-09-19 16:59:31
3023349,12,0,,,1,2025-09-19 16:59:32,2025-09-19 16:59:32
3023349,12,1,,,2,2025-09-19 16:59:32,2025-09-19 16:59:32
3023349,12,2,입 장 료,"[덕수궁 입장료]<br>
- 대인 1,000원<br>
- 소인 800원",3,2025-09-19 16:59:32,2025-09-19 16:59:32
3023349,12,3,,,4,2025-09-19 16:59:32,2025-09-19 16:59:32
3060927,12,0,화장실,없음,3,2025-09-19 16:59:32,2025-09-19 16:59:32
1187220,12,0,입 장 료,무료,3,2025-09-19 16:59:33,2025-09-19 16:59:33
2470006,12,0,입 장 료,"무료<br>
※ 이벤트 및 체험 프로그램 별로 별도 요금 발생할 수 있음",3,2025-09-19 16:59:33,2025-09-19 16:59:33
2470006,12,1,이용가능시설,아트홀 / 뮤지엄 / 디자인랩 / 동대문역사문화공원 / 야외공간 등,3,2025-09-19 16:59:33,2025-09-19 16:59:33
1906334,12,0,입 장 료,무료 ,3,2025-09-19 16:59:34,2025-09-19 16:59:34
1906334,12,1,화장실,있음,3,2025-09-19 16:59:34,2025-09-19 16:59:34
2764187,12,0,예약안내,"- 자율이용공간(휴카페, Y-CAFÉ, 꾸미터)은 개방시간에 자유롭게 사용할 수 있음<br>
- 0_Ground와 M_Ground는 동작청소년문화의 집 동아리활동 및 사전 예약을 통해 사용할 수 있음<br>
- 기관 내 운영되는 프로그램은 사전 신청, 접수 완료 후 참여할 수 있음",3,2025-09-19 16:59:34,2025-09-19 16:59:34
2764187,12,1,대관안내,"대관 이용일 2주 전까지 대관 신청 가능<br>
※ 대관신청서는 아지트 인스타그램 (@aj_azit)에서 확인 가능",3,2025-09-19 16:59:34,2025-09-19 16:59:34
3006915,12,0,화장실,있음,3,2025-09-19 16:59:34,2025-09-19 16:59:34
2456069,12,0,입 장 료,무료,3,2025-09-19 16:59:35,2025-09-19 16:59:35
2757145,12,0,주차요금,"[뚝섬한강공원 4 주차장]<br>
- 최초 30분 1,000원 <br>
- 초과 10분 200원 <br>
- 1일 주차 최고한도 10,000원",3,2025-09-19 16:59:36,2025-09-19 16:59:36
2757145,12,1,화장실,가능 (남/녀 구분),3,2025-09-19 16:59:36,2025-09-19 16:59:36
2757145,12,2,이용가능시설,"사물함, 복합기",3,2025-09-19 16:59:36,2025-09-19 16:59:36
2757145,12,3,이용가능시설,"휴식시설, 카페, 독서시설, 모임시설, 사무공간",3,2025-09-19 16:59:36,2025-09-19 16:59:36
2757145,12,4,이용가능시설,안전시설 설비사항: 소화기,3,2025-09-19 16:59:36,2025-09-19 16:59:36
2757145,12,5,내국인 예약안내,3층 상상마루 - 서울시 공공서비스예약(https://yeyak.seoul.go.kr)사이트에서 정기(월 단위) 접수 예약 후 이용 가능,4,2025-09-19 16:59:36,2025-09-19 16:59:36
1030763,12,0,이용가능시설,체육(운동)시설 / 문화시설 / 자연·학습시설 등,3,2025-09-19 16:59:36,2025-09-19 16:59:36
1030763,12,1,화장실,있음,3,2025-09-19 16:59:36,2025-09-19 16:59:36
1030763,12,2,주차요금,"최초 30분 1,000원 / 초과 10분당 200원
",3,2025-09-19 16:59:36,2025-09-19 16:59:36
1030763,12,3,입 장 료,무료 ,3,2025-09-19 16:59:36,2025-09-19 16:59:36
2756578,12,0,주차요금,"- 최초 30분 1,000원 / 초과 10분당 200원<br>
- 1일 주차 최고한도 10,000원",3,2025-09-19 16:59:36,2025-09-19 16:59:36
2756578,12,1,이용가능시설,"공원시설 / 분수 / 인공암벽장 등
",3,2025-09-19 16:59:36,2025-09-19 16:59:36
2756578,12,2,입 장 료,"무료		
",3,2025-09-19 16:59:36,2025-09-19 16:59:36
2756578,12,3,화장실,있음,3,2025-09-19 16:59:36,2025-09-19 16:59:36
2992824,12,0,시설이용료,전화 문의,3,2025-09-19 16:59:37,2025-09-19 16:59:37
2992824,12,1,내국인 예약안내,전화 또는 네이버 예약,4,2025-09-19 16:59:37,2025-09-19 16:59:37
2440925,12,0,입 장 료,※ 자세한 사항은 전화문의 및 홈페이지 참조 요망,3,2025-09-19 16:59:37,2025-09-19 16:59:37
3090533,12,0,화장실,있음,3,2025-09-19 16:59:38,2025-09-19 16:59:38
3090533,12,1,입 장 료,무료,3,2025-09-19 16:59:38,2025-09-19 16:59:38
2476731,12,0,예약안내,,3,2025-09-19 16:59:38,2025-09-19 16:59:38
126498,12,0,등산로,,1,2025-09-19 16:59:38,2025-09-19 16:59:38
126498,12,1,관광코스안내,,2,2025-09-19 16:59:38,2025-09-19 16:59:38
126498,12,2,화장실,있음,3,2025-09-19 16:59:38,2025-09-19 16:59:38
126498,12,3,주차요금,"종합이용권 이용 시 3시간 무료(이후 10분당 1,000원)",3,2025-09-19 16:59:38,2025-09-19 16:59:38
126498,12,4,이용가능시설,어트랙션 / 민속박물관 / 기프트샵 / 편의시설 등,3,2025-09-19 16:59:38,2025-09-19 16:59:38
126498,12,5,입 장 료,"[종합이용권(롯데월드+민속박물관)]<br>
- 어른 64,000원<br>
- 청소년 56,000원<br>
- 어린이 48,000원<br>
- 베이비 16,000원<br>
[파크이용권(롯데월드)]<br>
- 어른 61,000원<br>
- 청소년 54,000원<br>
- 어린이 47,000원<br>
- 베이비 16,000원<br>
※ 위 요금은 롯데월드 어드벤처 입장 및 놀이시설 이용요금으로 게임시설 등 유료시설 제외<br>
※ 자세한 사항은 홈페이지 참조",3,2025-09-19 16:59:38,2025-09-19 16:59:38
126498,12,6,한국어 안내서비스,,4,2025-09-19 16:59:38,2025-09-19 16:59:38
2492348,12,0,입 장 료,"[일반티켓]<br>
- 어른(만 13세 이상) 31,000원<br>
- 어린이(36개월 이상~만 12세 이하) 27,000원<br>
<br>
[Fast Pass] <br>
- 전 연령 62,000원<br>
<br>
[서울스카이 + 아쿠아리움 패키지]<br>
- 어른(만 13세 이상) 58,000원<br>
- 어린이(36개월 이상~만 12세 이하) 52,000원<br>
- 경로(만 65세 이상) 52,000원<br>
※ 자세한 사항은 홈페이지 참조",3,2025-09-19 16:59:38,2025-09-19 16:59:38
2492348,12,1,이용가능시설,스카이 데크 / 스카이 테라스 / 스카이 셔틀 / 스카이 쇼 / 스카이 시어터(메인 전망대) 등,3,2025-09-19 16:59:38,2025-09-19 16:59:38
2492348,12,2,주차요금,"- 전망대 당일 방문고객 주차 할인권 지급<br>
- 4시간 이후 정상 주차 요금 적용<br>
- 10:00~20:00까지 10분당 500원<br>
- 그 외 시간 10분당 200원",3,2025-09-19 16:59:38,2025-09-19 16:59:38
2003909,12,0,상점정보,"[롯데월드타워]<br />
* 서울스카이, 시그니엘 서울 등<br />
<br />
[롯데월드몰]<br />
* 아쿠아리움, 롯데마트, 에비뉴엘, 쇼핑몰, 롯데 하이마트, 롯데콘서트홀, 롯데시네마, 테마식당가 등",2,2025-09-19 16:59:39,2025-09-19 16:59:39
2003909,12,1,주차요금,"[10:00~20:00]<br>
- 평일 10분당 300원<br>
- 주말 10분당 500원<br>
- 그 외 시간 200원<br>
[시네마 / 아쿠아리움 / 뮤지엄 당일 티켓 소지자] 10분당 200원 (최대 4시간까지 / 초과분은 기본요금 체계 적용) <br>
[콘서트홀 당일 티켓 소지자] 4시간에 4,800원 (정액제 / 초과분은 기본요금 체계 적용)",3,2025-09-19 16:59:39,2025-09-19 16:59:39
2003909,12,2,화장실,있음,3,2025-09-19 16:59:39,2025-09-19 16:59:39
2591813,12,0,등산로,,1,2025-09-19 16:59:39,2025-09-19 16:59:39
2591813,12,1,관광코스안내,,2,2025-09-19 16:59:39,2025-09-19 16:59:39
2591813,12,2,입 장 료,무료,3,2025-09-19 16:59:39,2025-09-19 16:59:39
2591813,12,3,한국어 안내서비스,,4,2025-09-19 16:59:39,2025-09-19 16:59:39
2850356,12,0,시설이용료,음료와 게임 종류에 따라 다름 (홈페이지 참조),3,2025-09-19 16:59:40,2025-09-19 16:59:40
3027054,12,0,대관안내,02-745-0202,3,2025-09-19 16:59:40,2025-09-19 16:59:40
2720441,12,0,이용가능시설,메이크업 스튜디오 / 휴게실 등,3,2025-09-19 16:59:41,2025-09-19 16:59:41
3331253,12,0,,,1,2025-09-19 16:59:41,2025-09-19 16:59:41
3331253,12,1,,,2,2025-09-19 16:59:41,2025-09-19 16:59:41
3331253,12,2,입 장 료,무료,3,2025-09-19 16:59:41,2025-09-19 16:59:41
3331253,12,3,주차요금,5분당 100원,3,2025-09-19 16:59:41,2025-09-19 16:59:41
3331253,12,4,,,4,2025-09-19 16:59:41,2025-09-19 16:59:41
126487,12,0,이용가능시설,야외무대 / 분수대 / 조합놀이대 등,3,2025-09-19 16:59:42,2025-09-19 16:59:42
126487,12,1,화장실,있음 ,3,2025-09-19 16:59:42,2025-09-19 16:59:42
2752525,12,0,입 장 료,"무료		
",3,2025-09-19 16:59:42,2025-09-19 16:59:42
2752525,12,1,화장실,"있음
",3,2025-09-19 16:59:42,2025-09-19 16:59:42
2752525,12,2,이용가능시설,"놀이터		
",3,2025-09-19 16:59:42,2025-09-19 16:59:42
3483103,12,0,,,3,2025-09-19 16:59:42,2025-09-19 16:59:42
2757653,12,0,화장실,있음,3,2025-09-19 16:59:43,2025-09-19 16:59:43
2757653,12,1,입 장 료,무료 ,3,2025-09-19 16:59:43,2025-09-19 16:59:43
753558,12,0,입 장 료,무료,3,2025-09-19 16:59:43,2025-09-19 16:59:43
3385841,12,0,,,1,2025-09-19 16:59:43,2025-09-19 16:59:43
3385841,12,1,,,2,2025-09-19 16:59:43,2025-09-19 16:59:43
3385841,12,2,,,3,2025-09-19 16:59:43,2025-09-19 16:59:43
3385841,12,3,,,4,2025-09-19 16:59:43,2025-09-19 16:59:43
2373247,12,0,입 장 료,무료 ,3,2025-09-19 16:59:43,2025-09-19 16:59:43
1395466,12,0,입 장 료,무료 ,3,2025-09-19 16:59:44,2025-09-19 16:59:44
2650756,12,0,입 장 료,무료 ,3,2025-09-19 16:59:44,2025-09-19 16:59:44
1115203,12,0,입 장 료,무료,3,2025-09-19 16:59:45,2025-09-19 16:59:45
1115203,12,1,화장실,있음(남녀 구분),3,2025-09-19 16:59:45,2025-09-19 16:59:45
3062089,12,0,화장실,있음,3,2025-09-19 16:59:45,2025-09-19 16:59:45
127307,12,0,입 장 료,무료,3,2025-09-19 16:59:45,2025-09-19 16:59:45
1059638,12,0,입 장 료,무료,3,2025-09-19 16:59:46,2025-09-19 16:59:46
1131275,12,0,등산로,,1,2025-09-19 16:59:46,2025-09-19 16:59:46
1131275,12,1,관광코스안내,,2,2025-09-19 16:59:46,2025-09-19 16:59:46
1131275,12,2,주차요금,"[매헌 윤봉길의사 기념관 주차장] 10분당 300원<br>
[매헌시민의 숲(매헌역) 주차장] 10분당 500원<br>
[매헌시민의 숲 동측 주차장] 10분당 500원",3,2025-09-19 16:59:46,2025-09-19 16:59:46
1131275,12,3,이용가능시설,매헌 윤봉길의사 기념관 / 어린이놀이터 / 운동시설 / 반려견 놀이터 등,3,2025-09-19 16:59:46,2025-09-19 16:59:46
1131275,12,4,입 장 료,무료,3,2025-09-19 16:59:46,2025-09-19 16:59:46
1131275,12,5,화장실,있음,3,2025-09-19 16:59:46,2025-09-19 16:59:46
1131275,12,6,내국인 예약안내,,4,2025-09-19 16:59:46,2025-09-19 16:59:46
2373320,12,0,등산로,,1,2025-09-19 16:59:46,2025-09-19 16:59:46
2373320,12,1,관광코스안내,,2,2025-09-19 16:59:46,2025-09-19 16:59:46
2373320,12,2,주차요금,"기본 30분 1,000원 / 이후 10분당 300원",3,2025-09-19 16:59:46,2025-09-19 16:59:46
2373320,12,3,입 장 료,무료,3,2025-09-19 16:59:46,2025-09-19 16:59:46
2373320,12,4,한국어 안내서비스,,4,2025-09-19 16:59:46,2025-09-19 16:59:46
264311,12,0,등산로,,1,2025-09-19 16:59:46,2025-09-19 16:59:46
264311,12,1,관광코스안내,,2,2025-09-19 16:59:46,2025-09-19 16:59:46
264311,12,2,입 장 료,무료,3,2025-09-19 16:59:46,2025-09-19 16:59:46
264311,12,3,외국어 안내서비스,,4,2025-09-19 16:59:46,2025-09-19 16:59:46
1957600,12,0,화장실,있음,3,2025-09-19 16:59:47,2025-09-19 16:59:47
2583158,12,0,입 장 료,"무료
",3,2025-09-19 16:59:47,2025-09-19 16:59:47
2583158,12,1,이용가능시설,서울마이소울샵 / 상징기념품 판매관 / 관광홍보물 비치,3,2025-09-19 16:59:47,2025-09-19 16:59:47
2761662,12,0,입 장 료,무료,3,2025-09-19 16:59:47,2025-09-19 16:59:47
250350,12,0,등산로,,1,2025-09-19 16:59:48,2025-09-19 16:59:48
250350,12,1,관광코스안내,,2,2025-09-19 16:59:48,2025-09-19 16:59:48
250350,12,2,입 장 료,무료,3,2025-09-19 16:59:48,2025-09-19 16:59:48
250350,12,3,한국어 안내서비스,,4,2025-09-19 16:59:48,2025-09-19 16:59:48
753981,12,0,화장실,있음,3,2025-09-19 16:59:49,2025-09-19 16:59:49
127525,12,0,입 장 료,무료,3,2025-09-19 16:59:49,2025-09-19 16:59:49
127525,12,1,주차요금, 최초 10분 무료 / 이후 10분당 600원씩 추가 요금 발생,3,2025-09-19 16:59:49,2025-09-19 16:59:49
127525,12,2,화장실,있음,3,2025-09-19 16:59:49,2025-09-19 16:59:49
3013272,12,0,화장실,있음,3,2025-09-19 16:59:49,2025-09-19 16:59:49
3013272,12,1,입 장 료,무료,3,2025-09-19 16:59:49,2025-09-19 16:59:49
1603543,12,0,화장실,있음(남녀 구분),3,2025-09-19 16:59:49,2025-09-19 16:59:49
2759649,12,0,입 장 료,"무료		
",3,2025-09-19 16:59:50,2025-09-19 16:59:50
126531,12,0,입 장 료,무료,3,2025-09-19 16:59:50,2025-09-19 16:59:50
2762874,12,0,입 장 료,무료,3,2025-09-19 16:59:51,2025-09-19 16:59:51
2762874,12,1,화장실,있음 ,3,2025-09-19 16:59:51,2025-09-19 16:59:51
2751348,12,0,화장실,있음,3,2025-09-19 16:59:51,2025-09-19 16:59:51
2751348,12,1,주차요금,1회 주차 시 5분당 250원,3,2025-09-19 16:59:51,2025-09-19 16:59:51
2650230,12,0,이용가능시설,"갤러리M30 / 박스씨어터 대관 가능<br>
※ 시설대관과 관련된 자세한 사항은 홈페이지 참조 요망",3,2025-09-19 16:59:51,2025-09-19 16:59:51
2781318,12,0,촬영장소,"영화 <어벤저스2:에이지 오브 울트론><br>
영화 <아저씨><br>
영화 <특별시민><br>
KBS2 드라마 <추리의 여왕 시즌2>",2,2025-09-19 16:59:52,2025-09-19 16:59:52
2781318,12,1,입 장 료,무료,3,2025-09-19 16:59:52,2025-09-19 16:59:52
250364,12,0,입 장 료,무료,3,2025-09-19 16:59:52,2025-09-19 16:59:52
250364,12,1,화장실,있음(남녀 구분),3,2025-09-19 16:59:52,2025-09-19 16:59:52
2733852,12,0,화장실,있음,3,2025-09-19 16:59:52,2025-09-19 16:59:52
2733852,12,1,입 장 료,무료,3,2025-09-19 16:59:52,2025-09-19 16:59:52
2469939,12,0,이용가능시설,전시실 / 체험실 / 기념품샵 / 편의점 / 색당 등,3,2025-09-19 16:59:53,2025-09-19 16:59:53
2469939,12,1,입 장 료,"[일반]<br>
- 19세 이상 5,000원<br>
- 8~18세 3,000원<br>
- 36개월~7세 2,000원<br>
[단체 (20인 이상)]<br>
- 19세 이상 4,000원<br>
- 8~18세 2,000원<br>
- 36개월~7세 1,000원<br>
※ 무료 (나이 확인이 가능한 신분증 지참 필수)<br>
- 36개월 미만 / 65세 이상 / 장애인 및 그 인솔자 / 어린이집·학교단체 인솔자 / 사전답사자 (3일 전 예약필수) / 취재 요청 시(공문 필수)",3,2025-09-19 16:59:53,2025-09-19 16:59:53
2469939,12,2,화장실,있음,3,2025-09-19 16:59:53,2025-09-19 16:59:53
3056596,12,0,화장실,있음,3,2025-09-19 16:59:53,2025-09-19 16:59:53
3056596,12,1,입 장 료,"- 입장료 15,000원<br>
- 파충류 체험 추가 2,000원<br>
- 음료 2,000원",3,2025-09-19 16:59:53,2025-09-19 16:59:53
309300,12,0,화장실,있음,3,2025-09-19 16:59:53,2025-09-19 16:59:53
309302,12,0,화장실,있음(남녀 구분),3,2025-09-19 16:59:54,2025-09-19 16:59:54
309299,12,0,등산로,,1,2025-09-19 16:59:54,2025-09-19 16:59:54
309299,12,1,관광코스안내,,2,2025-09-19 16:59:54,2025-09-19 16:59:54
309299,12,2,입 장 료,무료,3,2025-09-19 16:59:54,2025-09-19 16:59:54
309299,12,3,화장실,있음,3,2025-09-19 16:59:54,2025-09-19 16:59:54
309299,12,4,외국어 안내서비스,,4,2025-09-19 16:59:54,2025-09-19 16:59:54
605961,12,0,입 장 료,무료,3,2025-09-19 16:59:54,2025-09-19 16:59:54
2373326,12,0,입 장 료,무료,3,2025-09-19 16:59:54,2025-09-19 16:59:54
2373326,12,1,화장실,있음,3,2025-09-19 16:59:54,2025-09-19 16:59:54
1828631,12,0,입 장 료,무료,3,2025-09-19 16:59:54,2025-09-19 16:59:54
753983,12,0,화장실,있음,3,2025-09-19 16:59:55,2025-09-19 16:59:55
753983,12,1,입 장 료,무료,3,2025-09-19 16:59:55,2025-09-19 16:59:55
753983,12,2,주차요금,"최초 30분 1,000원 / 초과 10분당 200원<br>
※ 설·추석 전일, 당일, 다음날(각 3일)은 무료개방",3,2025-09-19 16:59:55,2025-09-19 16:59:55
729167,12,0,화장실,있음,3,2025-09-19 16:59:55,2025-09-19 16:59:55
729167,12,1,주차요금,"최초 30분 1,000원 / 초과 10분당 200원<br>
※ 설·추석 전일, 당일, 다음날(각 3일)은 무료개방",3,2025-09-19 16:59:55,2025-09-19 16:59:55
970138,12,0,입 장 료,무료,3,2025-09-19 16:59:55,2025-09-19 16:59:55
970138,12,1,화장실,있음,3,2025-09-19 16:59:55,2025-09-19 16:59:55
970138,12,2,주차요금,"최초 30분 1,000원 / 초과 10분당 200원<br>
※ 설·추석 전일, 당일, 다음날(각 3일)은 무료개방",3,2025-09-19 16:59:55,2025-09-19 16:59:55
970138,12,3,이용가능시설,체육시설 / 문화시설 / 자전거대여점 등,3,2025-09-19 16:59:55,2025-09-19 16:59:55
2763875,12,0,촬영장소,MBC에브리원 <어서와 한국은 처음이지?> 100화,2,2025-09-19 16:59:55,2025-09-19 16:59:55
2763875,12,1,화장실,있음,3,2025-09-19 16:59:55,2025-09-19 16:59:55
2763875,12,2,주차요금,"최초 30분 1,000원 / 초과 10분당 200원<br>
※ 설·추석 전일, 당일, 다음날(각 3일)은 무료개방",3,2025-09-19 16:59:55,2025-09-19 16:59:55
2763875,12,3,입 장 료,무료 ,3,2025-09-19 16:59:55,2025-09-19 16:59:55
2763871,12,0,화장실,있음,3,2025-09-19 16:59:56,2025-09-19 16:59:56
2763871,12,1,시설이용료,"[축구장]<br>
- 평일(주간) 1시간 34,000원<br>
- 평일(야간) 1시간 44,200원<br>
- 주말/공휴일 44,200원<br>
[풋살장]<br>
- 평일(주간) 1시간 4,000원<br>
- 평일(야간) 1시간 5,200원<br>
- 주말/공휴일 1시간 5,200원<br>
※ 이용요금은 변동될 수 있으므로 홈페이지 참조 또는 전화 문의 요망",3,2025-09-19 16:59:56,2025-09-19 16:59:56
2763871,12,2,이용가능시설,축구장 / 풋살장 / 배드민턴장 등,3,2025-09-19 16:59:56,2025-09-19 16:59:56
3043977,12,0,입 장 료,무료,3,2025-09-19 16:59:56,2025-09-19 16:59:56
3043977,12,1,화장실,있음,3,2025-09-19 16:59:56,2025-09-19 16:59:56
814203,12,0,입 장 료,무료,3,2025-09-19 16:59:57,2025-09-19 16:59:57
814203,12,1,화장실,있음,3,2025-09-19 16:59:57,2025-09-19 16:59:57
3076147,12,0,이용가능시설,광장 / 바닥분수 / 썰매장 / 민속놀이마당 ,3,2025-09-19 16:59:57,2025-09-19 16:59:57
3076147,12,1,입 장 료,무료 ,3,2025-09-19 16:59:57,2025-09-19 16:59:57
2661483,12,0,관광코스안내,"배봉산보루(서울시기념물 제42호), 숲속도서관, 인공암벽장, x게임장, 야외무대, 황톳길, 유아숲 체험장, 배드민턴장 등",2,2025-09-19 16:59:57,2025-09-19 16:59:57
2661483,12,1,입 장 료,무료,3,2025-09-19 16:59:57,2025-09-19 16:59:57
309307,12,0,화장실,있음,3,2025-09-19 16:59:58,2025-09-19 16:59:58
309307,12,1,입 장 료,무료 ,3,2025-09-19 16:59:58,2025-09-19 16:59:58
128028,12,0,화장실,있음,3,2025-09-19 16:59:59,2025-09-19 16:59:59
128028,12,1,입 장 료,무료,3,2025-09-19 16:59:59,2025-09-19 16:59:59
1828914,12,0,입 장 료,무료,3,2025-09-19 16:59:59,2025-09-19 16:59:59
1828914,12,1,화장실,있음 ,3,2025-09-19 16:59:59,2025-09-19 16:59:59
1828914,12,2,주차요금,10분 300원,3,2025-09-19 16:59:59,2025-09-19 16:59:59
129418,12,0,입 장 료,무료,3,2025-09-19 16:59:59,2025-09-19 16:59:59
809372,12,0,화장실,있음(남녀 구분),3,2025-09-19 17:00:00,2025-09-19 17:00:00
809372,12,1,입 장 료,없음,3,2025-09-19 17:00:00,2025-09-19 17:00:00
2993160,12,0,입 장 료,무료,3,2025-09-19 17:00:00,2025-09-19 17:00:00
2481866,12,0,입 장 료,무료,3,2025-09-19 17:00:01,2025-09-19 17:00:01
2751294,12,0,등산로,,1,2025-09-19 17:00:03,2025-09-19 17:00:03
2751294,12,1,관광코스안내,,2,2025-09-19 17:00:03,2025-09-19 17:00:03
2751294,12,2,화장실,있음,3,2025-09-19 17:00:03,2025-09-19 17:00:03
2751294,12,3,주차요금,5분당 150원,3,2025-09-19 17:00:03,2025-09-19 17:00:03
2751294,12,4,한국어 안내서비스,,4,2025-09-19 17:00:03,2025-09-19 17:00:03
3006899,12,0,화장실,있음,3,2025-09-19 17:00:05,2025-09-19 17:00:05
315921,12,0,입 장 료,무료,3,2025-09-19 17:00:06,2025-09-19 17:00:06
315921,12,1,화장실,있음,3,2025-09-19 17:00:06,2025-09-19 17:00:06
1603241,12,0,등산로,,1,2025-09-19 17:00:06,2025-09-19 17:00:06
1603241,12,1,관광코스안내,,2,2025-09-19 17:00:06,2025-09-19 17:00:06
1603241,12,2,입 장 료,무료,3,2025-09-19 17:00:06,2025-09-19 17:00:06
1603241,12,3,한국어 안내서비스,,4,2025-09-19 17:00:06,2025-09-19 17:00:06
127940,12,0,화장실,있음,3,2025-09-19 17:00:06,2025-09-19 17:00:06
127940,12,1,입 장 료,무료,3,2025-09-19 17:00:06,2025-09-19 17:00:06
127940,12,2,주차요금,"- 소형 5분당 360원<br>
- 대형 5분당 1,080원",3,2025-09-19 17:00:06,2025-09-19 17:00:06
127940,12,3,이용가능시설,"잔디마당 / 운동시설 / 어린이놀이터 등 
",3,2025-09-19 17:00:06,2025-09-19 17:00:06
1091608,12,0,입 장 료,무료,3,2025-09-19 17:00:07,2025-09-19 17:00:07
1091608,12,1,화장실,있음,3,2025-09-19 17:00:07,2025-09-19 17:00:07
316104,12,0,등산로,,1,2025-09-19 17:00:07,2025-09-19 17:00:07
316104,12,1,관광코스안내,,2,2025-09-19 17:00:07,2025-09-19 17:00:07
316104,12,2,화장실,있음,3,2025-09-19 17:00:07,2025-09-19 17:00:07
316104,12,3,입 장 료,무료,3,2025-09-19 17:00:07,2025-09-19 17:00:07
316104,12,4,한국어 안내서비스,,4,2025-09-19 17:00:07,2025-09-19 17:00:07
605497,12,0,입 장 료,무료,3,2025-09-19 17:00:07,2025-09-19 17:00:07
605497,12,1,이용가능시설,없음,3,2025-09-19 17:00:07,2025-09-19 17:00:07
126516,12,0,장애인 편의시설,화장실이 별도로 없으며 종각역 화장실 또는 종로타워(밀레니엄프라자) 1층 화장실에 장애인용 화장실이 설치되어 있음.,3,2025-09-19 17:00:08,2025-09-19 17:00:08
126516,12,1,입 장 료,무료,3,2025-09-19 17:00:08,2025-09-19 17:00:08
126516,12,2,외국어 안내서비스,없음 ,4,2025-09-19 17:00:08,2025-09-19 17:00:08
316294,12,0,화장실,있음,3,2025-09-19 17:00:08,2025-09-19 17:00:08
316294,12,1,외국어 안내서비스,불가,4,2025-09-19 17:00:08,2025-09-19 17:00:08
3076259,12,0,화장실,있음(남녀 구분),3,2025-09-19 17:00:08,2025-09-19 17:00:08
3076259,12,1,이용가능시설,챌린지코스 / 트램펄린 / 포토존 / 카페 / 푸드코드 등,3,2025-09-19 17:00:08,2025-09-19 17:00:08
3076259,12,2,시설이용료,"[평일]<br>
- 영유아(12개월 이상~24개월 미만) 13,000원<br>
- 소인(24개월 이상~17살 미만) 24,000원<br>
- 대인(17살 이상) 8,000원<br>
[주말/공휴일]<br>
- 영유아(12개월 이상~24개월 미만) 13,000원<br>
- 소인(24개월 이상~17살 미만) 28,000원<br>
- 대인(17살 이상) 8,000원<br>
※  무료 입장 : 12개월 미만(증빙자료 제출)",3,2025-09-19 17:00:08,2025-09-19 17:00:08
3076259,12,3,주차요금,4시간 무료,3,2025-09-19 17:00:08,2025-09-19 17:00:08
316295,12,0,입 장 료,무료 ,3,2025-09-19 17:00:08,2025-09-19 17:00:08
316295,12,1,화장실,있음,3,2025-09-19 17:00:08,2025-09-19 17:00:08
126503,12,0,입 장 료,무료,3,2025-09-19 17:00:09,2025-09-19 17:00:09
126503,12,1,화장실,있음,3,2025-09-19 17:00:09,2025-09-19 17:00:09
126504,12,0,입 장 료,무료,3,2025-09-19 17:00:09,2025-09-19 17:00:09
126504,12,1,화장실,있음,3,2025-09-19 17:00:09,2025-09-19 17:00:09
3082002,12,0,화장실,있음,3,2025-09-19 17:00:09,2025-09-19 17:00:09
1115042,12,0,화장실,있음 (남/녀 구분),3,2025-09-19 17:00:11,2025-09-19 17:00:11
1115299,12,0,화장실,있음,3,2025-09-19 17:00:11,2025-09-19 17:00:11
1115299,12,1,이용가능시설,자연학습장 / 체력단련장 / 배드민턴장 / 농구장 등 ,3,2025-09-19 17:00:11,2025-09-19 17:00:11
3013027,12,0,이용가능시설,한지체험장 / 옹기체험장 / 옹기종기카페 등,3,2025-09-19 17:00:11,2025-09-19 17:00:11
3013027,12,1,화장실,있음,3,2025-09-19 17:00:11,2025-09-19 17:00:11
3013027,12,2,입 장 료,무료,3,2025-09-19 17:00:11,2025-09-19 17:00:11
1367251,12,0,등산로,,1,2025-09-19 17:00:12,2025-09-19 17:00:12
1367251,12,1,관광코스안내,,2,2025-09-19 17:00:12,2025-09-19 17:00:12
1367251,12,2,입 장 료,무료,3,2025-09-19 17:00:12,2025-09-19 17:00:12
1367251,12,3,외국어 안내서비스,,4,2025-09-19 17:00:12,2025-09-19 17:00:12
822384,12,0,화장실,있음,3,2025-09-19 17:00:12,2025-09-19 17:00:12
822384,12,1,입 장 료,무료,3,2025-09-19 17:00:12,2025-09-19 17:00:12
822384,12,2,주차요금,10분당 300원,3,2025-09-19 17:00:12,2025-09-19 17:00:12
822384,12,3,이용가능시설,휴양시설 / 놀이시설 / 운동시설 등,3,2025-09-19 17:00:12,2025-09-19 17:00:12
809190,12,0,관광코스안내,"[코스1] 창의문안내소-말바위안내소 구간: 2시간 내외 소요<br>
[코스2] 숙정문 안내소 - 창의문안내소 구간 : 약2시간 내외 소요<br>
[코스3] 창의문안내소 - 말바위안내소 구간 : 약2시간 내외 소요",2,2025-09-19 17:00:13,2025-09-19 17:00:13
809190,12,1,입 장 료,무료,3,2025-09-19 17:00:13,2025-09-19 17:00:13
809190,12,2,화장실,있음,3,2025-09-19 17:00:13,2025-09-19 17:00:13
809190,12,3,내국인 예약안내,"20명이상 단체일 경우 홈페이지에서 신청서 다운로드 후 담당자 메일로 접수 <br />
(탐방 희망일로부터 7일 전까지 사전신청) <br />
- 홈페이지 <a href=""http://www.chf.or.kr/c1/sub11_2_9.jsp"" target=""_blank"" title=""새창 : 한국문화재재단 북악산 예약페이지로 이동"">http://www.chf.or.kr/c1/sub11_2_9.jsp</a> <br />
- 담당자 메일 bukakwall@hanmail.net",4,2025-09-19 17:00:13,2025-09-19 17:00:13
809190,12,4,한국어 안내서비스,"프로그램명 : 해설사와 함께 떠나는 ""백악산 한양도성 역사 탐방""<br />
운영기간  : 3월~7월, 9월~11월 (휴관일을 제외한 매일 2회 운영)<br />
출발시간  : 말바위(2회): 10시, 14시 / 창의문(2회): 10시, 14시<br />
탐방코스  : 말바위 -> 숙정문 -> 백악마루 -> 창의문(2.2Km) / 집결지: 말바위 안내소<br />
창의문 -> 백악마루 -> 숙정문 -> 말바위(2.2Km) / 집결지: 창의문 안내소<br />
이용방법  : 별도의 사전신청은 받지 않으며, 출발시간까지 집결지에 도착한 탐방객 대상으로 동행 해설을 진행",4,2025-09-19 17:00:13,2025-09-19 17:00:13
129500,12,0,등산로,,1,2025-09-19 17:00:13,2025-09-19 17:00:13
129500,12,1,관광코스안내," * 탐방코스 1
- 홍련사쉼터 ~ 창의문쉼터 (약 3.4km) 약 2시간 30분 소요<br /> 
- 북악산(숙정문입구) - 숙정문 - 촛대바위 - 곡장 - 백악마루 - 창의문<br />
<br />
 * 탐방코스 2 <br />
- 말바위쉼터 ~ 창의문쉼터 (약 4.3km) 약 2시간 30분 소요<br /> 
- 와룡공원 - 숙정문 - 촛대바위 - 곡장 - 백악마루(북악산정상) - 창의문<br /><br />
* 탐방코스 3<br />
- 창의문쉼터 ~ 말바위쉼터 (약 4.3km) 약 2시간 30분 소요<br /> 
- 창의문 - 백악마루 - 곡장 - 촛대바위 - 와룡공원",2,2025-09-19 17:00:13,2025-09-19 17:00:13
129500,12,2,입 장 료,무료,3,2025-09-19 17:00:13,2025-09-19 17:00:13
129500,12,3,내국인 예약안내,,4,2025-09-19 17:00:13,2025-09-19 17:00:13
126943,12,0,관광코스안내,"- 광화문→창의문길→북악스카이웨이→팔각정(약10㎞)<br>
- 삼청동→북악골프장→북악스카이웨이→팔각정(약10㎞)<br>
- 돈암동→아리랑고개→북악스카이웨이→팔각정(약11㎞)",2,2025-09-19 17:00:13,2025-09-19 17:00:13
126943,12,1,촬영장소,"KBS2 드라마 ‘내 딸 서영이’ 촬영지<br>
MBC 드라마 ‘사랑했나봐’ 촬영지",2,2025-09-19 17:00:13,2025-09-19 17:00:13
126943,12,2,입 장 료,무료,3,2025-09-19 17:00:13,2025-09-19 17:00:13
126943,12,3,화장실,있음,3,2025-09-19 17:00:13,2025-09-19 17:00:13
126943,12,4,주차요금,10분당 400원,3,2025-09-19 17:00:13,2025-09-19 17:00:13
1100498,12,0,화장실,있음,3,2025-09-19 17:00:13,2025-09-19 17:00:13
3056278,12,0,화장실,있음,3,2025-09-19 17:00:14,2025-09-19 17:00:14
3056278,12,1,입 장 료,"- 성인 3,000원<br>
- 미성년 2,000원",3,2025-09-19 17:00:14,2025-09-19 17:00:14
2993183,12,0,시설이용료,"5,000원~15,000원<br>
※ 체험프로그램 별로 상이하므로 자세한 사항은 홈페이지 참조 또는 전화 문의 요망",3,2025-09-19 17:00:15,2025-09-19 17:00:15
3085314,12,0,화장실,있음(남녀 구분),3,2025-09-19 17:00:15,2025-09-19 17:00:15
3085314,12,1,시설이용료,"누룩 만들기 18,000원 / 알메주 만들기 18,000원",3,2025-09-19 17:00:15,2025-09-19 17:00:15
126537,12,0,등산로,,1,2025-09-19 17:00:15,2025-09-19 17:00:15
126537,12,1,관광코스안내,"[도보관광코스(3시간 30분 소요)]<br>
안국역 → 북촌문화센터 → 가회동 11번지 → 한상수자수공방 → 가회민화공방 → 북촌생활사박물관 '오래된 향기' → 안국동 윤보선가 → 안국역<br>
※ 예약신청 : 인터넷(dobo.visitseoul.net) 예약 / 관광일 기준 3일전까지 신청<br>
※ 예약확인 : 휴대폰 문자로 전송 및 인터넷을 통한 상세정보 확인<br>
※ 안내언어 : 한국어, 영어, 일본어, 중국어<br>",2,2025-09-19 17:00:15,2025-09-19 17:00:15
126537,12,2,입 장 료,무료,3,2025-09-19 17:00:15,2025-09-19 17:00:15
126537,12,3,외국어 안내서비스,,4,2025-09-19 17:00:15,2025-09-19 17:00:15
2946075,12,0,촬영장소,"2016 tvn 드라마 ‘또오해영’<br>
2018 tvn 드라마 ‘도깨비’<br>
2021 sbs 드라마 ‘그 해 우리는’",2,2025-09-19 17:00:16,2025-09-19 17:00:16
3339374,12,0,,,3,2025-09-19 17:00:16,2025-09-19 17:00:16
3407173,12,0,,,1,2025-09-19 17:00:17,2025-09-19 17:00:17
3407173,12,1,,,2,2025-09-19 17:00:17,2025-09-19 17:00:17
3407173,12,2,시설이용료,"[생활관]<br>
- A타입(4인실) 60,000원<br>
- B타입(6인실) 90,000원<br>
- C타입(8인실) 120,000원<br>
[교육회의시설]<br>
- 강당 220,000원(4시간 기준) / 440,000원(8시간 기준)<br>
- 강의실 137500원(4시간 기준) / 275,000원(8시간 기준)<br>
※ 이용요금은 변동될 수 있으므로 홈페이지 참조 또는 전화 문의 요망",3,2025-09-19 17:00:17,2025-09-19 17:00:17
3407173,12,3,주차요금,무료,3,2025-09-19 17:00:17,2025-09-19 17:00:17
3407173,12,4,,,4,2025-09-19 17:00:17,2025-09-19 17:00:17
2779558,12,0,입 장 료,무료,3,2025-09-19 17:00:17,2025-09-19 17:00:17
127220,12,0,화장실,있음,3,2025-09-19 17:00:17,2025-09-19 17:00:17
127220,12,1,주차요금,"[소형] 최초 1시간 1,100원 / 이후 10분당 250원(평일), 300원(주말 및 성수기)<br>
[중·대형] 최초 1시간 1,100원 / 이후 10분당 400원(평일), 500원(주말 및 성수기)",3,2025-09-19 17:00:17,2025-09-19 17:00:17
127220,12,2,시설이용료,"[야영장]<br>
- 일반야영장(중형) 5,000원(평일) / 7,000(주말 및 성수기)<br>
- 일반야영장(대형) 7,000원(평일) / 9,000(주말 및 성수기)<br>
- 산막텐트형 40,000원(평일) / 50,000(주말 및 성수기)<br>
- 하우스 A형 60,000원(평일) / 75,000(주말 및 성수기)<br>
- 하우스 B형 55,000원(평일) / 70,000(주말 및 성수기)<br>",3,2025-09-19 17:00:17,2025-09-19 17:00:17
3385992,12,0,입 장 료,무료 ,3,2025-09-19 17:00:18,2025-09-19 17:00:18
2782188,12,0,이용가능시설,서원당,3,2025-09-19 17:00:18,2025-09-19 17:00:18
1603100,12,0,입 장 료,무료,3,2025-09-19 17:00:19,2025-09-19 17:00:19
126482,12,0,등산로,,1,2025-09-19 17:00:19,2025-09-19 17:00:19
126482,12,1,등산로,공원관리소 - 청암약수터입구 - 돌다방쉼터 - 능선사거리 - 정상 (3.1km<br />* 공원관리소 - 정암사 - 불암체육회 - 깔딱고개 - 정상 (3.2km)<br />* 양지초소 - 천병약수터 - 헬기장 - 깔딱고개 - 정상 (3.8km) <br />* 원자력병원후문 - 삼육대갈림길 - 학도암갈림길 - 헬기장 - 정상 (5.8km),1,2025-09-19 17:00:19,2025-09-19 17:00:19
126482,12,2,입산통제 기간,"[탐방로 통제기간] <br />
[탐방로 통제기간] <br />
(봄가을철 산불조심기간 한시적 등산로구간 통제)<br />
봄철 3월 2일 ~ 4월 30일 <br />
가을철 11월 1일 ~ 12월 15일<br />
-국립공원 11월 15일 ~ 12월 15일(경주,태안해안제외)

※ 통제기간은 기상여건 등을 감안하여 공원별로 일부 조정될 수 있으니 공원탐방 시 해당 공원 홈페이지 공지사항 참고",1,2025-09-19 17:00:19,2025-09-19 17:00:19
126482,12,3,입산통제 구간,"등산로 통제구간안내 <a title=""등산로 통제구간 검색"" href=""http://hiking.kworks.co.kr/sub_map/map_user01.aspx"" target=""_blank"">http://hiking.kworks.co.kr/sub_map/map_user01.aspx</a>

",1,2025-09-19 17:00:19,2025-09-19 17:00:19
126482,12,4,등산로,,1,2025-09-19 17:00:19,2025-09-19 17:00:19
126482,12,5,관광코스안내,"* 하룻길 코스 : 넓은마당→불암산허브공원→좆바위→음바위→학도암→백사마을→산들메수목원→불암사→ 덕릉고개→넓은마당 
<br />
* 나절길 코스 : 강릉→태릉선수촌→조선왕릉전시관,태릉→육군박물관→서울여대박물관→화랑대역사→공릉동백세문→백사마을→노원고개 →제명호→삼육대박물관 ",2,2025-09-19 17:00:19,2025-09-19 17:00:19
126482,12,6,입 장 료,무료,3,2025-09-19 17:00:19,2025-09-19 17:00:19
126482,12,7,화장실,있음,3,2025-09-19 17:00:19,2025-09-19 17:00:19
126482,12,8,한국어 안내서비스,,4,2025-09-19 17:00:19,2025-09-19 17:00:19
2733975,12,0,입 장 료,무료,3,2025-09-19 17:00:19,2025-09-19 17:00:19
2733975,12,1,화장실,있음,3,2025-09-19 17:00:19,2025-09-19 17:00:19
2559938,12,0,화장실,있음,3,2025-09-19 17:00:20,2025-09-19 17:00:20
2559938,12,1,시설이용료,"[놀이기구]<br>
- 일반 7,000원<br>
- 초등 6,000원<br>
[총게임]<br>
- 일반 12,000원<br>
- 초등 10,000원<br>
[패키지1(총게임2회+놀이기구1회)] 24,000원<br>
[패키지2(총게임2회)] 19,000원<br>
[패키지3(총게임1회+놀이기구1회)] 15,000원<br>
[패키지4(놀이기구3회)]<br>
- 일반 18,000원<br>
- 초등 15,000원<br>
※ 이용요금은 변동될 수 있음",3,2025-09-19 17:00:20,2025-09-19 17:00:20
2559938,12,2,주차요금,"60분당 6,000원",3,2025-09-19 17:00:20,2025-09-19 17:00:20
3044038,12,0,입 장 료,무료,3,2025-09-19 17:00:20,2025-09-19 17:00:20
2773346,12,0,이용가능시설,"마을 / 식당 / 편의점 등
",3,2025-09-19 17:00:20,2025-09-19 17:00:20
2773346,12,1,입 장 료,"무료
",3,2025-09-19 17:00:20,2025-09-19 17:00:20
2773346,12,2,화장실,"있음
",3,2025-09-19 17:00:20,2025-09-19 17:00:20
2773346,12,3,주차요금,"- 5분당 200원<br>
- 일 주차요금 10,000원<br>
- 월정기 120,000(전일)",3,2025-09-19 17:00:20,2025-09-19 17:00:20
1117141,12,0,입 장 료,무료,3,2025-09-19 17:00:21,2025-09-19 17:00:21
1117141,12,1,화장실,있음,3,2025-09-19 17:00:21,2025-09-19 17:00:21
126523,12,0,입 장 료,무료,3,2025-09-19 17:00:22,2025-09-19 17:00:22
127942,12,0,화장실,있음,3,2025-09-19 17:00:22,2025-09-19 17:00:22
127942,12,1,이용가능시설,"사직단, 단군성전, 황학정, 어린이도서관, 종로시립도서관, 수영장",3,2025-09-19 17:00:22,2025-09-19 17:00:22
2992891,12,0,입 장 료,무료 ,3,2025-09-19 17:00:22,2025-09-19 17:00:22
2756150,12,0,화장실,가능 (남/녀 구분),3,2025-09-19 17:00:23,2025-09-19 17:00:23
2756150,12,1,이용가능시설,"인공폭포, 팔각정자, 육각정자, 야외무대, 음수대, 조합놀이대",3,2025-09-19 17:00:23,2025-09-19 17:00:23
2756150,12,2,주차요금,30분 720원,3,2025-09-19 17:00:23,2025-09-19 17:00:23
2638477,12,0,등산로,,1,2025-09-19 17:00:23,2025-09-19 17:00:23
2638477,12,1,관광코스안내,,2,2025-09-19 17:00:23,2025-09-19 17:00:23
2638477,12,2,입 장 료,무료,3,2025-09-19 17:00:23,2025-09-19 17:00:23
2638477,12,3,화장실,있음,3,2025-09-19 17:00:23,2025-09-19 17:00:23
2638477,12,4,한국어 안내서비스,,4,2025-09-19 17:00:23,2025-09-19 17:00:23
3106562,12,0,촬영장소,2023년도 MBC 방영드라마 ‘넘버스’,2,2025-09-19 17:00:23,2025-09-19 17:00:23
3106562,12,1,이용가능시설,카페 / 상설전시실 / 클라이밍 체험존 / 스포츠용품샵 등,3,2025-09-19 17:00:23,2025-09-19 17:00:23
3106562,12,2,시설이용료,"[상설전시실·기획전시실]<br>
- 무료<br>
[장비대여]<br>
- 암벽화 2,000원<br>
- 사물함 5,000원<br>
※ 자세한 사항은 홈페이지 참조 및 전화 문의 요망",3,2025-09-19 17:00:23,2025-09-19 17:00:23
3106562,12,3,화장실,있음,3,2025-09-19 17:00:23,2025-09-19 17:00:23
753994,12,0,화장실,있음 (남/녀 구분),3,2025-09-19 17:00:23,2025-09-19 17:00:23
753994,12,1,주차요금,기본 30분 300원 (5분 마다 50원),3,2025-09-19 17:00:23,2025-09-19 17:00:23
128933,12,0,화장실,있음(남/녀 구분),3,2025-09-19 17:00:24,2025-09-19 17:00:24
2773287,12,0,입 장 료,무료,3,2025-09-19 17:00:24,2025-09-19 17:00:24
2774468,12,0,화장실,있음 ,3,2025-09-19 17:00:24,2025-09-19 17:00:24
2774468,12,1,입 장 료,무료,3,2025-09-19 17:00:24,2025-09-19 17:00:24
756600,12,0,입 장 료,무료,3,2025-09-19 17:00:25,2025-09-19 17:00:25
3342991,12,0,,,1,2025-09-19 17:00:25,2025-09-19 17:00:25
3342991,12,1,,,2,2025-09-19 17:00:25,2025-09-19 17:00:25
3342991,12,2,입 장 료,무료 ,3,2025-09-19 17:00:25,2025-09-19 17:00:25
3342991,12,3,,,4,2025-09-19 17:00:25,2025-09-19 17:00:25
127557,12,0,화장실,있음,3,2025-09-19 17:00:25,2025-09-19 17:00:25
127557,12,1,입 장 료,무료,3,2025-09-19 17:00:25,2025-09-19 17:00:25
126488,12,0,관광코스안내,삼청공원 – 공원산책로 – 말바위 탐방로 – 팥배나무 숲 – 소나무 숲 – 서울성곽 일대,2,2025-09-19 17:00:26,2025-09-19 17:00:26
126488,12,1,이용가능시설,"삼청동문(암각), 배드민턴장, 테니스장, 어린이 놀이터, 약수터, 다목적 공터 및 매점 등",3,2025-09-19 17:00:26,2025-09-19 17:00:26
250147,12,0,화장실,있음,3,2025-09-19 17:00:26,2025-09-19 17:00:26
250147,12,1,입 장 료,무료,3,2025-09-19 17:00:26,2025-09-19 17:00:26
2507433,12,0,화장실,있음,3,2025-09-19 17:00:27,2025-09-19 17:00:27
2507433,12,1,내국인 예약안내,전화 예약(010-5216-8093),4,2025-09-19 17:00:27,2025-09-19 17:00:27
2507433,12,2,외국어 안내서비스,가능(영어),4,2025-09-19 17:00:27,2025-09-19 17:00:27
3006983,12,0,화장실,있음,3,2025-09-19 17:00:28,2025-09-19 17:00:28
2373328,12,0,화장실,있음(남녀 구분),3,2025-09-19 17:00:28,2025-09-19 17:00:28
2500207,12,0,등산로,,1,2025-09-19 17:00:29,2025-09-19 17:00:29
2500207,12,1,관광코스안내,,2,2025-09-19 17:00:29,2025-09-19 17:00:29
2500207,12,2,입 장 료,,3,2025-09-19 17:00:29,2025-09-19 17:00:29
2500207,12,3,한국어 안내서비스,,4,2025-09-19 17:00:29,2025-09-19 17:00:29
126529,12,0,화장실,있음,3,2025-09-19 17:00:29,2025-09-19 17:00:29
126529,12,1,입 장 료,무료 ,3,2025-09-19 17:00:29,2025-09-19 17:00:29
3085307,12,0,입 장 료,"색실한줄누비기 15,000원 / 모빌만들기 9,000원
",3,2025-09-19 17:00:30,2025-09-19 17:00:30
2455084,12,0,이용가능시설,체험학습관 / 전시홍보관 / 디지털 체험관 / 교욱회의장 ,3,2025-09-19 17:00:30,2025-09-19 17:00:30
2455084,12,1,주차요금,"기본 10분 1,000원 / 추가 10분당 1,000원",3,2025-09-19 17:00:30,2025-09-19 17:00:30
2455084,12,2,입 장 료,"무료
",3,2025-09-19 17:00:30,2025-09-19 17:00:30
2455084,12,3,화장실,있음,3,2025-09-19 17:00:30,2025-09-19 17:00:30
2455084,12,4,내국인 예약안내,홈페이지 및 전화로 사전 예약 필수,4,2025-09-19 17:00:30,2025-09-19 17:00:30
2661502,12,0,등산로,독립문역 5번 출구 - 독립 공원 - 서대문구 의회 – 한성과학고등학교 – 안산자락길,1,2025-09-19 17:00:31,2025-09-19 17:00:31
2661502,12,1,입 장 료,무료,3,2025-09-19 17:00:31,2025-09-19 17:00:31
128622,12,0,등산로,,1,2025-09-19 17:00:31,2025-09-19 17:00:31
128622,12,1,관광코스안내,,2,2025-09-19 17:00:31,2025-09-19 17:00:31
128622,12,2,화장실,있음,3,2025-09-19 17:00:31,2025-09-19 17:00:31
128622,12,3,입 장 료,무료,3,2025-09-19 17:00:31,2025-09-19 17:00:31
128622,12,4,외국어 안내서비스,,4,2025-09-19 17:00:31,2025-09-19 17:00:31
2773409,12,0,입 장 료,"무료 
",3,2025-09-19 17:00:31,2025-09-19 17:00:31
2773409,12,1,화장실,있음,3,2025-09-19 17:00:31,2025-09-19 17:00:31
1603296,12,0,화장실,있음,3,2025-09-19 17:00:32,2025-09-19 17:00:32
1265735,12,0,개방 구간,,1,2025-09-19 17:00:32,2025-09-19 17:00:32
1265735,12,1,관광코스안내,16코스: 가로공원주차장-신월청소년문화센터-달빛마을작은도서관-서서울호수공원-서서울예술교육센터-지양마을작은도서관,2,2025-09-19 17:00:32,2025-09-19 17:00:32
1265735,12,2,주차요금,"- 5분 당 50원<br>
※ 5분 미만도 5분 요금 징수",3,2025-09-19 17:00:32,2025-09-19 17:00:32
1265735,12,3,화장실,있음,3,2025-09-19 17:00:32,2025-09-19 17:00:32
1265735,12,4,이용가능시설,열린풀밭 / 100인의 식탁 / 재생정원 / 문화데크광장 / 몬드리안정원 / 중앙호수 / 소리분수 / 옥상정원,3,2025-09-19 17:00:32,2025-09-19 17:00:32
1265735,12,5,한국어 안내서비스,,4,2025-09-19 17:00:32,2025-09-19 17:00:32
1605977,12,0,등산로,,1,2025-09-19 17:00:32,2025-09-19 17:00:32
1605977,12,1,촬영장소,드라마 <따뜻한 말 한마디> 촬영지,2,2025-09-19 17:00:32,2025-09-19 17:00:32
1605977,12,2,입 장 료,무료,3,2025-09-19 17:00:32,2025-09-19 17:00:32
1605977,12,3,화장실,있음,3,2025-09-19 17:00:32,2025-09-19 17:00:32
1605977,12,4,주차요금,"30분당 2,000원 / 초과시 10분당 600원",3,2025-09-19 17:00:32,2025-09-19 17:00:32
1605977,12,5,한국어 안내서비스,,4,2025-09-19 17:00:32,2025-09-19 17:00:32
3019162,12,0,입 장 료,무료 ,3,2025-09-19 17:00:32,2025-09-19 17:00:32
945824,12,0,관 람 료,무료,3,2025-09-19 17:00:33,2025-09-19 17:00:33
231938,12,0,주차요금,"[주간 (07:00~22:00)]<br>
최초 30분 무료, 이후 10분당 500원 추가 요금 발생<br>
[야간 (22:00~07:00)]<br>
일괄 1,000원",3,2025-09-19 17:00:33,2025-09-19 17:00:33
231938,12,1,화장실,있음,3,2025-09-19 17:00:33,2025-09-19 17:00:33
252527,12,0,입 장 료,무료,3,2025-09-19 17:00:33,2025-09-19 17:00:33
250362,12,0,입 장 료,무료,3,2025-09-19 17:00:34,2025-09-19 17:00:34
126909,12,0,등산로,,1,2025-09-19 17:00:35,2025-09-19 17:00:35
126909,12,1,관광코스안내,,2,2025-09-19 17:00:35,2025-09-19 17:00:35
126909,12,2,입 장 료,무료,3,2025-09-19 17:00:35,2025-09-19 17:00:35
126909,12,3,화장실,있음,3,2025-09-19 17:00:35,2025-09-19 17:00:35
126909,12,4,한국어 안내서비스,,4,2025-09-19 17:00:35,2025-09-19 17:00:35
126522,12,0,화장실,있음,3,2025-09-19 17:00:35,2025-09-19 17:00:35
126522,12,1,이용가능시설,"벤치, 식수대",3,2025-09-19 17:00:35,2025-09-19 17:00:35
704507,12,0,화장실,있음,3,2025-09-19 17:00:36,2025-09-19 17:00:36
126804,12,0,화장실,있음,3,2025-09-19 17:00:36,2025-09-19 17:00:36
126804,12,1,입 장 료,무료,3,2025-09-19 17:00:36,2025-09-19 17:00:36
126517,12,0,입 장 료,무료,3,2025-09-19 17:00:37,2025-09-19 17:00:37
126515,12,0,입 장 료,무료,3,2025-09-19 17:00:37,2025-09-19 17:00:37
126515,12,1,화장실,있음,3,2025-09-19 17:00:37,2025-09-19 17:00:37
753989,12,0,입 장 료,무료 ,3,2025-09-19 17:00:38,2025-09-19 17:00:38
704506,12,0,화장실,있음,3,2025-09-19 17:00:38,2025-09-19 17:00:38
704506,12,1,입 장 료,무료,3,2025-09-19 17:00:38,2025-09-19 17:00:38
704506,12,2,외국어 안내서비스,"영어,일어,중국어 가능",4,2025-09-19 17:00:38,2025-09-19 17:00:38
231897,12,0,입 장 료,무료 ,3,2025-09-19 17:00:38,2025-09-19 17:00:38
127466,12,0,입 장 료,무료,3,2025-09-19 17:00:39,2025-09-19 17:00:39
126525,12,0,화장실,있음,3,2025-09-19 17:00:39,2025-09-19 17:00:39
126525,12,1,입 장 료,"1,000원<br>
※ 자세한 사항은 전화문의 요망",3,2025-09-19 17:00:39,2025-09-19 17:00:39
2764329,12,0,입 장 료,무료,3,2025-09-19 17:00:39,2025-09-19 17:00:39
126919,12,0,입 장 료,무료,3,2025-09-19 17:00:39,2025-09-19 17:00:39
128015,12,0,화장실,있음 ,3,2025-09-19 17:00:40,2025-09-19 17:00:40
126519,12,0,등산로,,1,2025-09-19 17:00:40,2025-09-19 17:00:40
126519,12,1,관광코스안내,,2,2025-09-19 17:00:40,2025-09-19 17:00:40
126519,12,2,입 장 료,"[개인]<br>
- 어른 (만 19세~64세) 500원<br>
- 어린이 (만 7세~18세) 300원<br>
[단체(30인 이상)]<br>
- 어른 (만 19세~64세) 400원<br>
- 어린이 (만 7세~18세) 200원<br>
※ 무료 : 만 6세 이하 / 만 65세 이상 / 국가유공자 / 장애우 등",3,2025-09-19 17:00:40,2025-09-19 17:00:40
126519,12,3,주차요금,"[경차] 1,000원<br>
[소형차] 2,000원<br>
[대형차(25인승 이상)] 4,000원",3,2025-09-19 17:00:40,2025-09-19 17:00:40
126519,12,4,이용가능시설,박물관 / 유구보호각 / 선사체험교실 / 복원움집 / 휴게공간 등,3,2025-09-19 17:00:40,2025-09-19 17:00:40
126519,12,5,화장실,있음,3,2025-09-19 17:00:40,2025-09-19 17:00:40
126519,12,6,외국어 안내서비스,,4,2025-09-19 17:00:40,2025-09-19 17:00:40
250330,12,0,입 장 료,무료,3,2025-09-19 17:00:40,2025-09-19 17:00:40
250330,12,1,화장실,있음,3,2025-09-19 17:00:40,2025-09-19 17:00:40
127216,12,0,화장실,있음,3,2025-09-19 17:00:41,2025-09-19 17:00:41
127216,12,1,입 장 료,무료,3,2025-09-19 17:00:41,2025-09-19 17:00:41
3057803,12,0,입 장 료,무료,3,2025-09-19 17:00:41,2025-09-19 17:00:41
252532,12,0,화장실,있음,3,2025-09-19 17:00:41,2025-09-19 17:00:41
252532,12,1,입 장 료,무료,3,2025-09-19 17:00:41,2025-09-19 17:00:41
252533,12,0,입 장 료,무료,3,2025-09-19 17:00:42,2025-09-19 17:00:42
252533,12,1,화장실,있음(남/녀화장실 구분),3,2025-09-19 17:00:42,2025-09-19 17:00:42
126527,12,0,입 장 료,"- 대인 1,000원<br>
- 외국인 1,000원<br>
- 지역주민 500원<br>
※ 무료 : 만24세 이하 청소년 / 만65세 이상 어르신 / 장애인 / 유공자",3,2025-09-19 17:00:42,2025-09-19 17:00:42
126527,12,1,화장실,있음,3,2025-09-19 17:00:42,2025-09-19 17:00:42
250358,12,0,등산로,,1,2025-09-19 17:00:42,2025-09-19 17:00:42
250358,12,1,관광코스안내,,2,2025-09-19 17:00:42,2025-09-19 17:00:42
250358,12,2,입 장 료,무료,3,2025-09-19 17:00:42,2025-09-19 17:00:42
250358,12,3,화장실,있음,3,2025-09-19 17:00:42,2025-09-19 17:00:42
250358,12,4,한국어 안내서비스,,4,2025-09-19 17:00:42,2025-09-19 17:00:42
127454,12,0,화장실,있음(남녀 구분),3,2025-09-19 17:00:43,2025-09-19 17:00:43
127454,12,1,입 장 료,무료,3,2025-09-19 17:00:43,2025-09-19 17:00:43
127454,12,2,한국어 안내서비스,"음성안내 가능<br />
- 운영시간 : 하계 09:00~18:00 / 동계 09:00~17:00<br />
- 대여비 : 1,100원<br />
※ MP3Player를 대여하고 운현궁을 거닐며 자유롭게 관람<br />
※ 매표소에서 대여권을 구입, MP3Player 대여소에 제출하여 이용<br />
※ MP3Player 대여시 신분증 또는 여권 필수 제시(MP3Player 반납시 반환함)<br />
※ 가방 및 소지품 보관 불가",4,2025-09-19 17:00:43,2025-09-19 17:00:43
127454,12,3,외국어 안내서비스,"음성안내 영어, 일본어, 중국어 가능<br />
- 운영시간 : 하계 09:00~18:00 / 동계 09:00~17:00<br />
- 대여비 : 1,100원<br />
※ MP3Player를 대여하고 운현궁을 거닐며 자유롭게 관람<br />
※ 매표소에서 대여권을 구입, MP3Player 대여소에 제출하여 이용<br />
※ MP3Player 대여시 신분증 또는 여권 필수 제시(MP3Player 반납시 반환함) <br />
※ 가방 및 소지품 보관 불가",4,2025-09-19 17:00:43,2025-09-19 17:00:43
250396,12,0,화장실,있음,3,2025-09-19 17:00:43,2025-09-19 17:00:43
250396,12,1,주차요금,무료,3,2025-09-19 17:00:43,2025-09-19 17:00:43
250396,12,2,입 장 료,"- 개인 1,000원<br>
- 단체(10인 이상) 800원",3,2025-09-19 17:00:43,2025-09-19 17:00:43
250325,12,0,입 장 료,무료,3,2025-09-19 17:00:44,2025-09-19 17:00:44
250325,12,1,화장실,있음,3,2025-09-19 17:00:44,2025-09-19 17:00:44
127616,12,0,입 장 료,"- 개인 1,000원<br>
- 단체(10인 이상) 800원",3,2025-09-19 17:00:44,2025-09-19 17:00:44
127616,12,1,화장실,있음,3,2025-09-19 17:00:44,2025-09-19 17:00:44
127616,12,2,주차요금,무료,3,2025-09-19 17:00:44,2025-09-19 17:00:44
735749,12,0,등산로,,1,2025-09-19 17:00:44,2025-09-19 17:00:44
735749,12,1,상점정보,,2,2025-09-19 17:00:44,2025-09-19 17:00:44
735749,12,2,입 장 료,무료,3,2025-09-19 17:00:44,2025-09-19 17:00:44
735749,12,3,한국어 안내서비스,,4,2025-09-19 17:00:44,2025-09-19 17:00:44
126526,12,0,입 장 료,"- 개인 1,000원<br>
- 단체 (10인 이상) 800원",3,2025-09-19 17:00:44,2025-09-19 17:00:44
126520,12,0,입 장 료,무료,3,2025-09-19 17:00:45,2025-09-19 17:00:45
126530,12,0,개방 구간,"[헌인릉 산책길 개방(산책길 도면 공지사항에 게시)]<br />
기간: 3월 ~ 11월 <br />
1코스 : 완만한 산책길 0.5km<br />
2코스 : 폐쇄(산불 및 안전사고 예방을 위한 폐쇄)<br /><br />

[재실齋室 개방]<br />
03월 ~ 05월, 09월 ~ 11월 09:00~17:00<br /> 
06월 ~ 08월 09:00~17:30<br />
12월 ~ 02월 09:00~16:30 <br />",1,2025-09-19 17:00:45,2025-09-19 17:00:45
126530,12,1,주차요금,무료,3,2025-09-19 17:00:45,2025-09-19 17:00:45
126530,12,2,화장실,있음,3,2025-09-19 17:00:45,2025-09-19 17:00:45
126530,12,3,입 장 료,"- 개인 1,000원<br>
- 단체(10인 이상) 800원",3,2025-09-19 17:00:45,2025-09-19 17:00:45
127643,12,0,화장실,있음,3,2025-09-19 17:00:45,2025-09-19 17:00:45
127643,12,1,입 장 료,무료,3,2025-09-19 17:00:45,2025-09-19 17:00:45
128968,12,0,이용가능시설,바닥분수 / 잔디광장 / 스케이트장(동절기),3,2025-09-19 17:00:46,2025-09-19 17:00:46
128968,12,1,화장실,있음 ,3,2025-09-19 17:00:46,2025-09-19 17:00:46
2554065,12,0,등산로,,1,2025-09-19 17:00:46,2025-09-19 17:00:46
2554065,12,1,관광코스안내,,2,2025-09-19 17:00:46,2025-09-19 17:00:46
2554065,12,2,시설이용료,무료,3,2025-09-19 17:00:46,2025-09-19 17:00:46
2554065,12,3,내국인 예약안내,,4,2025-09-19 17:00:46,2025-09-19 17:00:46
1845253,12,0,이용가능시설,"자원봉사, 차량사업소견학, 미술관 대관, 인재개발원 대관, 시설물 촬영, 기관사 체험, 시민안전체험 및 홍보관",3,2025-09-19 17:00:46,2025-09-19 17:00:46
1845253,12,1,화장실,있음(남녀 구분),3,2025-09-19 17:00:46,2025-09-19 17:00:46
1845253,12,2,입 장 료,무료,3,2025-09-19 17:00:46,2025-09-19 17:00:46
1845253,12,3,한국어 안내서비스,가능(안내사원 동행 하에 관람),4,2025-09-19 17:00:46,2025-09-19 17:00:46
1845253,12,4,내국인 예약안내,"- 견학일시 : 평일 월~금 14:00~16:00<br />
※ 견학시간은 사정에 따라 변경될 수 있음<br />
- 신청방법 : 인터넷 또는 전화 신청 / 인터넷 신청 시 해당역과 사전 유선 협의<br />
※ 역 안전체험은 역 사정에 따라 변경될 수 있으므로 사전에 유선으로 해당역과 일정 조율 등 협의가 필요<br /><br />
[차량사업소 견학]<br />
- 평일(토, 휴일 제외)<br />
- 희망하는 견학일로부터 15일 전까지 신청<br />
※ 차량사업소 사정에 따라 견학일 변경될 수 있음<br /><br />
[차량사업소 견학가능일자]<br />
* 각 차량사업소별 견할일자 다르니, 신청 시 참고하길 바람<br />
※ 관내 소속 중학교 현장직업체험프로그램 진행으로 9월 신정차량사업소 견학신청 받지 않음<br /><br />
* 견학가능 시간<br />
- 고덕,방화,신내,도봉,천왕,모란(10:00~11:30)<br />
- 군자,신정,지축,수서,창동(14:00~15:30)<br />
- 신청가능 인원 : 일일견학인원은 최소 5명이상 최대 15명 까지만 가능<br />- 참여확정 안내 : 이메일 발송 후 개별 유선 통보<br /> 
※ 참여확성 이후에도 차량사업소 사정에 따라 견학 취소될 수 있음<br />",4,2025-09-19 17:00:46,2025-09-19 17:00:46
3487744,12,0,입 장 료,"- 성인(19~64세) 25,000원<br>
- 청소년(13~18세) 20,000원<br>
- 어린이(3~12세) 15,000원<br>
- 경로(65세 이상) 20,000원<br>
※ 30% 할인 : 장애인 / 국가유공자 / 다둥이행복카드 소지자(가족)<br>
※ 20% 할인 : 단체(20인 이상)<br>
※ 10% 할인 : 기후통행카드 소지자<br>
※ 성인 제외 모든 탑승권 구매 및 할인 적용 시 증빙자료 제출 필수<br>
※ 중복 할인 불가",3,2025-09-19 17:00:46,2025-09-19 17:00:46
3487744,12,1,화장실,있음,3,2025-09-19 17:00:46,2025-09-19 17:00:46
3102534,12,0,화장실,있음,3,2025-09-19 17:00:47,2025-09-19 17:00:47
2495561,12,0,화장실,있음,3,2025-09-19 17:00:47,2025-09-19 17:00:47
2495561,12,1,입 장 료,무료,3,2025-09-19 17:00:47,2025-09-19 17:00:47
2993173,12,0,입 장 료,무료,3,2025-09-19 17:00:47,2025-09-19 17:00:47
2993173,12,1,주차요금,무료,3,2025-09-19 17:00:47,2025-09-19 17:00:47
2993173,12,2,화장실,있음,3,2025-09-19 17:00:47,2025-09-19 17:00:47
2993173,12,3,이용가능시설,"주요시설 : 전시실 / 체험실 / 영상실 / 홍보관 / 통통 물 놀이터 / 통통 물 도서관 / 통통 물 교육실<br>
부대시설 : 물품보관함 / 수유실 / 휴게실",3,2025-09-19 17:00:47,2025-09-19 17:00:47
2993173,12,4,내국인 예약안내,"[예약방법]<br>
- 서울시공공서비스예약 홈페이지 예약<br>
- 관람 1일 전까지 예약 가능<br>
※ 어린이는 안전지도를 위해 반드시 성인 보호자와 함께 입장<br>
<br>
[예약정원] 80명(개인 50명 / 단체 30명 / 단체해설 30명)<br>
※ 단체 대상 해설 프로그램을 예약하신 경우 단체 전시관람 예약 필수<br>
<br>
[개인예약]<br>
- 인원: 1~9명 <br>
- 개인 대상 전시해설프로그램 현장접수<br>
<br>
[단체예약]<br>
- 인원: 10명 이상<br>
- 관람 및 해설프로그램 별도 예약<br>
※ 자세한 예약안내사항은 서울시공공서비스예약 홈페이지 확인 요망",4,2025-09-19 17:00:47,2025-09-19 17:00:47
2553908,12,0,입 장 료,무료,3,2025-09-19 17:00:48,2025-09-19 17:00:48
1369066,12,0,등산로,,1,2025-09-19 17:00:48,2025-09-19 17:00:48
1369066,12,1,관광코스안내,,2,2025-09-19 17:00:48,2025-09-19 17:00:48
1369066,12,2,입 장 료,무료,3,2025-09-19 17:00:48,2025-09-19 17:00:48
1369066,12,3,화장실,있음,3,2025-09-19 17:00:48,2025-09-19 17:00:48
1369066,12,4,주차요금,"최초 30분 2,000원 / 초과 10분당 300원",3,2025-09-19 17:00:48,2025-09-19 17:00:48
1369066,12,5,한국어 안내서비스,,4,2025-09-19 17:00:48,2025-09-19 17:00:48
128611,12,0,입 장 료,무료,3,2025-09-19 17:00:49,2025-09-19 17:00:49
128611,12,1,이용가능시설,생태숲 / 곤충식물원 / 나비정원 / 바닥분수 등,3,2025-09-19 17:00:49,2025-09-19 17:00:49
128611,12,2,입 장 료,무료,3,2025-09-19 17:00:49,2025-09-19 17:00:49
128611,12,3,주차요금,"[소·중형] 5분당 200원<br>
[대형(25인승 이상)] 5분당 400원",3,2025-09-19 17:00:49,2025-09-19 17:00:49
2589349,12,0,등산로,,1,2025-09-19 17:00:50,2025-09-19 17:00:50
2589349,12,1,관광코스안내,,2,2025-09-19 17:00:50,2025-09-19 17:00:50
2589349,12,2,이용가능시설,열린숲 / 주제원 / 호수원 등,3,2025-09-19 17:00:50,2025-09-19 17:00:50
2589349,12,3,입 장 료,"[개인]<br>
- 성인(만 19세~만 64세) 5,000원<br>
- 청소년(만 13세~만 18세) 3,000원<br>
- 어린이(만 6세~만 12세) 2,000원<br>
<br>
[단체(30명 이상)]<br>
- 성인(만 19세~만 64세) 3,500원<br>
- 청소년(만 13세~만 18세) 2,100원<br>
- 어린이(만 6세~만 12세) 1,400원<br>
<br>
※ 무료 : 6세 미만 / 65세 이상 / 국가유공자 / 독립유공자 / 장애인 등<br>
※ 입장료 적용 구간 : 온실 및 주제정원 (열린숲, 호수원, 습지원은 상시 무료 개방)<br>
※ 자세한 사항은 홈페이지 참조",3,2025-09-19 17:00:50,2025-09-19 17:00:50
2589349,12,4,주차요금,"- 승용차 : 10분당 200원<br>
- 중형차 / 승합차 : 5분당 200원<br>
- 대형차(16인승 이상) : 5분당 300원",3,2025-09-19 17:00:50,2025-09-19 17:00:50
2589349,12,5,한국어 안내서비스,,4,2025-09-19 17:00:50,2025-09-19 17:00:50
2733983,12,0,주차요금,최초 5분당 200원 (중형차 기준),3,2025-09-19 17:00:50,2025-09-19 17:00:50
2733983,12,1,이용가능시설,호수횡단보행교 / 물가쉼터 / 습지관찰데크 등,3,2025-09-19 17:00:50,2025-09-19 17:00:50
2733983,12,2,화장실,"있음
",3,2025-09-19 17:00:50,2025-09-19 17:00:50
2733983,12,3,입 장 료,무료,3,2025-09-19 17:00:50,2025-09-19 17:00:50
126490,12,0,등산로,,1,2025-09-19 17:00:51,2025-09-19 17:00:51
126490,12,1,관광코스안내,,2,2025-09-19 17:00:51,2025-09-19 17:00:51
126490,12,2,이용가능시설,동물나라 / 자연나라 / 재미나라 등,3,2025-09-19 17:00:51,2025-09-19 17:00:51
126490,12,3,입 장 료,무료,3,2025-09-19 17:00:51,2025-09-19 17:00:51
126490,12,4,화장실,있음,3,2025-09-19 17:00:51,2025-09-19 17:00:51
126490,12,5,주차요금,"- 승용차 5분당 150원<br>
- 중형차 5분당 300원<br>
- 대형차 5분당 450원",3,2025-09-19 17:00:51,2025-09-19 17:00:51
126490,12,6,한국어 안내서비스,,4,2025-09-19 17:00:51,2025-09-19 17:00:51
3399181,12,0,,,1,2025-09-19 17:00:51,2025-09-19 17:00:51
3399181,12,1,촬영장소,Jtbc <비긴어게인> 버스킹 촬영지,2,2025-09-19 17:00:51,2025-09-19 17:00:51
3399181,12,2,입 장 료,무료,3,2025-09-19 17:00:51,2025-09-19 17:00:51
3399181,12,3,주차요금,"최초 30분 3,000원 / 이후 10분당 1,000원",3,2025-09-19 17:00:51,2025-09-19 17:00:51
3399181,12,4,화장실,있음,3,2025-09-19 17:00:51,2025-09-19 17:00:51
3399181,12,5,,,4,2025-09-19 17:00:51,2025-09-19 17:00:51
2718257,12,0,예약안내,,3,2025-09-19 17:00:51,2025-09-19 17:00:51
749216,12,0,이용가능시설,습지원 / 늘푸름원 / 약용식물원 / 책 읽는 언덕 / 억새원 / 붓꽃원 / 넓은 잎 목원 / 산림 생태관찰원 / 천이 관찰원 / 숲속 쉼터 / 잔디마당 / 가로수 및 완충녹지 / 방문자 센터 등,3,2025-09-19 17:00:52,2025-09-19 17:00:52
749216,12,1,화장실,있음,3,2025-09-19 17:00:52,2025-09-19 17:00:52
749216,12,2,입 장 료,무료,3,2025-09-19 17:00:52,2025-09-19 17:00:52
3036898,12,0,이용가능시설,메타버스 체험관 / 혁신기술 체험관 / AI융합 체험관 / 창의 교육관 등,3,2025-09-19 17:00:52,2025-09-19 17:00:52
3036898,12,1,화장실,있음,3,2025-09-19 17:00:52,2025-09-19 17:00:52
3036898,12,2,입 장 료,무료,3,2025-09-19 17:00:52,2025-09-19 17:00:52
1829573,12,0,입 장 료,무료,3,2025-09-19 17:00:52,2025-09-19 17:00:52
2661506,12,0,입 장 료,"- 성인 3,000원<br>
- 청소년, 군인 2,000원<br>
- 어린이 1,000원",3,2025-09-19 17:00:52,2025-09-19 17:00:52
2661506,12,1,화장실,있음,3,2025-09-19 17:00:52,2025-09-19 17:00:52
3351700,12,0,입 장 료,무료 ,3,2025-09-19 17:00:53,2025-09-19 17:00:53
3351700,12,1,화장실,있음,3,2025-09-19 17:00:53,2025-09-19 17:00:53
2037020,12,0,입 장 료,무료,3,2025-09-19 17:00:53,2025-09-19 17:00:53
1987566,12,0,등산로,,1,2025-09-19 17:00:53,2025-09-19 17:00:53
1987566,12,1,관광코스안내,용산- 영등포-수원-아산-온양온천-예산-홍성-광천-대천-장항-군산-익산,2,2025-09-19 17:00:53,2025-09-19 17:00:53
1987566,12,2,화장실,있음,3,2025-09-19 17:00:53,2025-09-19 17:00:53
1987566,12,3,내국인 예약안내,,4,2025-09-19 17:00:53,2025-09-19 17:00:53
3045027,12,0,입 장 료,무료,3,2025-09-19 17:00:54,2025-09-19 17:00:54
3045027,12,1,화장실,없음,3,2025-09-19 17:00:54,2025-09-19 17:00:54
754052,12,0,입 장 료,"무료
",3,2025-09-19 17:00:54,2025-09-19 17:00:54
2774283,12,0,등산로,"- 코스 : 독립문 → 인왕사 → 선바위 → 범바위 → 인왕산 정상<br>
- 총 이동 거리 : 1.84km<br>
- 총 소요 시간 : 1시간 10분<br>
- 난이도 : 보통<br>",1,2025-09-19 17:00:54,2025-09-19 17:00:54
2774283,12,1,입 장 료,무료 ,3,2025-09-19 17:00:54,2025-09-19 17:00:54
2661405,12,0,화장실,있음,3,2025-09-19 17:00:55,2025-09-19 17:00:55
2661405,12,1,입 장 료,무료,3,2025-09-19 17:00:55,2025-09-19 17:00:55
2660725,12,0,등산로,,1,2025-09-19 17:00:55,2025-09-19 17:00:55
2660725,12,1,관광코스안내,,2,2025-09-19 17:00:55,2025-09-19 17:00:55
2660725,12,2,이용가능시설,스파룸 / 헤리티지룸 / 부띠끄 / 기프트샵 / VIP 라운지 / 컬처 라운지 / 야외라운지,3,2025-09-19 17:00:55,2025-09-19 17:00:55
2660725,12,3,한국어 안내서비스,,4,2025-09-19 17:00:55,2025-09-19 17:00:55
3418283,12,0,,,1,2025-09-19 17:00:55,2025-09-19 17:00:55
3418283,12,1,,,2,2025-09-19 17:00:55,2025-09-19 17:00:55
3418283,12,2,주차요금,"최초 30분 2,000원 / 이후 10분 당 500원",3,2025-09-19 17:00:55,2025-09-19 17:00:55
3418283,12,3,입 장 료,무료 ,3,2025-09-19 17:00:55,2025-09-19 17:00:55
3418283,12,4,,,4,2025-09-19 17:00:55,2025-09-19 17:00:55
1606096,12,0,화장실,있음(남녀 구분),3,2025-09-19 17:00:56,2025-09-19 17:00:56
2553911,12,0,입 장 료,"무료<br>
※ 재료비 별도",3,2025-09-19 17:00:56,2025-09-19 17:00:56
2733963,12,0,등산로,,1,2025-09-19 17:00:56,2025-09-19 17:00:56
2733963,12,1,관광코스안내,,2,2025-09-19 17:00:56,2025-09-19 17:00:56
2733963,12,2,입 장 료,무료,3,2025-09-19 17:00:56,2025-09-19 17:00:56
2733963,12,3,화장실,있음음,3,2025-09-19 17:00:56,2025-09-19 17:00:56
2733963,12,4,한국어 안내서비스,,4,2025-09-19 17:00:56,2025-09-19 17:00:56
3043953,12,0,화장실,있음,3,2025-09-19 17:00:56,2025-09-19 17:00:56
1829589,12,0,화장실,있음 ,3,2025-09-19 17:00:58,2025-09-19 17:00:58
3520431,12,0,입 장 료,무료,3,2025-09-19 17:00:58,2025-09-19 17:00:58
2760249,12,0,이용가능시설,"배드민턴장 / 음수대 / 바닥분수 / 지압장 / 산책로 등		
",3,2025-09-19 17:00:58,2025-09-19 17:00:58
2760249,12,1,화장실,"있음
",3,2025-09-19 17:00:58,2025-09-19 17:00:58
126494,12,0,등산로,,1,2025-09-19 17:00:58,2025-09-19 17:00:58
126494,12,1,관광코스안내,,2,2025-09-19 17:00:58,2025-09-19 17:00:58
126494,12,2,입 장 료,무료,3,2025-09-19 17:00:58,2025-09-19 17:00:58
126494,12,3,한국어 안내서비스,,4,2025-09-19 17:00:58,2025-09-19 17:00:58
970052,12,0,화장실,있음,3,2025-09-19 17:00:59,2025-09-19 17:00:59
2553876,12,0,주차요금,"당일 세운상가 구매고객 1시간 무료 <br>
※ 무료개방 : 평일 19:00 이후 / 토요일 15:00 이후 / 일요일",3,2025-09-19 17:00:59,2025-09-19 17:00:59
2553876,12,1,입 장 료,교육 프로그램별 상이,3,2025-09-19 17:00:59,2025-09-19 17:00:59
1364932,12,0,화장실,있음,3,2025-09-19 17:00:59,2025-09-19 17:00:59
1604697,12,0,입 장 료,무료,3,2025-09-19 17:01:00,2025-09-19 17:01:00
1604697,12,1,이용가능시설,"[휴게․편익공간] 야외무대, 매점, 디자인파라솔, 야외테이블 등<br />
[상징광장] 조선시대 사헌부 및 병조터 흔적복원<br />
[한글글자마당] 전국민 공모 11,172자로 구성",3,2025-09-19 17:01:00,2025-09-19 17:01:00
319578,12,0,등산로,,1,2025-09-19 17:01:00,2025-09-19 17:01:00
319578,12,1,관광코스안내,,2,2025-09-19 17:01:00,2025-09-19 17:01:00
319578,12,2,입 장 료,무료,3,2025-09-19 17:01:00,2025-09-19 17:01:00
319578,12,3,외국어 안내서비스,,4,2025-09-19 17:01:00,2025-09-19 17:01:00
3056155,12,0,입 장 료,무료,3,2025-09-19 17:01:00,2025-09-19 17:01:00
3056155,12,1,이용가능시설,광장 / 러닝트랙 / 도서관 등,3,2025-09-19 17:01:00,2025-09-19 17:01:00
3056155,12,2,화장실,있음,3,2025-09-19 17:01:00,2025-09-19 17:01:00
3354733,12,0,이용가능시설,애솔마당 / 배드민턴장 / 노송마당 / 운동기구 등,3,2025-09-19 17:01:01,2025-09-19 17:01:01
3354733,12,1,화장실,있음,3,2025-09-19 17:01:01,2025-09-19 17:01:01
3354733,12,2,입 장 료,무료 ,3,2025-09-19 17:01:01,2025-09-19 17:01:01
1829610,12,0,입 장 료,무료,3,2025-09-19 17:01:02,2025-09-19 17:01:02
2761745,12,0,화장실,있음,3,2025-09-19 17:01:02,2025-09-19 17:01:02
2761745,12,1,이용가능시설,"공원 시설 / 홍보관 / 아트트릭 포토존 등
",3,2025-09-19 17:01:02,2025-09-19 17:01:02
2761745,12,2,입 장 료,무료,3,2025-09-19 17:01:02,2025-09-19 17:01:02
126489,12,0,등산로,,1,2025-09-19 17:01:03,2025-09-19 17:01:03
126489,12,1,관광코스안내,,2,2025-09-19 17:01:03,2025-09-19 17:01:03
126489,12,2,입 장 료,무료,3,2025-09-19 17:01:03,2025-09-19 17:01:03
126489,12,3,화장실,있음,3,2025-09-19 17:01:03,2025-09-19 17:01:03
126489,12,4,내국인 예약안내,,4,2025-09-19 17:01:03,2025-09-19 17:01:03
127219,12,0,화장실,있음,3,2025-09-19 17:01:03,2025-09-19 17:01:03
127219,12,1,입 장 료,무료 ,3,2025-09-19 17:01:03,2025-09-19 17:01:03
3504884,12,0,시설이용료,"[입장료]<br>
- 무료<br>
[숙박시설]<br>
- 햇살정원 10,000원~150,000원<br>
- 별빛정원 65,000원~470,000원<br>
- 하늘정원 50,000원~70,000원<br>
※ 기준인원 초과 시, 초과 인원당 10,000원 추가 / 수건 대여 1,000원",3,2025-09-19 17:01:03,2025-09-19 17:01:03
3504884,12,1,화장실,있음,3,2025-09-19 17:01:03,2025-09-19 17:01:03
3504884,12,2,이용가능시설,숙박동 / 레스토랑 / 카페테리아 / 휴마당(불멍존) / 요정의 숲 및 걱정없샘 등,3,2025-09-19 17:01:03,2025-09-19 17:01:03
3504884,12,3,주차요금,무료,3,2025-09-19 17:01:03,2025-09-19 17:01:03
126483,12,0,입산통제 기간,,1,2025-09-19 17:01:04,2025-09-19 17:01:04
126483,12,1,관광코스안내,,2,2025-09-19 17:01:04,2025-09-19 17:01:04
126483,12,2,입 장 료,무료 ,3,2025-09-19 17:01:04,2025-09-19 17:01:04
126483,12,3,화장실,있음,3,2025-09-19 17:01:04,2025-09-19 17:01:04
126483,12,4,한국어 안내서비스,,4,2025-09-19 17:01:04,2025-09-19 17:01:04
736370,12,0,이용가능시설,"휴양시설 : 정자, 야외음악당, 데크쉼터<br /> 
체육시설 : 궁도장, 배구장, 게이트볼장<br />
편익시설 : 매점, 약수터 <br />
문화재 및 사찰 : 아차산보루군, 사찰",3,2025-09-19 17:01:04,2025-09-19 17:01:04
736370,12,1,화장실,있음,3,2025-09-19 17:01:04,2025-09-19 17:01:04
736370,12,2,입 장 료,무료,3,2025-09-19 17:01:04,2025-09-19 17:01:04
485685,12,0,입 장 료,무료,3,2025-09-19 17:01:04,2025-09-19 17:01:04
2733962,12,0,등산로,,1,2025-09-19 17:01:04,2025-09-19 17:01:04
2733962,12,1,관광코스안내,,2,2025-09-19 17:01:04,2025-09-19 17:01:04
2733962,12,2,입 장 료,무료,3,2025-09-19 17:01:04,2025-09-19 17:01:04
2733962,12,3,한국어 안내서비스,,4,2025-09-19 17:01:04,2025-09-19 17:01:04
761264,12,0,등산로,수락산 당고개 지구 - 수암사 - 수락산 정상 (약 2시간 소요),1,2025-09-19 17:01:05,2025-09-19 17:01:05
761264,12,1,한국어 안내서비스,가능,4,2025-09-19 17:01:05,2025-09-19 17:01:05
1829735,12,0,입 장 료,무료,3,2025-09-19 17:01:05,2025-09-19 17:01:05
753964,12,0,입 장 료,무료,3,2025-09-19 17:01:05,2025-09-19 17:01:05
753964,12,1,주차요금,10분당 300원,3,2025-09-19 17:01:05,2025-09-19 17:01:05
753964,12,2,화장실,있음,3,2025-09-19 17:01:05,2025-09-19 17:01:05
1606014,12,0,입 장 료,무료,3,2025-09-19 17:01:05,2025-09-19 17:01:05
1606014,12,1,화장실,있음,3,2025-09-19 17:01:05,2025-09-19 17:01:05
128162,12,0,입 장 료,무료,3,2025-09-19 17:01:06,2025-09-19 17:01:06
128162,12,1,화장실,있음,3,2025-09-19 17:01:06,2025-09-19 17:01:06
1604733,12,0,등산로,,1,2025-09-19 17:01:06,2025-09-19 17:01:06
1604733,12,1,관광코스안내,,2,2025-09-19 17:01:06,2025-09-19 17:01:06
1604733,12,2,화장실,있음,3,2025-09-19 17:01:06,2025-09-19 17:01:06
1604733,12,3,입 장 료,무료,3,2025-09-19 17:01:06,2025-09-19 17:01:06
1604733,12,4,이용가능시설,배드민턴장 / 운동장 / 놀이터 / 쉼터 / 체력단련시설 등,3,2025-09-19 17:01:06,2025-09-19 17:01:06
1604733,12,5,한국어 안내서비스,,4,2025-09-19 17:01:06,2025-09-19 17:01:06
2988927,12,0,시설이용료,"1인 수강료 55,000원<br>
2인 수강료 (커플할인가) 100,000원",3,2025-09-19 17:01:06,2025-09-19 17:01:06
2988927,12,1,내국인 예약안내,전화 예약,4,2025-09-19 17:01:06,2025-09-19 17:01:06
584698,12,0,화장실,있음,3,2025-09-19 17:01:07,2025-09-19 17:01:07
584698,12,1,시설이용료,"20,000원",3,2025-09-19 17:01:07,2025-09-19 17:01:07
126505,12,0,입 장 료,무료,3,2025-09-19 17:01:08,2025-09-19 17:01:08
605445,12,0,등산로,,1,2025-09-19 17:01:08,2025-09-19 17:01:08
605445,12,1,관광코스안내,,2,2025-09-19 17:01:08,2025-09-19 17:01:08
605445,12,2,화장실,있음,3,2025-09-19 17:01:08,2025-09-19 17:01:08
605445,12,3,입 장 료,무료,3,2025-09-19 17:01:08,2025-09-19 17:01:08
605445,12,4,외국어 안내서비스,,4,2025-09-19 17:01:08,2025-09-19 17:01:08
2794934,12,0,시설이용료,프로그램 별로 상이함,3,2025-09-19 17:01:08,2025-09-19 17:01:08
2794934,12,1,화장실,있음,3,2025-09-19 17:01:08,2025-09-19 17:01:08
2783484,12,0,입 장 료,"무료 
",3,2025-09-19 17:01:08,2025-09-19 17:01:08
2783484,12,1,화장실,있음,3,2025-09-19 17:01:08,2025-09-19 17:01:08
699249,12,0,화장실,있음,3,2025-09-19 17:01:09,2025-09-19 17:01:09
2755451,12,0,입 장 료,"무료		
",3,2025-09-19 17:01:09,2025-09-19 17:01:09
2755451,12,1,화장실,"있음
",3,2025-09-19 17:01:09,2025-09-19 17:01:09
2755451,12,2,이용가능시설,탈의실 / 먼지 털이장 / 안전관리소 등,3,2025-09-19 17:01:09,2025-09-19 17:01:09
2752552,12,0,화장실,"있음
",3,2025-09-19 17:01:09,2025-09-19 17:01:09
2752552,12,1,입 장 료,무료,3,2025-09-19 17:01:09,2025-09-19 17:01:09
2373333,12,0,등산로,,1,2025-09-19 17:01:10,2025-09-19 17:01:10
2373333,12,1,관광코스안내,,2,2025-09-19 17:01:10,2025-09-19 17:01:10
2373333,12,2,입 장 료,무료,3,2025-09-19 17:01:10,2025-09-19 17:01:10
2373333,12,3,한국어 안내서비스,,4,2025-09-19 17:01:10,2025-09-19 17:01:10
754003,12,0,입 장 료,무료,3,2025-09-19 17:01:10,2025-09-19 17:01:10
754003,12,1,화장실,오금공원 내 화장실 이용,3,2025-09-19 17:01:10,2025-09-19 17:01:10
3082166,12,0,촬영장소,드라마 도깨비 / 진심이 닿다,2,2025-09-19 17:01:10,2025-09-19 17:01:10
2611887,12,0,관광코스안내,7코스: 정랑고개-장군정-신트리공원-해누리타운-희망장난감도서관-양천나눔누리센터,2,2025-09-19 17:01:10,2025-09-19 17:01:10
2611887,12,1,입 장 료,무료 ,3,2025-09-19 17:01:10,2025-09-19 17:01:10
2611887,12,2,화장실,있음,3,2025-09-19 17:01:10,2025-09-19 17:01:10
2756153,12,0,입 장 료,무료,3,2025-09-19 17:01:11,2025-09-19 17:01:11
128553,12,0,화장실,있음,3,2025-09-19 17:01:11,2025-09-19 17:01:11
128553,12,1,입 장 료,"무료<br>
※ 단, 체험료 별도",3,2025-09-19 17:01:11,2025-09-19 17:01:11
591603,12,0,시설이용료,"[워터파크]<br>
- 종일권 (10:00~19:00) : 대인 50,000원 / 소인 40,000원<br>
- 오후권 (15:00~19:00) : 대인 40,000원 / 소인 30,000원<br>
[사우나]<br>
- 대인 10,000원 / 소인 9,000원<br>
- 사우나 정기권(10매) : 90,000원",3,2025-09-19 17:01:11,2025-09-19 17:01:11
591603,12,1,이용가능시설,,3,2025-09-19 17:01:11,2025-09-19 17:01:11
591603,12,2,화장실,있음,3,2025-09-19 17:01:11,2025-09-19 17:01:11
2373420,12,0,시설이용료,홈페이지 참조,3,2025-09-19 17:01:12,2025-09-19 17:01:12
3074727,12,0,시설이용료,"[아로마티카 도슨트 투어]<br>
- 1인 35,000원",3,2025-09-19 17:01:12,2025-09-19 17:01:12
2452842,12,0,입 장 료,무료,3,2025-09-19 17:01:12,2025-09-19 17:01:12
2452842,12,1,주차요금,"[승용차] 10분당 300원<br>
[중형차] 10분당 600원<br>
[대형차] 10분당 900원",3,2025-09-19 17:01:12,2025-09-19 17:01:12
2722936,12,0,시설이용료,"- 실키 스테이 커스텀 매치 70,000원<br>
- 블랙 쿠션 커스텀 매치 52,000원<br>
※ 입장료는 무료이나 체험 별로 비용이 상이함으로 홈페이지 참조",3,2025-09-19 17:01:13,2025-09-19 17:01:13
1603175,12,0,입 장 료,무료 ,3,2025-09-19 17:01:13,2025-09-19 17:01:13
1603175,12,1,화장실,있음,3,2025-09-19 17:01:13,2025-09-19 17:01:13
3357819,12,0,화장실,있음 ,3,2025-09-19 17:01:13,2025-09-19 17:01:13
3357819,12,1,시설이용료,"아이아이 심리 체험권(2인) 60,000원",3,2025-09-19 17:01:13,2025-09-19 17:01:13
129552,12,0,등산로,"[등산코스] <br />
1코스 : 아차산생태공원-소나무숲-아차산길-낙타고개-친수계곡-아차산관리사무소-만남의광장 (약 1시간 30분 소요) <br />
2코스 : 만남의 광장-소나무숲-낙타고개-고구려정-해맞이광장-아차산정상-대성암-낙타고개-친수계곡-만남의광장 <br />
3코스 : 만남의 광장-아차산관리사무소-신추계곡-고구려정-아차산 정산-용마산 정상-뻥튀기골 입구 (약2시간30분소요) <br />",1,2025-09-19 17:01:13,2025-09-19 17:01:13
129552,12,1,관광코스안내,"[이야기가 있는 문화생태탐방로 - 아차산 고구려 역사길]<br />
* 1코스 / 아차산 고구려 역사길(7.8km, 3시간 40분) <br />
광나루역-아차산 입구(만남의 광장)-홍련봉 1/2보루-고구려정-해맞이광장-아차산1보루-아차산5보루-아차산3보루-아차산4보루-아차산2보루-대성암-낙타고개-아차산성-아차산생태공원,아차산고구려역사문화홍보관-워커힐길-워커힐 피자힐-상부암석불입상-광나루터(광나루 낭만의 거리)-광진교(리버뷰 8번가)-한강자전거공원<br />
* 2코스 / 토성산성 어울길 연계코스(5.5km, 3시간) <br />
한강자전거공원-풍납토성-한강둔치길-성내천입구-몽촌토성(올림픽공원)-(토성산성 어울길과 연결-남한산성)",2,2025-09-19 17:01:13,2025-09-19 17:01:13
129552,12,2,입 장 료,무료,3,2025-09-19 17:01:13,2025-09-19 17:01:13
129552,12,3,화장실,있음,3,2025-09-19 17:01:13,2025-09-19 17:01:13
2779539,12,0,입 장 료,무료 ,3,2025-09-19 17:01:14,2025-09-19 17:01:14
250352,12,0,입 장 료,무료,3,2025-09-19 17:01:14,2025-09-19 17:01:14
742972,12,0,화장실,있음,3,2025-09-19 17:01:14,2025-09-19 17:01:14
742972,12,1,이용가능시설,숲속도서관 / 어울림광장 / 습지원 등,3,2025-09-19 17:01:14,2025-09-19 17:01:14
742972,12,2,입 장 료,무료,3,2025-09-19 17:01:14,2025-09-19 17:01:14
2773309,12,0,입 장 료,"무료 
",3,2025-09-19 17:01:14,2025-09-19 17:01:14
2773309,12,1,이용가능시설,"축구장 / 풋살장 / 다목적구장 / 농구장 / 체력단련장 등
",3,2025-09-19 17:01:14,2025-09-19 17:01:14
2773309,12,2,화장실,"있음
",3,2025-09-19 17:01:14,2025-09-19 17:01:14
126518,12,0,화장실,있음,3,2025-09-19 17:01:15,2025-09-19 17:01:15
3523287,12,0,화장실,있음,3,2025-09-19 17:01:15,2025-09-19 17:01:15
2774286,12,0,등산로,,1,2025-09-19 17:01:16,2025-09-19 17:01:16
2774286,12,1,관광코스안내,,2,2025-09-19 17:01:16,2025-09-19 17:01:16
2774286,12,2,입 장 료,무료,3,2025-09-19 17:01:16,2025-09-19 17:01:16
2774286,12,3,화장실,있음,3,2025-09-19 17:01:16,2025-09-19 17:01:16
2774286,12,4,한국어 안내서비스,,4,2025-09-19 17:01:16,2025-09-19 17:01:16
2666751,12,0,입 장 료,무료 ,3,2025-09-19 17:01:16,2025-09-19 17:01:16
2666751,12,1,화장실,있음,3,2025-09-19 17:01:16,2025-09-19 17:01:16
337413,12,0,입 장 료,무료,3,2025-09-19 17:01:17,2025-09-19 17:01:17
2612095,12,0,등산로,,1,2025-09-19 17:01:17,2025-09-19 17:01:17
2612095,12,1,관광코스안내,,2,2025-09-19 17:01:17,2025-09-19 17:01:17
2612095,12,2,입 장 료,무료 ,3,2025-09-19 17:01:17,2025-09-19 17:01:17
2612095,12,3,화장실,있음,3,2025-09-19 17:01:17,2025-09-19 17:01:17
2612095,12,4,한국어 안내서비스,,4,2025-09-19 17:01:17,2025-09-19 17:01:17
3056724,12,0,화장실,있음,3,2025-09-19 17:01:17,2025-09-19 17:01:17
3056724,12,1,이용가능시설,잔디마당 / 초화원 / 그라스원 / 장미원,3,2025-09-19 17:01:17,2025-09-19 17:01:17
2774291,12,0,화장실,있음,3,2025-09-19 17:01:18,2025-09-19 17:01:18
2774291,12,1,입 장 료,무료 ,3,2025-09-19 17:01:18,2025-09-19 17:01:18
1829741,12,0,입 장 료,무료,3,2025-09-19 17:01:18,2025-09-19 17:01:18
126823,12,0,등산로,,1,2025-09-19 17:01:18,2025-09-19 17:01:18
126823,12,1,관광코스안내,,2,2025-09-19 17:01:18,2025-09-19 17:01:18
126823,12,2,입 장 료,무료,3,2025-09-19 17:01:18,2025-09-19 17:01:18
126823,12,3,한국어 안내서비스,,4,2025-09-19 17:01:18,2025-09-19 17:01:18
337422,12,0,화장실,있음,3,2025-09-19 17:01:18,2025-09-19 17:01:18
337422,12,1,입 장 료,무료,3,2025-09-19 17:01:18,2025-09-19 17:01:18
126918,12,0,입 장 료,무료,3,2025-09-19 17:01:19,2025-09-19 17:01:19
126918,12,1,화장실,있음,3,2025-09-19 17:01:19,2025-09-19 17:01:19
2773271,12,0,화장실,있음,3,2025-09-19 17:01:19,2025-09-19 17:01:19
2773271,12,1,입 장 료,무료,3,2025-09-19 17:01:19,2025-09-19 17:01:19
827585,12,0,입 장 료,무료,3,2025-09-19 17:01:19,2025-09-19 17:01:19
827585,12,1,화장실,있음,3,2025-09-19 17:01:19,2025-09-19 17:01:19
2612214,12,0,등산로,,1,2025-09-19 17:01:20,2025-09-19 17:01:20
2612214,12,1,관광코스안내,,2,2025-09-19 17:01:20,2025-09-19 17:01:20
2612214,12,2,화장실,있음,3,2025-09-19 17:01:20,2025-09-19 17:01:20
2612214,12,3,주차요금,5분당 150원,3,2025-09-19 17:01:20,2025-09-19 17:01:20
2612214,12,4,입 장 료,무료,3,2025-09-19 17:01:20,2025-09-19 17:01:20
2612214,12,5,한국어 안내서비스,,4,2025-09-19 17:01:20,2025-09-19 17:01:20
2612107,12,0,입 장 료,무료,3,2025-09-19 17:01:20,2025-09-19 17:01:20
1105980,12,0,입 장 료,무료,3,2025-09-19 17:01:21,2025-09-19 17:01:21
1105980,12,1,화장실,있음,3,2025-09-19 17:01:21,2025-09-19 17:01:21
2611575,12,0,입 장 료,무료,3,2025-09-19 17:01:21,2025-09-19 17:01:21
2751345,12,0,등산로,,1,2025-09-19 17:01:21,2025-09-19 17:01:21
2751345,12,1,관광코스안내,,2,2025-09-19 17:01:21,2025-09-19 17:01:21
2751345,12,2,시설이용료,"[축구장]<br>
- 2시간 평일 (성인) 60,500원 / (어린이·청소년) 42,400원<br>
- 2시간 주말 (성인) 78,600원 / (어린이·청소년) 55,000원<br>
- 1시간 평일 (성인) 30,300원 / (어린이·청소년) 21,200원<br>
- 1시간 주말 (성인) 39,300원 / (어린이·청소년) 27,500원<br>
[풋살장]<br>
- 2시간 평일 (성인) 22,000원 / (어린이·청소년) 15,400원<br>
- 2시간 주말 (성인) 28,600원 / (어린이·청소년) 20,000원<br>
- 1시간 평일 (성인) 11,000원 / (어린이·청소년) 7,700원<br>
- 1시간 주말 (성인) 14,300원 / (어린이·청소년) 10,000원<br>
[족구장]<br>
- 2시간 평일 (성인) 4,400원 / (어린이·청소년) 3,100원<br>
- 2시간 주말 (성인) 5,700원 / (어린이·청소년) 4,000원<br>
- 1시간 평일 (성인) 2,200원 / (어린이·청소년) 1,500원<br>
- 1시간 주말 (성인) 2,900원 / (어린이·청소년) 2,000원<br>
[농구장] 무료<br>
※ 이용요금은 변동될 수 있으므로 자세한 사항은 홈페이지 참조",3,2025-09-19 17:01:21,2025-09-19 17:01:21
2751345,12,3,이용가능시설,축구장 / 풋살장 / 족구장 / 농구장,3,2025-09-19 17:01:21,2025-09-19 17:01:21
2751345,12,4,화장실,있음,3,2025-09-19 17:01:21,2025-09-19 17:01:21
2751345,12,5,내국인 예약안내,,4,2025-09-19 17:01:21,2025-09-19 17:01:21
127215,12,0,입 장 료,무료,3,2025-09-19 17:01:22,2025-09-19 17:01:22
127215,12,1,화장실,있음 (남/녀 구분),3,2025-09-19 17:01:22,2025-09-19 17:01:22
127215,12,2,한국어 안내서비스,가능 - 단체관람시 사전예약(02-2658-9988),4,2025-09-19 17:01:22,2025-09-19 17:01:22
126938,12,0,등산로,,1,2025-09-19 17:01:22,2025-09-19 17:01:22
126938,12,1,관광코스안내,,2,2025-09-19 17:01:22,2025-09-19 17:01:22
126938,12,2,이용가능시설,홍보관 / 야외공연장 / 묘역 / 봉사관 / 양화진홀 / 선교기념관 등,3,2025-09-19 17:01:22,2025-09-19 17:01:22
126938,12,3,화장실,있음,3,2025-09-19 17:01:22,2025-09-19 17:01:22
126938,12,4,입 장 료,"무료
",3,2025-09-19 17:01:22,2025-09-19 17:01:22
126938,12,5,외국어 안내서비스,"가능(영어, 일본어, 중국어)<br>
※ 외국어로 구성된 안내 리플렛을 통해 QR code 영상 안내도 활용할 수 있음",4,2025-09-19 17:01:22,2025-09-19 17:01:22
126938,12,6,내국인 예약안내,"홈페이지에서 예약 가능<br>
※ 안내 예약은 6개월 전부터 방문 전날 오후 9시까지 가능 (당일 예약 불가)<br>
※ 장애인과 동반하는 경우 기타사항에 ‘장애인 편의에 대한 상황’ 입력 필수",4,2025-09-19 17:01:22,2025-09-19 17:01:22
126938,12,7,한국어 안내서비스,"가능(안내 해설)<br>
- 월요일~금요일  10:00 / 11:30 / 14:00<br>
- 토요일 10:00 / 11:30 / 13:30 / 15:00 <br>
※ 신정(1월 1일), 설 연휴, 추석 연휴, 성탄절에는 안내를 제공하지 않음<br>
※ 안내 시작 15분 전까지 도착 요망",4,2025-09-19 17:01:22,2025-09-19 17:01:22
126938,12,8,외국인 예약안내,"홈페이지에서 예약 가능<br>
※ 안내 예약은 6개월 전부터 방문 전날 오후 9시까지 가능 (당일 예약 불가)<br>
※ 안내예약신청 시 기타사항에 ‘외국어 안내가 필요한 상황’ 입력 필수",4,2025-09-19 17:01:22,2025-09-19 17:01:22
1059877,12,0,주차요금,"최초 30분 1,000원 / 초과 10분당 200원",3,2025-09-19 17:01:22,2025-09-19 17:01:22
1059877,12,1,이용가능시설,체육시설 / 카페 / 어린이놀이터 / 자전거대여점 / 편의점 등,3,2025-09-19 17:01:22,2025-09-19 17:01:22
1059877,12,2,입 장 료,무료 ,3,2025-09-19 17:01:22,2025-09-19 17:01:22
1059877,12,3,화장실,있음,3,2025-09-19 17:01:22,2025-09-19 17:01:22
2561208,12,0,화장실,있음 ,3,2025-09-19 17:01:23,2025-09-19 17:01:23
2561208,12,1,입 장 료,"- 어린이 2시간 15,000원<br>
- 보호자 5,000원",3,2025-09-19 17:01:23,2025-09-19 17:01:23
3082398,12,0,입 장 료,"- 평일 19,000원<br>
- 주말 22,000원<br>
※ 자세한 사항은 홈페이지 참조",3,2025-09-19 17:01:23,2025-09-19 17:01:23
3082398,12,1,화장실,있음,3,2025-09-19 17:01:23,2025-09-19 17:01:23
2592885,12,0,등산로,,1,2025-09-19 17:01:24,2025-09-19 17:01:24
2592885,12,1,관광코스안내,,2,2025-09-19 17:01:24,2025-09-19 17:01:24
2592885,12,2,화장실,"있음
",3,2025-09-19 17:01:24,2025-09-19 17:01:24
2592885,12,3,시설이용료,"[뷰티컨설팅]<br>
- 아이브로우 컨설팅(20분) 47,000원<br>
- 헤어라인 컨설팅(20분) 39,000원<br>
- 아이메이크업 컨설팅(30분) 87,000원<br>
- 풀페이스 컨설팅(60분) 157,000원<br>
<br>
[뷰티케어]<br>
- 아이브로우 케어(20분) 37,000원<br>
- 헤어라인 케어(40분) 35,000원<br>
<br>
[메이크업]<br>
- 메이크업(30분) 77,000원<br>
- 메이크업(60분) 120,000원<br>
- 아이메이크업(20분) 70,000원<br>
- 브로우티칭(20분) 50,000원<br>
- 메이크업 티칭(40분) 120,000원<br>
※ 이용요금은 변동될 수 있으므로 자세한 사항은 전화 문의",3,2025-09-19 17:01:24,2025-09-19 17:01:24
2592885,12,4,내국인 예약안내,전화 문의,4,2025-09-19 17:01:24,2025-09-19 17:01:24
2592885,12,5,외국인 예약안내,전화 문의,4,2025-09-19 17:01:24,2025-09-19 17:01:24
2592885,12,6,외국어 안내서비스,가능(영어 / 중국어),4,2025-09-19 17:01:24,2025-09-19 17:01:24
2591819,12,0,입 장 료,무료,3,2025-09-19 17:01:24,2025-09-19 17:01:24
127955,12,0,화장실,있음(남녀 구분),3,2025-09-19 17:01:24,2025-09-19 17:01:24
127955,12,1,입 장 료,무료,3,2025-09-19 17:01:24,2025-09-19 17:01:24
127955,12,2,이용가능시설,"생태연못, 사모정, 지당, 팔각정, 세종대왕동상, 야외무대, 잔디마당, 태극기 게양대, 지압보도, 자전거 도로, 산책로 등",3,2025-09-19 17:01:24,2025-09-19 17:01:24
2774305,12,0,주차요금,5분당 300원,3,2025-09-19 17:01:25,2025-09-19 17:01:25
2774305,12,1,화장실,있음,3,2025-09-19 17:01:25,2025-09-19 17:01:25
809596,12,0,관광코스안내,"<strong>여의경관구역(여의도 샛강 상류 한강본류부 400m)</strong><br />
&nbsp;&nbsp; - 한강과 여의도 샛강이 만나는 유입부로서 한강의 경관을 조망할 수 있는 초지 및 잔디마당과 파크골프장, 산책로가 있어 다양한 놀이를 즐길 수 있음<br />
<strong>수질정화 습지지역(63빌딩 ~ 여의교 지점)</strong><br />
&nbsp;&nbsp; - 다양한 형태의 습지를 조성하여 여의도샛강 생태공원의 수질정화 및 생태적 발생기반을 조성.<br />
<strong>생태체험 학습지역(여의교 ~ 서울교)</strong><br />
&nbsp;&nbsp; - 안정된 생태자원을 보존하기 위하여 생태수로 및 버들숲 등을 조성하여 생태학습을 할 수 있는 기회 제공 공간<br />
<strong>버들문화구역(서울교 ~ 파천교)</strong><br />
&nbsp;&nbsp; - 여의도 공원과 연계하여 시민들의 여가문화 공간을 제공하고 생태학습장으로서의 다양한 관찰활동을 할 수 있도록 버들광장, 창포원 및 물억새 군락 조성<br />
<strong>생태보존 구역(파천교 ~ 국회의사당)</strong><br />
&nbsp;&nbsp; - 보존지구로 선정하고 통행로를 우회하여 생태적 자연성이 우수한 폐쇄형 습지를 절대적으로 보존하도록 조성<br />
<strong>둔치경관 탐방구역(여의하류 IC 부분)</strong><br />
&nbsp;&nbsp; - 한강 및 밤섬의 경관을 조망 할 수 있도록 넓은 초지로 남는 언덕형태로 조성<br>",2,2025-09-19 17:01:25,2025-09-19 17:01:25
809596,12,1,이용가능시설,"자전거도로 4.7㎞, 산책로 7.4㎞, 주차장 2개소, 교량 5개소, 광장 2개소, 안내센터 1개소, 잔디마당, 파크골프장, 생태수로, 창포원, 버들숲, 수질정화원, 물억새 군락, 폐쇄형 습지 등
",3,2025-09-19 17:01:25,2025-09-19 17:01:25
809596,12,2,입 장 료,무료,3,2025-09-19 17:01:25,2025-09-19 17:01:25
809596,12,3,화장실,있음(남녀 구분),3,2025-09-19 17:01:25,2025-09-19 17:01:25
1059479,12,0,화장실,있음,3,2025-09-19 17:01:25,2025-09-19 17:01:25
1059479,12,1,입 장 료,무료,3,2025-09-19 17:01:25,2025-09-19 17:01:25
1059479,12,2,이용가능시설,체육시설 / 광장 / 생태공원 등,3,2025-09-19 17:01:25,2025-09-19 17:01:25
1059479,12,3,주차요금,"최초 30분 2,000원 / 초과 10분당 300원",3,2025-09-19 17:01:25,2025-09-19 17:01:25
2760268,12,0,화장실,"있음
",3,2025-09-19 17:01:25,2025-09-19 17:01:25
2760268,12,1,주차요금,"최초 30분 2,000원 / 초과 시 10분당 300원",3,2025-09-19 17:01:25,2025-09-19 17:01:25
2391348,12,0,입 장 료,무료,3,2025-09-19 17:01:26,2025-09-19 17:01:26
2752545,12,0,이용가능시설,"놀이터, 노인정, 운동기구, 정자		
",3,2025-09-19 17:01:26,2025-09-19 17:01:26
2752545,12,1,입 장 료,"무료 
",3,2025-09-19 17:01:26,2025-09-19 17:01:26
2752545,12,2,화장실,"있음(남/녀 구분)
",3,2025-09-19 17:01:26,2025-09-19 17:01:26
2733864,12,0,화장실,있음,3,2025-09-19 17:01:26,2025-09-19 17:01:26
2733864,12,1,입 장 료,무료 ,3,2025-09-19 17:01:26,2025-09-19 17:01:26
2500201,12,0,입 장 료,무료,3,2025-09-19 17:01:27,2025-09-19 17:01:27
264375,12,0,이용가능시설,음식점 / 카페 / 의류/악세사리점 등,3,2025-09-19 17:01:27,2025-09-19 17:01:27
264375,12,1,외국어 안내서비스,"관광안내전화 02-1330 (한,영,일,중)",4,2025-09-19 17:01:27,2025-09-19 17:01:27
2611679,12,0,입 장 료,무료,3,2025-09-19 17:01:28,2025-09-19 17:01:28
337508,12,0,화장실,있음,3,2025-09-19 17:01:28,2025-09-19 17:01:28
3056152,12,0,화장실,있음,3,2025-09-19 17:01:29,2025-09-19 17:01:29
3056152,12,1,입 장 료,무료,3,2025-09-19 17:01:29,2025-09-19 17:01:29
749355,12,0,화장실,있음,3,2025-09-19 17:01:29,2025-09-19 17:01:29
1603237,12,0,화장실,있음,3,2025-09-19 17:01:29,2025-09-19 17:01:29
1603237,12,1,이용가능시설,농구장 / 배드민턴장 / 풋살경기장 / 야외정자 등,3,2025-09-19 17:01:29,2025-09-19 17:01:29
1603237,12,2,입 장 료,무료,3,2025-09-19 17:01:29,2025-09-19 17:01:29
3413573,12,0,시설이용료,"-3cut 4,000원<br>
-4cut card size 4,000원<br>
-2cut polaroid 5,000원<br>
-4cut profile 5,000원<br>
-9cut profile 6,000원",3,2025-09-19 17:01:30,2025-09-19 17:01:30
337546,12,0,화장실,있음(남녀 구분),3,2025-09-19 17:01:30,2025-09-19 17:01:30
337546,12,1,이용가능시설,극락보전 / 대웅전 / 미륵전 / 선불장 / 삼성각 / 요사채 / 지장전 / 불교대학 / 종무소,3,2025-09-19 17:01:30,2025-09-19 17:01:30
127016,12,0,화장실,있음,3,2025-09-19 17:01:30,2025-09-19 17:01:30
127016,12,1,입 장 료,"무료 
",3,2025-09-19 17:01:30,2025-09-19 17:01:30
754063,12,0,화장실,있음,3,2025-09-19 17:01:31,2025-09-19 17:01:31
754063,12,1,입 장 료,무료 ,3,2025-09-19 17:01:31,2025-09-19 17:01:31
866393,12,0,화장실,있음,3,2025-09-19 17:01:31,2025-09-19 17:01:31
866393,12,1,입 장 료,무료,3,2025-09-19 17:01:31,2025-09-19 17:01:31
866393,12,2,이용가능시설,체력단련시설 / 놀이터 / 쉼터 등,3,2025-09-19 17:01:31,2025-09-19 17:01:31
3085458,12,0,화장실,있음,3,2025-09-19 17:01:31,2025-09-19 17:01:31
2778135,12,0,입 장 료,무료 ,3,2025-09-19 17:01:31,2025-09-19 17:01:31
2611735,12,0,등산로,,1,2025-09-19 17:01:31,2025-09-19 17:01:31
2611735,12,1,관광코스안내,"8코스, 오목공원-CBS방송국-선인문분수광장-자원순환홍보교육관-목동빗물펌프장-영학정",2,2025-09-19 17:01:31,2025-09-19 17:01:31
2611735,12,2,입 장 료,무료,3,2025-09-19 17:01:31,2025-09-19 17:01:31
2611735,12,3,한국어 안내서비스,,4,2025-09-19 17:01:31,2025-09-19 17:01:31
2029564,12,0,촬영장소,"한국인의 밥상, 김영철의 동네 한바퀴, 어서와 한국은 처음이지
",2,2025-09-19 17:01:32,2025-09-19 17:01:32
2029564,12,1,시설이용료,"110,000원",3,2025-09-19 17:01:32,2025-09-19 17:01:32
2518733,12,0,시설이용료,"[PACKAGE PROGRAM]<br>
-  FACIAL CARE 150,000원 (60분)<br>
- REFRESH CARE 230,000원 (90분)<br>
- SPECIAL CARE 300,000원 (120분)<br>
- VIP CARE 450,000원 (150분)<br>
- QUEEN CARE 550,000원 (180분)<br>
- AROMA BODY CARE 200,000원 (60분)<br>
- BOYANG HEAD SPA 99,000원(30분)<br>
- BOYANG HEAD SPA + FOOT 190,000원(60분)<br>
- BOYANG HEAD SPA + FACIAL 220,000원(70분)<br>
- BOYANG HEAD SPA + FACIAL & FOOT 280,000원(90분)<br>
11.SIGNATURE COURSE 770,000원 (210분)<br>
※ 이용요금은 변동될 수 있으므로 홈페이지 참고",3,2025-09-19 17:01:32,2025-09-19 17:01:32
2518733,12,1,화장실,있음  ,3,2025-09-19 17:01:32,2025-09-19 17:01:32
2518733,12,2,내국인 예약안내,전화예약,4,2025-09-19 17:01:32,2025-09-19 17:01:32
337557,12,0,등산로,,1,2025-09-19 17:01:32,2025-09-19 17:01:32
337557,12,1,관광코스안내,,2,2025-09-19 17:01:32,2025-09-19 17:01:32
337557,12,2,입 장 료,무료,3,2025-09-19 17:01:32,2025-09-19 17:01:32
337557,12,3,외국어 안내서비스,,4,2025-09-19 17:01:32,2025-09-19 17:01:32
814255,12,0,화장실,있음,3,2025-09-19 17:01:32,2025-09-19 17:01:32
814255,12,1,입 장 료,무료,3,2025-09-19 17:01:32,2025-09-19 17:01:32
814255,12,2,이용가능시설,배드민턴장 / 체력단련장 / 운동기구 등,3,2025-09-19 17:01:32,2025-09-19 17:01:32
2591824,12,0,등산로,,1,2025-09-19 17:01:33,2025-09-19 17:01:33
2591824,12,1,관광코스안내,,2,2025-09-19 17:01:33,2025-09-19 17:01:33
2591824,12,2,입 장 료,"무료
",3,2025-09-19 17:01:33,2025-09-19 17:01:33
2591824,12,3,한국어 안내서비스,,4,2025-09-19 17:01:33,2025-09-19 17:01:33
2589659,12,0,이용가능시설,관리실,3,2025-09-19 17:01:33,2025-09-19 17:01:33
2589659,12,1,화장실,"있음
",3,2025-09-19 17:01:33,2025-09-19 17:01:33
2589659,12,2,시설이용료,프로그램별 이용요금 상이,3,2025-09-19 17:01:33,2025-09-19 17:01:33
2589659,12,3,외국인 예약안내,"전화 예약
",4,2025-09-19 17:01:33,2025-09-19 17:01:33
2589659,12,4,내국인 예약안내,"전화 예약
",4,2025-09-19 17:01:33,2025-09-19 17:01:33
126532,12,0,화장실,있음,3,2025-09-19 17:01:33,2025-09-19 17:01:33
126532,12,1,이용가능시설,체육시설 / 안내센터 / KSPO DOME(올림픽체조경기장) 등,3,2025-09-19 17:01:33,2025-09-19 17:01:33
126532,12,2,입 장 료,무료,3,2025-09-19 17:01:33,2025-09-19 17:01:33
126532,12,3,주차요금,"[소형] 10분당 600원(일 최대 20,000원)<br>
[대형] 10분당 1,200원(일 최대 24,000원)<br>
※ 10분 이내 출차 시 무료<br>
※ 자세한 사항은 홈페이지 참조",3,2025-09-19 17:01:33,2025-09-19 17:01:33
2758192,12,0,입 장 료,"무료		
",3,2025-09-19 17:01:34,2025-09-19 17:01:34
2758192,12,1,화장실,"있음
",3,2025-09-19 17:01:34,2025-09-19 17:01:34
2758192,12,2,주차요금,"- 소형 10분당 600원<br>
- 대형(24인승, 2.5톤이상) 10분당 1,200원",3,2025-09-19 17:01:34,2025-09-19 17:01:34
2761797,12,0,입 장 료,"무료 
",3,2025-09-19 17:01:34,2025-09-19 17:01:34
2761797,12,1,주차요금,"[소형]<br>
- 10분당 600원<br>
- 일 최대 20,000원<br>
[대형(24인승, 2.5톤이상)]<br>
- 10분당 1,200원<br>
- 일 최대 24,000원<br>
※ 자세한 사항은 홈페이지 참조 요망",3,2025-09-19 17:01:34,2025-09-19 17:01:34
250131,12,0,등산로,,1,2025-09-19 17:01:34,2025-09-19 17:01:34
250131,12,1,관광코스안내,,2,2025-09-19 17:01:34,2025-09-19 17:01:34
250131,12,2,입 장 료,무료,3,2025-09-19 17:01:34,2025-09-19 17:01:34
250131,12,3,한국어 안내서비스,,4,2025-09-19 17:01:34,2025-09-19 17:01:34
1019041,12,0,화장실,있음,3,2025-09-19 17:01:35,2025-09-19 17:01:35
1019041,12,1,입 장 료,무료 ,3,2025-09-19 17:01:35,2025-09-19 17:01:35
2946110,12,0,촬영장소,2019년도 MBC ‘나 혼자 산다’ 288회 박나래 편,2,2025-09-19 17:01:35,2025-09-19 17:01:35
2946110,12,1,시설이용료,※ 체험 별로 상이하므로 자세한 사항은 전화 문의,3,2025-09-19 17:01:35,2025-09-19 17:01:35
2946110,12,2,화장실,있음,3,2025-09-19 17:01:35,2025-09-19 17:01:35
2758125,12,0,입 장 료,무료,3,2025-09-19 17:01:35,2025-09-19 17:01:35
337562,12,0,화장실,있음,3,2025-09-19 17:01:35,2025-09-19 17:01:35
337562,12,1,외국어 안내서비스,불가,4,2025-09-19 17:01:35,2025-09-19 17:01:35
2761437,12,0,등산로,,1,2025-09-19 17:01:36,2025-09-19 17:01:36
2761437,12,1,촬영장소,"드라마 <너를 기억해> 영화 <표적>, 예능프로그램 <대탈출3>, 뮤직비디오 크레용팝 <빠빠빠> 등 다수
",2,2025-09-19 17:01:36,2025-09-19 17:01:36
2761437,12,2,입 장 료,"- 성인 10,000원<br>
- 고교생이하 / 답사 5,000원<br>
※ 이용요금은 변동될 수 있으므로 전화문의",3,2025-09-19 17:01:36,2025-09-19 17:01:36
2761437,12,3,화장실,"있음
",3,2025-09-19 17:01:36,2025-09-19 17:01:36
2761437,12,4,내국인 예약안내,,4,2025-09-19 17:01:36,2025-09-19 17:01:36
814123,12,0,등산로,"구의동 영화사 - 팔각정 - 아차산 정상 - 용마봉 - 대원외고 광장동 동의초등학교 - 팔각정 - 아차산 정상 - 용마산 긴고랑체육공원 용마산길 아성빌라, 선진연립주택 코스 외",1,2025-09-19 17:01:36,2025-09-19 17:01:36
814123,12,1,입 장 료,무료 ,3,2025-09-19 17:01:36,2025-09-19 17:01:36
126825,12,0,화장실,있음,3,2025-09-19 17:01:36,2025-09-19 17:01:36
126825,12,1,입 장 료,무료,3,2025-09-19 17:01:36,2025-09-19 17:01:36
126499,12,0,화장실,있음,3,2025-09-19 17:01:37,2025-09-19 17:01:37
126499,12,1,입 장 료,"무료
",3,2025-09-19 17:01:37,2025-09-19 17:01:37
2783317,12,0,화장실,있음,3,2025-09-19 17:01:37,2025-09-19 17:01:37
2783317,12,1,입 장 료,무료,3,2025-09-19 17:01:37,2025-09-19 17:01:37
1103054,12,0,화장실,있음,3,2025-09-19 17:01:38,2025-09-19 17:01:38
3400843,12,0,,,1,2025-09-19 17:01:38,2025-09-19 17:01:38
3400843,12,1,,,2,2025-09-19 17:01:38,2025-09-19 17:01:38
3400843,12,2,입 장 료,무료 ,3,2025-09-19 17:01:38,2025-09-19 17:01:38
3400843,12,3,,,4,2025-09-19 17:01:38,2025-09-19 17:01:38
2758150,12,0,입 장 료,무료,3,2025-09-19 17:01:38,2025-09-19 17:01:38
1116877,12,0,입 장 료,무료,3,2025-09-19 17:01:39,2025-09-19 17:01:39
1116877,12,1,화장실,있음,3,2025-09-19 17:01:39,2025-09-19 17:01:39
1116758,12,0,화장실,있음,3,2025-09-19 17:01:39,2025-09-19 17:01:39
1116758,12,1,입 장 료,무료,3,2025-09-19 17:01:39,2025-09-19 17:01:39
2373360,12,0,등산로,,1,2025-09-19 17:01:40,2025-09-19 17:01:40
2373360,12,1,관광코스안내,,2,2025-09-19 17:01:40,2025-09-19 17:01:40
2373360,12,2,입 장 료,무료 ,3,2025-09-19 17:01:40,2025-09-19 17:01:40
2373360,12,3,한국어 안내서비스,,4,2025-09-19 17:01:40,2025-09-19 17:01:40
2756589,12,0,주차요금,"3시간 무료
",3,2025-09-19 17:01:40,2025-09-19 17:01:40
2756589,12,1,시설이용료,"[회수권(10회)] 110,000원<br>
[정기권]<br>
- 년 : 2,200,000원<br>
- 월 : 220,000원<br>
[대인]<br>
- 주중 12,000원<br>
- 주말, 공휴일 14,000원<br>
[소인(24개월~7세 이하)]<br>
- 주중 8,000원<br>
- 주말, 공휴일 8,000원<br>
[경로(65세 이상)]<br>
- 주중 10,000원<br>
- 주말, 공휴일 12,000원<br>
※ 신분증 지참 필수<br>
[조조할인]<br>
- 주중 10,000원<br>
- 주말, 공휴일 12,000원",3,2025-09-19 17:01:40,2025-09-19 17:01:40
2756589,12,2,화장실,"있음
",3,2025-09-19 17:01:40,2025-09-19 17:01:40
2756589,12,3,이용가능시설,"온천탕 / 토굴방 / 동굴방 / 아이스방 / 히노끼탕
",3,2025-09-19 17:01:40,2025-09-19 17:01:40
2779508,12,0,입 장 료,무료,3,2025-09-19 17:01:40,2025-09-19 17:01:40
2757831,12,0,등산로,"남부터미널 앞 → 전망대 → 정상(소망탑) → 대피소 → 경남아파트(1,436m/50분)<br>남태령 → 알봉 → 정상 → 대성사 → 예술의 전당 앞(2,983m/2시간)<br>우면동 → 전망대 → 정상 → 대성사 → 예술의 전당 앞(2,154m/1시간 30분)",1,2025-09-19 17:01:41,2025-09-19 17:01:41
2757831,12,1,입 장 료,"무료
",3,2025-09-19 17:01:41,2025-09-19 17:01:41
758299,12,0,화장실,있음(남녀 구분),3,2025-09-19 17:01:41,2025-09-19 17:01:41
3065955,12,0,화장실,있음,3,2025-09-19 17:01:41,2025-09-19 17:01:41
126495,12,0,등산로,,1,2025-09-19 17:01:42,2025-09-19 17:01:42
126495,12,1,관광코스안내,,2,2025-09-19 17:01:42,2025-09-19 17:01:42
126495,12,2,입 장 료,무료,3,2025-09-19 17:01:42,2025-09-19 17:01:42
126495,12,3,화장실,있음,3,2025-09-19 17:01:42,2025-09-19 17:01:42
126495,12,4,내국인 예약안내,,4,2025-09-19 17:01:42,2025-09-19 17:01:42
3076160,12,0,입 장 료,무료,3,2025-09-19 17:01:42,2025-09-19 17:01:42
3076160,12,1,화장실,있음 ,3,2025-09-19 17:01:42,2025-09-19 17:01:42
2675091,12,0,입 장 료,무료,3,2025-09-19 17:01:42,2025-09-19 17:01:42
2675091,12,1,화장실,있음,3,2025-09-19 17:01:42,2025-09-19 17:01:42
2675091,12,2,이용가능시설,약수터,3,2025-09-19 17:01:42,2025-09-19 17:01:42
346995,12,0,화장실,있음,3,2025-09-19 17:01:43,2025-09-19 17:01:43
128021,12,0,이용가능시설,맹꽁이전기차 / 생태교육시설 / 반려견놀이터 등,3,2025-09-19 17:01:44,2025-09-19 17:01:44
128021,12,1,주차요금,"- 승용차 : 5분당 150원<br>
- 중형차(미니버스) : 5분당 300원<br>
- 대형차 : 5분당 450원<br>
※ 주차장 문의 : 02-304-6678",3,2025-09-19 17:01:44,2025-09-19 17:01:44
128021,12,2,시설이용료,"[맹꽁이전기차 1노선]<br>
- 일반 편도 2,000원<br>
- 일반 왕복 3,000원<br>
- 어린이(만4세~12세) 편도 1,500원<br>
- 어린이(만4세~12세 왕복 2,200원<br>
[맹꽁이전기차 2노선]<br>
- 일반 편도 2,000원<br>
- 어린이(만4세~12세) 편도 1,500원<br>
[맹꽁이전기차 3노선]<br>
- 일반 편도 2,000원<br>
- 일반 왕복 3,000원<br>
- 어린이(만4세~12세) 편도 1,500원<br>
- 어린이(만4세~12세 왕복 2,200원<br>
※ 자세한 사항은 홈페이지 참조",3,2025-09-19 17:01:44,2025-09-19 17:01:44
128021,12,3,화장실,있음,3,2025-09-19 17:01:44,2025-09-19 17:01:44
3058015,12,0,입 장 료,무료,3,2025-09-19 17:01:44,2025-09-19 17:01:44
2993194,12,0,예약안내,네이버 예약,3,2025-09-19 17:01:44,2025-09-19 17:01:44
1829586,12,0,입 장 료,무료,3,2025-09-19 17:01:45,2025-09-19 17:01:45
1829586,12,1,화장실,은평평화공원 내 화장실 이용,3,2025-09-19 17:01:45,2025-09-19 17:01:45
1829821,12,0,주차요금,10분당 300원,3,2025-09-19 17:01:46,2025-09-19 17:01:46
1829821,12,1,입 장 료,무료,3,2025-09-19 17:01:46,2025-09-19 17:01:46
1829821,12,2,화장실,있음 ,3,2025-09-19 17:01:46,2025-09-19 17:01:46
605539,12,0,등산로,,1,2025-09-19 17:01:46,2025-09-19 17:01:46
605539,12,1,관광코스안내,,2,2025-09-19 17:01:46,2025-09-19 17:01:46
605539,12,2,입 장 료,무료,3,2025-09-19 17:01:46,2025-09-19 17:01:46
605539,12,3,한국어 안내서비스,,4,2025-09-19 17:01:46,2025-09-19 17:01:46
2743740,12,0,등산로,,1,2025-09-19 17:01:47,2025-09-19 17:01:47
2743740,12,1,관광코스안내,,2,2025-09-19 17:01:47,2025-09-19 17:01:47
2743740,12,2,입 장 료,"무료<br>
※ 단, 체험비 별도",3,2025-09-19 17:01:47,2025-09-19 17:01:47
2743740,12,3,이용가능시설,육영수여사 기념전시실 / 푸른꿈 상상놀이터 등,3,2025-09-19 17:01:47,2025-09-19 17:01:47
2743740,12,4,주차요금,기본 10분 500원,3,2025-09-19 17:01:47,2025-09-19 17:01:47
2743740,12,5,한국어 안내서비스,,4,2025-09-19 17:01:47,2025-09-19 17:01:47
2777943,12,0,입 장 료,무료,3,2025-09-19 17:01:47,2025-09-19 17:01:47
2993372,12,0,입 장 료,무료 ,3,2025-09-19 17:01:47,2025-09-19 17:01:47
2787181,12,0,등산로,,1,2025-09-19 17:01:47,2025-09-19 17:01:47
2787181,12,1,관광코스안내,,2,2025-09-19 17:01:47,2025-09-19 17:01:47
2787181,12,2,입 장 료,"무료	
",3,2025-09-19 17:01:47,2025-09-19 17:01:47
2787181,12,3,화장실,"있음
",3,2025-09-19 17:01:47,2025-09-19 17:01:47
2787181,12,4,한국어 안내서비스,,4,2025-09-19 17:01:47,2025-09-19 17:01:47
2754732,12,0,화장실,"있음
",3,2025-09-19 17:01:48,2025-09-19 17:01:48
2754732,12,1,이용가능시설,잔디광장 / 쉼터 / 게이트볼장 / 다목적구장 / 체력단련시설 / 어린이놀이터 등,3,2025-09-19 17:01:48,2025-09-19 17:01:48
2754732,12,2,주차요금,"5분당 100원
",3,2025-09-19 17:01:48,2025-09-19 17:01:48
2759917,12,0,화장실,"있음
",3,2025-09-19 17:01:48,2025-09-19 17:01:48
2759917,12,1,입 장 료,무료,3,2025-09-19 17:01:48,2025-09-19 17:01:48
2751890,12,0,촬영장소,tvN <또 오해영> 촬영장소,2,2025-09-19 17:01:49,2025-09-19 17:01:49
2751890,12,1,화장실,있음(,3,2025-09-19 17:01:49,2025-09-19 17:01:49
2751890,12,2,이용가능시설,놀이시설 / 운동시설 / 벤치 등,3,2025-09-19 17:01:49,2025-09-19 17:01:49
2724392,12,0,관광코스안내,"[문화공간]<br>
은평역사한옥박물관 (02-351-8524)<br>
너나들이센터 (02-351-4433)<br>
삼각산금암미술관<br>
셋이서문학관 (02-355-5800)",2,2025-09-19 17:01:49,2025-09-19 17:01:49
2724392,12,1,입 장 료,무료,3,2025-09-19 17:01:49,2025-09-19 17:01:49
2591826,12,0,등산로,,1,2025-09-19 17:01:50,2025-09-19 17:01:50
2591826,12,1,관광코스안내,,2,2025-09-19 17:01:50,2025-09-19 17:01:50
2591826,12,2,입 장 료,무료,3,2025-09-19 17:01:50,2025-09-19 17:01:50
2591826,12,3,한국어 안내서비스,,4,2025-09-19 17:01:50,2025-09-19 17:01:50
1874105,12,0,입산통제 구간,"등산로 통제구간&nbsp;안내 <a title=""등산로 통제구간 검색"" href=""http://hiking.kworks.co.kr/sub_map/map_user01.aspx"" target=""_blank"">http://hiking.kworks.co.kr/sub_map/map_user01.aspx</a>",1,2025-09-19 17:01:50,2025-09-19 17:01:50
1874105,12,1,입산통제 기간,"[봄가을철 산불조심기간] <br />
(산불예방을 위해 한시적으로 등산로 구간통제)<br />
봄철 3월 2일 ~ 4월 30일 <br />
가을철 11월 1일 ~ 12월 15일<br />
-국립공원 11월 15일 ~ 12월 15일(경주,태안해안제외)<br />
※ 통제기간과 통제구간은 기상여건 등을 감안하여 산별로 일부 조정될 수 있으니 산행 시 사전확인 ",1,2025-09-19 17:01:50,2025-09-19 17:01:50
1874105,12,2,입 장 료,무료 ,3,2025-09-19 17:01:50,2025-09-19 17:01:50
1874105,12,3,화장실,있음,3,2025-09-19 17:01:50,2025-09-19 17:01:50
2757822,12,0,등산로,,1,2025-09-19 17:01:51,2025-09-19 17:01:51
2757822,12,1,관광코스안내,,2,2025-09-19 17:01:51,2025-09-19 17:01:51
2757822,12,2,시설이용료,"[응봉축구장]<br>
- 평일 50,000원<br>
- 주말 및 공휴일 65,000원<br>
[응봉풋살장]<br>
- 평일 20,000원<br>
- 주말 및 공휴일 26,000원",3,2025-09-19 17:01:51,2025-09-19 17:01:51
2757822,12,3,화장실,있음,3,2025-09-19 17:01:51,2025-09-19 17:01:51
2757822,12,4,내국인 예약안내,,4,2025-09-19 17:01:51,2025-09-19 17:01:51
713110,12,0,주차요금,무료,3,2025-09-19 17:01:51,2025-09-19 17:01:51
713110,12,1,화장실,있음,3,2025-09-19 17:01:51,2025-09-19 17:01:51
1829827,12,0,입 장 료,무료,3,2025-09-19 17:01:51,2025-09-19 17:01:51
1829827,12,1,화장실,있음,3,2025-09-19 17:01:51,2025-09-19 17:01:51
2667611,12,0,입 장 료,무료,3,2025-09-19 17:01:51,2025-09-19 17:01:51
126701,12,0,등산로,,1,2025-09-19 17:01:52,2025-09-19 17:01:52
126701,12,1,관광코스안내,"한강투어 크루즈, 별빛 크루즈, 선셋 크루즈 : 여의도 – 서강대교 – 여의도
선셋 크루즈 : 여의도 – 동작대교 – 여의도
런치 크루즈 : 여의도 – 성산대교 – 여의도
달빛 뮤직 크루즈, 디너 크루즈 : 여의도 – 반포대교 - 여의도",2,2025-09-19 17:01:52,2025-09-19 17:01:52
126701,12,2,상점정보,"1터미널 - 롯데리아, 루버스 카페, 카페루고, CU<br />
2터미널 - 애슐리 마린,  CU, 미코치킨",2,2025-09-19 17:01:52,2025-09-19 17:01:52
126701,12,3,촬영장소,"tvN 《김비서가 왜 그럴까》<br />
MBC every1 《어서와~ 한국은 처음이지?》<br />
tvN 《서울메이트》<br />
MBC 드라마《운명처럼 널 사랑해》 , SBS 드라마《별에서 온 그대》, SBS 예능《런닝맨》, MBC 예능《무한도전》, SBS 예능《꽃놀이패》, OCN 드라마《터널》등 촬영",2,2025-09-19 17:01:52,2025-09-19 17:01:52
126701,12,4,시설이용료,"[한강투어 크루즈]<br>
- 대인 19,900원<br>
- 청소년 19,900원<br>
- 소인 13,900원<br>
[선셋 크루]<br>
- 대인 23,900원<br>
- 청소년 23,900원<br>
- 소인 16,900원<br>
[달빛 뮤직 크루즈]<br>
- 대인 23,900원<br>
- 청소년 23,900원<br>
- 소인 16,900원<br>
[별빛 크루즈]<br>
- 대인 25,900원<br>
- 청소년 25,900원<br>
- 소인 17,900원<br>
※ 이용요금은 변동될 수 있으므로 자세한 사항은 홈페이지 참조",3,2025-09-19 17:01:52,2025-09-19 17:01:52
126701,12,5,주차요금,매표소에서 사전 등록 시 무료,3,2025-09-19 17:01:52,2025-09-19 17:01:52
126701,12,6,화장실,있음,3,2025-09-19 17:01:52,2025-09-19 17:01:52
126701,12,7,외국인 예약안내,,4,2025-09-19 17:01:52,2025-09-19 17:01:52
1835181,12,0,입 장 료,무료,3,2025-09-19 17:01:52,2025-09-19 17:01:52
1835181,12,1,화장실,있음,3,2025-09-19 17:01:52,2025-09-19 17:01:52
3044977,12,0,화장실,있음,3,2025-09-19 17:01:52,2025-09-19 17:01:52
1835201,12,0,입 장 료,무료,3,2025-09-19 17:01:52,2025-09-19 17:01:52
2373363,12,0,입 장 료,무료 ,3,2025-09-19 17:01:53,2025-09-19 17:01:53
3043967,12,0,입 장 료,무료,3,2025-09-19 17:01:53,2025-09-19 17:01:53
3043967,12,1,화장실,있음,3,2025-09-19 17:01:53,2025-09-19 17:01:53
970636,12,0,등산로,,1,2025-09-19 17:01:54,2025-09-19 17:01:54
970636,12,1,관광코스안내,,2,2025-09-19 17:01:54,2025-09-19 17:01:54
970636,12,2,입 장 료,무료,3,2025-09-19 17:01:54,2025-09-19 17:01:54
970636,12,3,주차요금,"최초 30분 1,000원 / 초과 10분당 200원",3,2025-09-19 17:01:54,2025-09-19 17:01:54
970636,12,4,이용가능시설,체육(운동)시설 / 카페 / 어린이놀이터 등,3,2025-09-19 17:01:54,2025-09-19 17:01:54
970636,12,5,화장실,있음,3,2025-09-19 17:01:54,2025-09-19 17:01:54
970636,12,6,한국어 안내서비스,,4,2025-09-19 17:01:54,2025-09-19 17:01:54
2373364,12,0,등산로,,1,2025-09-19 17:01:54,2025-09-19 17:01:54
2373364,12,1,관광코스안내,,2,2025-09-19 17:01:54,2025-09-19 17:01:54
2373364,12,2,입 장 료,무료,3,2025-09-19 17:01:54,2025-09-19 17:01:54
2373364,12,3,한국어 안내서비스,,4,2025-09-19 17:01:54,2025-09-19 17:01:54
1835206,12,0,입 장 료,무료,3,2025-09-19 17:01:55,2025-09-19 17:01:55
126999,12,0,입 장 료,무료,3,2025-09-19 17:01:56,2025-09-19 17:01:56
2650046,12,0,입 장 료,무료,3,2025-09-19 17:01:57,2025-09-19 17:01:57
264353,12,0,화장실,있음(공중화장실),3,2025-09-19 17:01:58,2025-09-19 17:01:58
264353,12,1,이용가능시설,"야외무대(남인사 마당에 위치), 공방, 기념품 판매점, 음식점 등",3,2025-09-19 17:01:58,2025-09-19 17:01:58
348804,12,0,입 장 료,무료,3,2025-09-19 17:01:58,2025-09-19 17:01:58
348804,12,1,화장실,있음,3,2025-09-19 17:01:58,2025-09-19 17:01:58
348804,12,2,외국어 안내서비스,불가,4,2025-09-19 17:01:58,2025-09-19 17:01:58
126479,12,0,입 장 료,무료,3,2025-09-19 17:01:59,2025-09-19 17:01:59
2764331,12,0,등산로,,1,2025-09-19 17:01:59,2025-09-19 17:01:59
2764331,12,1,관광코스안내,,2,2025-09-19 17:01:59,2025-09-19 17:01:59
2764331,12,2,입 장 료,무료,3,2025-09-19 17:01:59,2025-09-19 17:01:59
2764331,12,3,한국어 안내서비스,,4,2025-09-19 17:01:59,2025-09-19 17:01:59
2994661,12,0,한국어 안내서비스,,3,2025-09-19 17:02:00,2025-09-19 17:02:00
1835256,12,0,화장실,있음(남녀 구분),3,2025-09-19 17:02:00,2025-09-19 17:02:00
1835256,12,1,입 장 료,무료,3,2025-09-19 17:02:00,2025-09-19 17:02:00
2773291,12,0,주차요금,매 5분당 100원,3,2025-09-19 17:02:01,2025-09-19 17:02:01
2773291,12,1,이용가능시설,에코센터 / 식물원 / 족구장 / 풋살장 / 게이트볼장 등,3,2025-09-19 17:02:01,2025-09-19 17:02:01
2773291,12,2,화장실,있음,3,2025-09-19 17:02:01,2025-09-19 17:02:01
2773317,12,0,등산로,,1,2025-09-19 17:02:01,2025-09-19 17:02:01
2773317,12,1,관광코스안내,,2,2025-09-19 17:02:01,2025-09-19 17:02:01
2773317,12,2,화장실,"있음
",3,2025-09-19 17:02:01,2025-09-19 17:02:01
2773317,12,3,입 장 료,"무료
",3,2025-09-19 17:02:01,2025-09-19 17:02:01
2773317,12,4,내국인 예약안내,"
",4,2025-09-19 17:02:01,2025-09-19 17:02:01
127378,12,0,주차요금,5분당 150원,3,2025-09-19 17:02:02,2025-09-19 17:02:02
127378,12,1,화장실,있음,3,2025-09-19 17:02:02,2025-09-19 17:02:02
127378,12,2,입 장 료,무료,3,2025-09-19 17:02:02,2025-09-19 17:02:02
127378,12,3,이용가능시설,"일자산 자연정원놀이터 / 제1체육관(실내배드민턴장) / 제2체육관(헬스장, 탁구장) / X-게임장 / 실외 농구장 등	",3,2025-09-19 17:02:02,2025-09-19 17:02:02
3043794,12,0,입 장 료,무료,3,2025-09-19 17:02:02,2025-09-19 17:02:02
3043794,12,1,화장실,있음,3,2025-09-19 17:02:02,2025-09-19 17:02:02
331506,12,0,입 장 료,무료,3,2025-09-19 17:02:03,2025-09-19 17:02:03
126917,12,0,등산로,,1,2025-09-19 17:02:04,2025-09-19 17:02:04
126917,12,1,관광코스안내,,2,2025-09-19 17:02:04,2025-09-19 17:02:04
126917,12,2,입 장 료,무료,3,2025-09-19 17:02:04,2025-09-19 17:02:04
126917,12,3,한국어 안내서비스,,4,2025-09-19 17:02:04,2025-09-19 17:02:04
2774464,12,0,주차요금,30분 600원,3,2025-09-19 17:02:05,2025-09-19 17:02:05
2774464,12,1,시설이용료,"[야구장 / 축구장]<br>
- 평일 주간 50,000원<br>
- 주말 및 공휴일 65,000원<br>
[풋살장]<br>
- 평일 주간 20,000원<br>
- 평일 야간 / 주말 및 공휴일 26,000원<br>
[소프트테니스장]<br>
- 평일 주간 8,000원<br>
- 평일 야간 / 주말 및 공휴일 10,400원<br>
[파크골프장]<br>
- 평일 4,000원<br>
- 주말 및 공휴일 5,200원",3,2025-09-19 17:02:05,2025-09-19 17:02:05
970460,12,0,이용가능시설,체육시설 / 어린이놀이터 / 물놀이장 / 자연학습시설 등,3,2025-09-19 17:02:05,2025-09-19 17:02:05
970460,12,1,주차요금,"최초 30분 1,000원 / 초과 10분당 200원",3,2025-09-19 17:02:05,2025-09-19 17:02:05
970460,12,2,입 장 료,무료,3,2025-09-19 17:02:05,2025-09-19 17:02:05
970342,12,0,입 장 료,무료,3,2025-09-19 17:02:05,2025-09-19 17:02:05
970342,12,1,이용가능시설,운동시설 / 문화시설 / 자연학습장 / 꽃단지 / 어린이 놀이터 등,3,2025-09-19 17:02:05,2025-09-19 17:02:05
970342,12,2,주차요금,"최초 30분 1,000원 / 초과 10분당 200원",3,2025-09-19 17:02:05,2025-09-19 17:02:05
970342,12,3,화장실,있음,3,2025-09-19 17:02:05,2025-09-19 17:02:05
2611601,12,0,관광코스안내,1코스 : 연의생태공원-해맞이도서관-신월문화체육센터-오솔길공원-신월디지털정보도서관-장수공원,2,2025-09-19 17:02:05,2025-09-19 17:02:05
2611601,12,1,입 장 료,무료,3,2025-09-19 17:02:05,2025-09-19 17:02:05
3043878,12,0,입 장 료,무료,3,2025-09-19 17:02:05,2025-09-19 17:02:05
2763675,12,0,입 장 료,무료,3,2025-09-19 17:02:06,2025-09-19 17:02:06
2763675,12,1,주차요금,"30분 1,500원",3,2025-09-19 17:02:06,2025-09-19 17:02:06
2763675,12,2,화장실,있음,3,2025-09-19 17:02:06,2025-09-19 17:02:06
126491,12,0,화장실,있음,3,2025-09-19 17:02:06,2025-09-19 17:02:06
126491,12,1,입 장 료,무료,3,2025-09-19 17:02:06,2025-09-19 17:02:06
699279,12,0,화장실,있음,3,2025-09-19 17:02:06,2025-09-19 17:02:06
479649,12,0,입 장 료,무료 ,3,2025-09-19 17:02:06,2025-09-19 17:02:06
753954,12,0,입 장 료,무료,3,2025-09-19 17:02:07,2025-09-19 17:02:07
2762867,12,0,입 장 료,무료,3,2025-09-19 17:02:07,2025-09-19 17:02:07
126528,12,0,등산로,,1,2025-09-19 17:02:07,2025-09-19 17:02:07
126528,12,1,관광코스안내,,2,2025-09-19 17:02:07,2025-09-19 17:02:07
126528,12,2,화장실,있음,3,2025-09-19 17:02:07,2025-09-19 17:02:07
126528,12,3,입 장 료,순례객의 자율적인 봉헌금,3,2025-09-19 17:02:07,2025-09-19 17:02:07
126528,12,4,내국인 예약안내,,4,2025-09-19 17:02:07,2025-09-19 17:02:07
2373370,12,0,입 장 료,무료,3,2025-09-19 17:02:08,2025-09-19 17:02:08
2015800,12,0,등산로,,1,2025-09-19 17:02:08,2025-09-19 17:02:08
2015800,12,1,관광코스안내,,2,2025-09-19 17:02:08,2025-09-19 17:02:08
2015800,12,2,입 장 료,무료,3,2025-09-19 17:02:08,2025-09-19 17:02:08
2015800,12,3,화장실,있음,3,2025-09-19 17:02:08,2025-09-19 17:02:08
2015800,12,4,한국어 안내서비스,,4,2025-09-19 17:02:08,2025-09-19 17:02:08
127308,12,0,입 장 료,무료 ,3,2025-09-19 17:02:08,2025-09-19 17:02:08
479778,12,0,등산로,,1,2025-09-19 17:02:09,2025-09-19 17:02:09
479778,12,1,관광코스안내,,2,2025-09-19 17:02:09,2025-09-19 17:02:09
479778,12,2,입 장 료,무료,3,2025-09-19 17:02:09,2025-09-19 17:02:09
479778,12,3,외국어 안내서비스,,4,2025-09-19 17:02:09,2025-09-19 17:02:09
2591833,12,0,화장실,있음,3,2025-09-19 17:02:09,2025-09-19 17:02:09
128144,12,0,화장실,있음,3,2025-09-19 17:02:10,2025-09-19 17:02:10
128144,12,1,주차요금,"10분당 1,000원",3,2025-09-19 17:02:10,2025-09-19 17:02:10
128144,12,2,입 장 료,무료,3,2025-09-19 17:02:10,2025-09-19 17:02:10
2553942,12,0,화장실,있음,3,2025-09-19 17:02:11,2025-09-19 17:02:11
2553942,12,1,입 장 료,"[역사기념관] 1,000원<br>
※ 무료 : 기초생활수급자(수급자 증명서 지참 필수)<br>
※ 50% 할인 : 장애인 / 국가유공자(신분증 지참 필수) <br>
[미디어 체험관] 10,000원",3,2025-09-19 17:02:11,2025-09-19 17:02:11
1836254,12,0,입 장 료,무료,3,2025-09-19 17:02:11,2025-09-19 17:02:11
1836254,12,1,주차요금,매 5분당 : 승용차 150원 / 중형차 300원 / 대형차 450원,3,2025-09-19 17:02:11,2025-09-19 17:02:11
1957671,12,0,입 장 료,무료,3,2025-09-19 17:02:12,2025-09-19 17:02:12
1957671,12,1,화장실,있음,3,2025-09-19 17:02:12,2025-09-19 17:02:12
3056463,12,0,화장실,있음,3,2025-09-19 17:02:12,2025-09-19 17:02:12
126510,12,0,관광코스안내,"* 제1동선(200명 이하)<br />
정문-공민왕 신당-망묘루-향대청(제기 관람)-재궁-정전-영녕전-악공청(영상물 시청)-정문<br />
* 제2동선(200명 일때)<br />
정문-재궁-정전-영녕전-악공청(영상물 시청)-향대청(제기 관람)-망묘루-공민왕 신당-정문",2,2025-09-19 17:02:12,2025-09-19 17:02:12
126510,12,1,화장실,있음,3,2025-09-19 17:02:12,2025-09-19 17:02:12
126510,12,2,입 장 료,"1,000원",3,2025-09-19 17:02:12,2025-09-19 17:02:12
126510,12,3,주차요금,5분당 400원,3,2025-09-19 17:02:12,2025-09-19 17:02:12
126492,12,0,입 장 료,무료,3,2025-09-19 17:02:12,2025-09-19 17:02:12
126492,12,1,화장실,있음,3,2025-09-19 17:02:12,2025-09-19 17:02:12
3056156,12,0,입 장 료,무료,3,2025-09-19 17:02:13,2025-09-19 17:02:13
3056156,12,1,화장실,있음,3,2025-09-19 17:02:13,2025-09-19 17:02:13
1017547,12,0,이용가능시설,"매표소, 매점, 화장실/장애인 화장실, 돌담길 기념품샵(02-3789-3197)<br>
휠체어 대여(02-751-0713), 분실물 센터, 수유실 
",3,2025-09-19 17:02:13,2025-09-19 17:02:13
1017547,12,1,관 람 료,무료,3,2025-09-19 17:02:13,2025-09-19 17:02:13
1017547,12,2,화장실,있음(남녀 구분),3,2025-09-19 17:02:13,2025-09-19 17:02:13
1017547,12,3,한국어 안내서비스,"[해설안내]<br>
- 참여인원 : 회당20인 이내(선착순)<br>
- 소요시간 : 35분<br><br>
[시간표]<br>
- 평일 14:00, 15:30<br>
- 주말 11:30, 14:00, 15:00<br>
- 공휴일 14:00, 15:30<br><br>
※ 안내기관 <br>
- 석조전 안내실 02-751-0753<br>
- 문화유산국민신탁 02-752-9297 / http://www.nationaltrustkorea.org<br><br>
[안내 참고사항]<br>
- 중명전 전시관 해설은 전시관 내부 출입문에서 시간에 맞춰 시작함<br>
- 전시관 개관시간 동안 상시 자유관람 가능 
",4,2025-09-19 17:02:13,2025-09-19 17:02:13
252529,12,0,화장실,있음,3,2025-09-19 17:02:13,2025-09-19 17:02:13
252529,12,1,이용가능시설,인문학박물관,3,2025-09-19 17:02:13,2025-09-19 17:02:13
2758161,12,0,화장실,있음,3,2025-09-19 17:02:14,2025-09-19 17:02:14
2758161,12,1,이용가능시설,족구장 / 축구장 / 농구장 / 풋살장 / 액티비티 놀이터 등,3,2025-09-19 17:02:14,2025-09-19 17:02:14
2612198,12,0,화장실,있음,3,2025-09-19 17:02:14,2025-09-19 17:02:14
127558,12,0,화장실,있음,3,2025-09-19 17:02:14,2025-09-19 17:02:14
127558,12,1,입 장 료,무료,3,2025-09-19 17:02:14,2025-09-19 17:02:14
127558,12,2,외국어 안내서비스,불가,4,2025-09-19 17:02:14,2025-09-19 17:02:14
126511,12,0,입 장 료,"- 개인 1,000원<br>
- 단체(10인 이상) 800원",3,2025-09-19 17:02:15,2025-09-19 17:02:15
126511,12,1,주차요금,"기본 30분 1,500원 / 이후 10분당 500원",3,2025-09-19 17:02:15,2025-09-19 17:02:15
126511,12,2,화장실,있음,3,2025-09-19 17:02:15,2025-09-19 17:02:15
2606158,12,0,등산로,,1,2025-09-19 17:02:15,2025-09-19 17:02:15
2606158,12,1,관광코스안내,,2,2025-09-19 17:02:15,2025-09-19 17:02:15
2606158,12,2,화장실,있음 ,3,2025-09-19 17:02:15,2025-09-19 17:02:15
2606158,12,3,주차요금,"기본 30분 1,500원 / 초과 시 10분당 500원",3,2025-09-19 17:02:15,2025-09-19 17:02:15
2606158,12,4,입 장 료,"- 개인 1,000원<br>
- 단체 800원",3,2025-09-19 17:02:15,2025-09-19 17:02:15
2606158,12,5,한국어 안내서비스,,4,2025-09-19 17:02:15,2025-09-19 17:02:15
1605036,12,0,등산로,,1,2025-09-19 17:02:16,2025-09-19 17:02:16
1605036,12,1,관광코스안내,,2,2025-09-19 17:02:16,2025-09-19 17:02:16
1605036,12,2,화장실,있음 ,3,2025-09-19 17:02:16,2025-09-19 17:02:16
1605036,12,3,입 장 료,"- 개인 1,000원<br>
- 단체 800원",3,2025-09-19 17:02:16,2025-09-19 17:02:16
1605036,12,4,주차요금,"기본 30분 1,500원 / 초과 시 10분당 500원",3,2025-09-19 17:02:16,2025-09-19 17:02:16
1605036,12,5,외국어 안내서비스,,4,2025-09-19 17:02:16,2025-09-19 17:02:16
1605009,12,0,등산로,,1,2025-09-19 17:02:16,2025-09-19 17:02:16
1605009,12,1,관광코스안내,,2,2025-09-19 17:02:16,2025-09-19 17:02:16
1605009,12,2,주차요금,"기본 30분 1,500원 / 초과 시 10분마다 500원",3,2025-09-19 17:02:16,2025-09-19 17:02:16
1605009,12,3,입 장 료,"- 개인 1,000원<br>
- 단체(10명 이상) 800원",3,2025-09-19 17:02:16,2025-09-19 17:02:16
1605009,12,4,한국어 안내서비스,,4,2025-09-19 17:02:16,2025-09-19 17:02:16
3056662,12,0,화장실,있음,3,2025-09-19 17:02:16,2025-09-19 17:02:16
3056662,12,1,입 장 료,"1,000원 ",3,2025-09-19 17:02:16,2025-09-19 17:02:16
1604941,12,0,입 장 료,"- 개인 3,000원<br>
- 단체 2,400원",3,2025-09-19 17:02:17,2025-09-19 17:02:17
1605920,12,0,입 장 료,"- 성인(만25세~만64세) 3,000원<br>
- 청소년(만24세 이하) 무료<br>
- 어르신(만65세 이상) 무료 ",3,2025-09-19 17:02:17,2025-09-19 17:02:17
1604953,12,0,등산로,,1,2025-09-19 17:02:17,2025-09-19 17:02:17
1604953,12,1,관광코스안내,,2,2025-09-19 17:02:17,2025-09-19 17:02:17
1604953,12,2,입 장 료,"[전각관람] 3,000원<br>
[후원관람]<br>
- 대인 5,000원<br>
- 소인 2,500원<br>
- 경로 5,000원<br>
※ 후원관람 시 전각관람권도 필수로 구매 요망",3,2025-09-19 17:02:17,2025-09-19 17:02:17
1604953,12,3,화장실,있음,3,2025-09-19 17:02:17,2025-09-19 17:02:17
1604953,12,4,한국어 안내서비스,,4,2025-09-19 17:02:17,2025-09-19 17:02:17
1605908,12,0,입 장 료,"대인 3,000원 / 단체(10인 이상) 2,400원<br>
※ 대인 : 만 25세~만 64세, 그 외 무료입장<br>
※ 자세한 사항은 홈페이지 참조 또는 전화 문의",3,2025-09-19 17:02:18,2025-09-19 17:02:18
127642,12,0,관광코스안내,"* 일반 관람코스 <br />돈화문~궐내각사~금천교~인정전~선정전~희정당~대조전~낙선재
<br />
* 후원특별관람<br />후원입구~부용지~불로문,애련지~존덕정과 폄우사~옥류천~연경당",2,2025-09-19 17:02:18,2025-09-19 17:02:18
127642,12,1,입 장 료,"[전각관람] 3,000원<br>
[후원관람]<br>
- 대인 5,000원<br>
- 소인 2,500원<br>
- 경로 5,000원<br>
※ 후원관람 시 전각관람권도 필수로 구매 요망",3,2025-09-19 17:02:18,2025-09-19 17:02:18
127642,12,2,화장실,있음,3,2025-09-19 17:02:18,2025-09-19 17:02:18
252547,12,0,등산로,,1,2025-09-19 17:02:19,2025-09-19 17:02:19
252547,12,1,관광코스안내,,2,2025-09-19 17:02:19,2025-09-19 17:02:19
252547,12,2,입 장 료,무료,3,2025-09-19 17:02:19,2025-09-19 17:02:19
252547,12,3,한국어 안내서비스,,4,2025-09-19 17:02:19,2025-09-19 17:02:19
2657713,12,0,등산로,,1,2025-09-19 17:02:20,2025-09-19 17:02:20
2657713,12,1,관광코스안내,,2,2025-09-19 17:02:20,2025-09-19 17:02:20
2657713,12,2,화장실,있음,3,2025-09-19 17:02:20,2025-09-19 17:02:20
2657713,12,3,입 장 료,카페낙타 이용 시 무료	,3,2025-09-19 17:02:20,2025-09-19 17:02:20
2657713,12,4,한국어 안내서비스,,4,2025-09-19 17:02:20,2025-09-19 17:02:20
2545035,12,0,등산로,,1,2025-09-19 17:02:20,2025-09-19 17:02:20
2545035,12,1,관광코스안내,,2,2025-09-19 17:02:20,2025-09-19 17:02:20
2545035,12,2,입 장 료,"- 평일 3시간 26,000원<br>
- 주말 2시간 29,000원<br>
- 보호자 6,000원<br>
- 추가요금 10분당 2,500원",3,2025-09-19 17:02:20,2025-09-19 17:02:20
2545035,12,3,한국어 안내서비스,,4,2025-09-19 17:02:20,2025-09-19 17:02:20
1579548,12,0,등산로,족두리봉-사모바위-향로봉-문수봉-대동문-위문-영봉-우이동,1,2025-09-19 17:02:20,2025-09-19 17:02:20
1579548,12,1,입 장 료,무료,3,2025-09-19 17:02:20,2025-09-19 17:02:20
250323,12,0,등산로,,1,2025-09-19 17:02:21,2025-09-19 17:02:21
250323,12,1,관광코스안내,,2,2025-09-19 17:02:21,2025-09-19 17:02:21
250323,12,2,입 장 료,무료,3,2025-09-19 17:02:21,2025-09-19 17:02:21
250323,12,3,한국어 안내서비스,,4,2025-09-19 17:02:21,2025-09-19 17:02:21
3060931,12,0,이용가능시설,어린이안전공원 / 축구장 / 배드민턴장 / 체력단련장,3,2025-09-19 17:02:21,2025-09-19 17:02:21
3060931,12,1,화장실,있음,3,2025-09-19 17:02:21,2025-09-19 17:02:21
2591838,12,0,등산로,,1,2025-09-19 17:02:21,2025-09-19 17:02:21
2591838,12,1,관광코스안내,,2,2025-09-19 17:02:21,2025-09-19 17:02:21
2591838,12,2,이용가능시설,물놀이장 / 캠핑장 / 체육시설 등,3,2025-09-19 17:02:21,2025-09-19 17:02:21
2591838,12,3,화장실,있음,3,2025-09-19 17:02:21,2025-09-19 17:02:21
2591838,12,4,입 장 료,무료,3,2025-09-19 17:02:21,2025-09-19 17:02:21
2591838,12,5,한국어 안내서비스,,4,2025-09-19 17:02:21,2025-09-19 17:02:21
3351658,12,0,,,3,2025-09-19 17:02:22,2025-09-19 17:02:22
482112,12,0,입 장 료,무료,3,2025-09-19 17:02:23,2025-09-19 17:02:23
127376,12,0,등산로,,1,2025-09-19 17:02:23,2025-09-19 17:02:23
127376,12,1,관광코스안내,,2,2025-09-19 17:02:23,2025-09-19 17:02:23
127376,12,2,이용가능시설,운동시설 / 도서관 / 쉼터 / 야외무대 등,3,2025-09-19 17:02:23,2025-09-19 17:02:23
127376,12,3,화장실,있음,3,2025-09-19 17:02:23,2025-09-19 17:02:23
127376,12,4,입 장 료,무료,3,2025-09-19 17:02:23,2025-09-19 17:02:23
127376,12,5,한국어 안내서비스,,4,2025-09-19 17:02:23,2025-09-19 17:02:23
827494,12,0,관광코스안내,청계천문화관 -> 오간수교 (2.6km),2,2025-09-19 17:02:24,2025-09-19 17:02:24
827494,12,1,화장실,있음,3,2025-09-19 17:02:24,2025-09-19 17:02:24
2765510,12,0,등산로,,1,2025-09-19 17:02:24,2025-09-19 17:02:24
2765510,12,1,관광코스안내,,2,2025-09-19 17:02:24,2025-09-19 17:02:24
2765510,12,2,입 장 료,무료,3,2025-09-19 17:02:24,2025-09-19 17:02:24
2765510,12,3,한국어 안내서비스,,4,2025-09-19 17:02:24,2025-09-19 17:02:24
125452,12,0,입 장 료,무료,3,2025-09-19 17:02:24,2025-09-19 17:02:24
125452,12,1,화장실,있음,3,2025-09-19 17:02:24,2025-09-19 17:02:24
129507,12,0,화장실,있음,3,2025-09-19 17:02:25,2025-09-19 17:02:25
129507,12,1,입 장 료,무료,3,2025-09-19 17:02:25,2025-09-19 17:02:25
127269,12,0,입 장 료,무료,3,2025-09-19 17:02:25,2025-09-19 17:02:25
127269,12,1,화장실,있음,3,2025-09-19 17:02:25,2025-09-19 17:02:25
3081985,12,0,주차요금,"3시간 무료
",3,2025-09-19 17:02:26,2025-09-19 17:02:26
3081985,12,1,이용가능시설,"팔각정
",3,2025-09-19 17:02:26,2025-09-19 17:02:26
3081985,12,2,화장실,"있음(남녀 구분)
",3,2025-09-19 17:02:26,2025-09-19 17:02:26
1310950,12,0,입 장 료,무료 ,3,2025-09-19 17:02:26,2025-09-19 17:02:26
482126,12,0,화장실,있음,3,2025-09-19 17:02:26,2025-09-19 17:02:26
482153,12,0,입 장 료,무료 ,3,2025-09-19 17:02:27,2025-09-19 17:02:27
126533,12,0,입 장 료,무료,3,2025-09-19 17:02:27,2025-09-19 17:02:27
3056238,12,0,입 장 료,무료,3,2025-09-19 17:02:28,2025-09-19 17:02:28
3056238,12,1,화장실,있음,3,2025-09-19 17:02:28,2025-09-19 17:02:28
2762885,12,0,촬영장소,"<인현왕후의 남자>, <그 겨울, 바람이 분다>
",2,2025-09-19 17:02:28,2025-09-19 17:02:28
2762885,12,1,입 장 료,무료,3,2025-09-19 17:02:28,2025-09-19 17:02:28
2031668,12,0,입산통제 기간,"[봄·가을철 산불조심기간] <br />
(산불예방을 위해 한시적으로 등산로 구간통제)<br />
- 봄철 3월 2일~4월 30일 <br />
- 가을철 11월 1일~12월 15일<br />
- 국립공원 11월 15일~12월 15일 (경주, 태안해안 제외)<br />
※ 통제기간과 통제구간은 기상여건 등을 감안하여 산별로 일부 조정될 수 있으니 산행 시 사전 확인 ",1,2025-09-19 17:02:28,2025-09-19 17:02:28
2031668,12,1,입산통제 구간,"등산로 통제구간&nbsp;안내 <a title=""등산로 통제구간 검색"" href=""http://hiking.kworks.co.kr/sub_map/map_user01.aspx"" target=""_blank"">http://hiking.kworks.co.kr/sub_map/map_user01.aspx</a>",1,2025-09-19 17:02:28,2025-09-19 17:02:28
2031668,12,2,화장실,없음,3,2025-09-19 17:02:28,2025-09-19 17:02:28
2031668,12,3,입 장 료,무료,3,2025-09-19 17:02:28,2025-09-19 17:02:28
1395270,12,0,입 장 료,무료,3,2025-09-19 17:02:29,2025-09-19 17:02:29
3463600,12,0,촬영장소,"Le tournage de 'Le président est de niveau 9' (diffusé sur Wavve) / Tournage avec des médias majeurs tels que KBS, MBC, YTN, MBN, TV Chosun, SBS et Yonhap News TV. / Tournage pour la chaîne YouTube 'NoFilter TV de Kim Na-young'/ Tournage pour 'Les oreilles du président, un âne' sur KBS.",2,2025-09-19 17:02:29,2025-09-19 17:02:29
3463600,12,1,이용가능시설,양조장 / 주막 / 마당,3,2025-09-19 17:02:29,2025-09-19 17:02:29
3463600,12,2,입 장 료,"양조장 투어 : 80,000원 / 150,000원",3,2025-09-19 17:02:29,2025-09-19 17:02:29
1364975,12,0,화장실,있음,3,2025-09-19 17:02:29,2025-09-19 17:02:29
1114969,12,0,입 장 료,무료,3,2025-09-19 17:02:31,2025-09-19 17:02:31
2759626,12,0,촬영장소,K-Pop ‘강남스타일’ 촬영지,2,2025-09-19 17:02:32,2025-09-19 17:02:32
2759626,12,1,주차요금,"- 승용차 15분당 1,500원<br>
- 화물차(2.5t 이상) 15분당 3,000원<br>
- 대형버스 이용불가<br>
※ 자세한 사항은 홈페이지 참조 요망",3,2025-09-19 17:02:32,2025-09-19 17:02:32
2759626,12,2,입 장 료,무료,3,2025-09-19 17:02:32,2025-09-19 17:02:32
2852296,12,0,,,1,2025-09-19 17:02:32,2025-09-19 17:02:32
2852296,12,1,,,2,2025-09-19 17:02:32,2025-09-19 17:02:32
2852296,12,2,입 장 료,무료,3,2025-09-19 17:02:32,2025-09-19 17:02:32
2852296,12,3,,,4,2025-09-19 17:02:32,2025-09-19 17:02:32
2451912,12,0,화장실,있음,3,2025-09-19 17:02:32,2025-09-19 17:02:32
2451912,12,1,입 장 료,"[평일]<br>
- 대인 4,000원<br>
- 소인 10,000원<br>
[주말]<br>
- 대인 4,000원<br>
- 소인 12,000원",3,2025-09-19 17:02:32,2025-09-19 17:02:32
2782132,12,0,예약안내,,3,2025-09-19 17:02:33,2025-09-19 17:02:33
992130,12,0,입 장 료,"[아동]<br>
- 52,000원 (5시간권)<br> 
- 42,000원 (오후권)<br>
[성인]<br>
- 20,000원 (5시간권)<br>
- 17,000원 (오후권)<br>
※ 이용요금은 변동될 수 있으므로 홈페이지 참고 ",3,2025-09-19 17:02:33,2025-09-19 17:02:33
992130,12,1,화장실,있음 ,3,2025-09-19 17:02:33,2025-09-19 17:02:33
3540938,12,0,화장실,있음 ,3,2025-09-19 17:02:34,2025-09-19 17:02:34
3540938,12,1,입 장 료,"[평일]<br>
- 종일권 25,000원<br>
- 4시 이후 종일권 22,000원<br>
[주말, 공휴일]<br>
- 종일권 29,000원<br>
- 4시 30분 이후 종일권 25,000원<br>
※ 보호자 8,000원<br>
※ 자세한 사항은 네이버플레이스 참고 
",3,2025-09-19 17:02:34,2025-09-19 17:02:34
3540938,12,2,이용가능시설,카트존 / 드롭슬라이드 / 에어바운스 / 벌집 / 폼핏존 등 ,3,2025-09-19 17:02:34,2025-09-19 17:02:34
753850,12,0,화장실,있음,3,2025-09-19 17:02:35,2025-09-19 17:02:35
753850,12,1,이용가능시설,"오토가상체험관, 오토부스, 보행교육장, 주행교육장
",3,2025-09-19 17:02:35,2025-09-19 17:02:35
753850,12,2,입 장 료,무료,3,2025-09-19 17:02:35,2025-09-19 17:02:35
753850,12,3,주차요금,매 5분당 : 승용차 150원 / 중형차 300원 / 대형차 450원,3,2025-09-19 17:02:35,2025-09-19 17:02:35
753850,12,4,내국인 예약안내,온라인 사전예약제,4,2025-09-19 17:02:35,2025-09-19 17:02:35
3082465,12,0,대관안내,"[대관문의]<br>
- 전화 문의 : 02-336-8553(09:00~19:00)<br>
- 이메일 : ujeongguk@gmail.com(이메일로 기획내용 제출)",3,2025-09-19 17:02:35,2025-09-19 17:02:35
129534,12,0,입 장 료,무료,3,2025-09-19 17:02:35,2025-09-19 17:02:35
129534,12,1,화장실,있음,3,2025-09-19 17:02:35,2025-09-19 17:02:35
1605933,12,0,화장실,있음,3,2025-09-19 17:02:36,2025-09-19 17:02:36
3457334,12,0,,,1,2025-09-19 17:02:36,2025-09-19 17:02:36
3457334,12,1,,,2,2025-09-19 17:02:36,2025-09-19 17:02:36
3457334,12,2,입 장 료,"성인 1000원(만 25세~만64세), 지역주민 50% 할인, 어린이&청소년&만65세이상&장애인,임산부,다자녀부모,국가유공자,한복착용자, 효행우수자,기초생활수급자, 차상위계층 무료",3,2025-09-19 17:02:36,2025-09-19 17:02:36
3457334,12,3,,,4,2025-09-19 17:02:36,2025-09-19 17:02:36
1114020,12,0,화장실,있음,3,2025-09-19 17:02:36,2025-09-19 17:02:36
1114020,12,1,입 장 료,무료,3,2025-09-19 17:02:36,2025-09-19 17:02:36
1114020,12,2,이용가능시설,서울광장 / 파리광장 / 한불마당 / 야외무대광장 /야외예식장(한불 수교 100주년 기념공원) 등,3,2025-09-19 17:02:36,2025-09-19 17:02:36
2606150,12,0,등산로,,1,2025-09-19 17:02:37,2025-09-19 17:02:37
2606150,12,1,상점정보,수영복 판매 매장,2,2025-09-19 17:02:37,2025-09-19 17:02:37
2606150,12,2,관광코스안내,워터킹덤 - 사우나 - 찜질방 - 메가박스 - 호텔,2,2025-09-19 17:02:37,2025-09-19 17:02:37
2606150,12,3,화장실,있음,3,2025-09-19 17:02:37,2025-09-19 17:02:37
2606150,12,4,주차요금,"- 워터파크 이용 시 13시간 무료 / 이후 10분당 500원<br>
- 찜질방, 사우나 이용 시 7시간 무료 / 이후 10분당 500원",3,2025-09-19 17:02:37,2025-09-19 17:02:37
2606150,12,5,입 장 료,"[워터파크]<br>
- 비수기 55,000원<br>
- 미들시즌 58,000원<br>
- 하이시즌 65,000원<br>
- 골드시즌 73,000원<br>
※ 무료 : 13개월 미만 (증빙서류 제출 필수)<br>
[찜질스파]<br>
- 평일 (대인) 18,000원 / (소인) 15,000원<br>
- 주말 (대인) 20,000원 / (소인) 17,000원<br>
[사우나]<br>
- 평일 (대인) 15,000원 / (소인) 14,000원 / (13개월 미만) 5,000원<br>
- 주말 (대인) 16,000원 / (소인) 15,0000원 / (13개월 미만) 5,000원",3,2025-09-19 17:02:37,2025-09-19 17:02:37
2606150,12,6,내국인 예약안내,,4,2025-09-19 17:02:37,2025-09-19 17:02:37
3359034,12,0,,,3,2025-09-19 17:02:37,2025-09-19 17:02:37
2605926,12,0,화장실,있음,3,2025-09-19 17:02:38,2025-09-19 17:02:38
2759900,12,0,입 장 료,무료 ,3,2025-09-19 17:02:39,2025-09-19 17:02:39
2675098,12,0,이용가능시설,주제정원 / KB숲교육센터 / 안내센터 / 카페 / 북카페 / 항동푸른도서관,3,2025-09-19 17:02:39,2025-09-19 17:02:39
2675098,12,1,화장실,있음(남/녀 구분),3,2025-09-19 17:02:39,2025-09-19 17:02:39
2675098,12,2,입 장 료,무료,3,2025-09-19 17:02:39,2025-09-19 17:02:39
3112160,12,0,입 장 료,없음,3,2025-09-19 17:02:39,2025-09-19 17:02:39
3081993,12,0,시설이용료,"- 평일 1인 10,000원<br>
- 주말 2인 39,000원",3,2025-09-19 17:02:40,2025-09-19 17:02:40
3081993,12,1,이용가능시설,도시농장 / 캠핑존 / 모래놀이터,3,2025-09-19 17:02:40,2025-09-19 17:02:40
3081993,12,2,내국인 예약안내,"네이버 예약으로 예약 접수, 100% 예약제",4,2025-09-19 17:02:40,2025-09-19 17:02:40
2745583,12,0,대관안내,,3,2025-09-19 17:02:40,2025-09-19 17:02:40
3080583,12,0,시설이용료,"- 수제도장만들기 60,000원<br>
- 한글족자만들기 60,000원<br>
- 한글이름 쓰고 티셔츠에 프린팅 체험 55,000원",3,2025-09-19 17:02:40,2025-09-19 17:02:40
2783558,12,0,입 장 료,무료,3,2025-09-19 17:02:40,2025-09-19 17:02:40
3006943,12,0,화장실,있음,3,2025-09-19 17:02:41,2025-09-19 17:02:41
2654607,12,0,주차요금,"[승용차] 5분당 150원 (축구경기 및 행사 시 5,000원)<br>
[중형차(미니버스)] 5분당 300원 (축구경기 및 행사 시 10,000원)<br>
[대형차] 5분당 450원 (축구경기 및 행사 시 15,000원)<br>
※ 주차장 문의 : 02-304-6678",3,2025-09-19 17:02:41,2025-09-19 17:02:41
2654607,12,1,입 장 료,무료,3,2025-09-19 17:02:41,2025-09-19 17:02:41
2720179,12,0,등산로,,1,2025-09-19 17:02:41,2025-09-19 17:02:41
2720179,12,1,관광코스안내,,2,2025-09-19 17:02:41,2025-09-19 17:02:41
2720179,12,2,입 장 료,무료,3,2025-09-19 17:02:41,2025-09-19 17:02:41
2720179,12,3,주차요금,"- 승용차 5분당 150원 (축구경기 및 행사 시 5,000원)<br>
- 중형차(미니버스) 5분당 300원 (축구경기 및 행사 시 10,000원)<br>
- 대형차 5분당 450원 (축구경기 및 행사 시 15,000원)<br>
※ 주차장 문의 : 02-304-6678",3,2025-09-19 17:02:41,2025-09-19 17:02:41
2720179,12,4,한국어 안내서비스,,4,2025-09-19 17:02:41,2025-09-19 17:02:41
3413162,12,0,시설이용료,"평일 : 21,000원<br>
주말 : 26,000원",3,2025-09-19 17:02:41,2025-09-19 17:02:41
3525664,12,0,화장실,있음,3,2025-09-19 17:02:42,2025-09-19 17:02:42
3525664,12,1,시설이용료,"- 야외 수영장 및 스파 1일 사용권 : 100,000원<br>
- 소셜사우나&콜드플런지 : 50,000원",3,2025-09-19 17:02:42,2025-09-19 17:02:42
3525664,12,2,이용가능시설,스파 / 실내 및 실외 수영장 / 스크린 골프연습장 / 카페 / 레스토랑 등,3,2025-09-19 17:02:42,2025-09-19 17:02:42
2754735,12,0,화장실,있음,3,2025-09-19 17:02:42,2025-09-19 17:02:42
2754735,12,1,입 장 료,무료,3,2025-09-19 17:02:42,2025-09-19 17:02:42
1836261,12,0,입 장 료,무료 ,3,2025-09-19 17:02:43,2025-09-19 17:02:43
2452918,12,0,입 장 료,무료,3,2025-09-19 17:02:44,2025-09-19 17:02:44
2452918,12,1,화장실,있음(남녀 분리),3,2025-09-19 17:02:44,2025-09-19 17:02:44
2452918,12,2,주차요금,2시간 무료(2시간 초과 시 10분당 500원),3,2025-09-19 17:02:44,2025-09-19 17:02:44
2452918,12,3,이용가능시설,"[상설 전시실]<br>
- 한국영화를 보다<br>
- 초기영화로의 초대<br>
[기획 전시실]<br>
- 해마다 상이",3,2025-09-19 17:02:44,2025-09-19 17:02:44
1836287,12,0,화장실,있음(남녀 구분),3,2025-09-19 17:02:44,2025-09-19 17:02:44
3013117,12,0,화장실,있음,3,2025-09-19 17:02:44,2025-09-19 17:02:44
2589657,12,0,주차요금,"무료
",3,2025-09-19 17:02:45,2025-09-19 17:02:45
2589657,12,1,화장실,"있음
",3,2025-09-19 17:02:45,2025-09-19 17:02:45
2589657,12,2,시설이용료,"- 얼굴관리 130,000원~<br>
- 몸관리 150,000원~<br>
- 산전·산후 관리 150,000원~",3,2025-09-19 17:02:45,2025-09-19 17:02:45
2754738,12,0,입 장 료,무료,3,2025-09-19 17:02:45,2025-09-19 17:02:45
2754738,12,1,화장실,있음,3,2025-09-19 17:02:45,2025-09-19 17:02:45
2758809,12,0,입 장 료,"무료 
",3,2025-09-19 17:02:45,2025-09-19 17:02:45
1836300,12,0,입 장 료,무료,3,2025-09-19 17:02:45,2025-09-19 17:02:45
2761544,12,0,촬영장소,"드라마 <내 이름은 김삼순>, <동백꽃 필 무렵> <이태원 클라쓰><br>
광고 소니카메라(소지섭 편)",2,2025-09-19 17:02:46,2025-09-19 17:02:46
2761544,12,1,이용가능시설,카페 / 식당 등,3,2025-09-19 17:02:46,2025-09-19 17:02:46
2761544,12,2,주차요금,5분당 130원,3,2025-09-19 17:02:46,2025-09-19 17:02:46
1837036,12,0,입 장 료,무료,3,2025-09-19 17:02:46,2025-09-19 17:02:46
1606001,12,0,입 장 료,무료,3,2025-09-19 17:02:46,2025-09-19 17:02:46
1606001,12,1,화장실,없음,3,2025-09-19 17:02:46,2025-09-19 17:02:46
2946112,12,0,시설이용료,※ 용량 별로 상이하므로 자세한 사항은 전화 문의,3,2025-09-19 17:02:47,2025-09-19 17:02:47
3403976,12,0,,,1,2025-09-19 17:02:47,2025-09-19 17:02:47
3403976,12,1,,,2,2025-09-19 17:02:47,2025-09-19 17:02:47
3403976,12,2,입 장 료,"무료		
",3,2025-09-19 17:02:47,2025-09-19 17:02:47
3403976,12,3,,,4,2025-09-19 17:02:47,2025-09-19 17:02:47
126824,12,0,입 장 료,무료,3,2025-09-19 17:02:48,2025-09-19 17:02:48
126824,12,1,화장실,있음,3,2025-09-19 17:02:48,2025-09-19 17:02:48
827642,12,0,주차요금,무료 ,3,2025-09-19 17:02:48,2025-09-19 17:02:48
827642,12,1,입 장 료,"- 개인 1,000원<br>
- 단체(10인 이상) 800원",3,2025-09-19 17:02:48,2025-09-19 17:02:48
827642,12,2,화장실,있음,3,2025-09-19 17:02:48,2025-09-19 17:02:48
2763818,12,0,입 장 료,"13,000원
",3,2025-09-19 17:02:48,2025-09-19 17:02:48
1605927,12,0,입 장 료,무료,3,2025-09-19 17:02:48,2025-09-19 17:02:48
1837037,12,0,입 장 료,무료,3,2025-09-19 17:02:49,2025-09-19 17:02:49
486625,12,0,등산로,,1,2025-09-19 17:02:49,2025-09-19 17:02:49
486625,12,1,관광코스안내,,2,2025-09-19 17:02:49,2025-09-19 17:02:49
486625,12,2,화장실,있음,3,2025-09-19 17:02:49,2025-09-19 17:02:49
486625,12,3,입 장 료,무료,3,2025-09-19 17:02:49,2025-09-19 17:02:49
486625,12,4,한국어 안내서비스,,4,2025-09-19 17:02:49,2025-09-19 17:02:49
1837041,12,0,입 장 료,무료,3,2025-09-19 17:02:49,2025-09-19 17:02:49
1116022,12,0,입 장 료,무료,3,2025-09-19 17:02:49,2025-09-19 17:02:49
486685,12,0,화장실,있음,3,2025-09-19 17:02:49,2025-09-19 17:02:49
486685,12,1,입 장 료,무료,3,2025-09-19 17:02:49,2025-09-19 17:02:49
2969267,12,0,입 장 료,무료,3,2025-09-19 17:02:50,2025-09-19 17:02:50
2500145,12,0,입 장 료,무료,3,2025-09-19 17:02:50,2025-09-19 17:02:50
3082405,12,0,화장실,있음,3,2025-09-19 17:02:50,2025-09-19 17:02:50
126500,12,0,관광코스안내,"[천년의 숲길]<br>
- 코스 : 정문 → 밀레니엄 동산 (650m)<br>
- 소요시간 : 15분 소요<br>
- 난이도 : 중하<br>
<br>
[황후의 길]<br>
- 코스 : 밀레니엄 동산 → 홍릉터 (500m)<br>
- 소요시간 : 10분 소요<br>
- 난이도 : 중<br>
<br>
[숲속여행길]<br>
- 코스 : 홍릉터 → 본관 (700m)<br>
- 소요시간 : 20분 소요<br>
- 난이도 : 중상<br>
<br>
[천장마루길]<br>
- 코스 : 산림환경보전연구부 → 조경수원 (900m)<br>
- 소요시간 : 30분 소요<br>
- 난이도 : 중<br>
<br>
[문배나무길]<br>
- 코스 : 정문 → 약초원쉼터 (600m)<br>
- 소요시간 : 30분 소요<br>
- 난이도 : 중하",2,2025-09-19 17:02:51,2025-09-19 17:02:51
126500,12,1,화장실,있음,3,2025-09-19 17:02:51,2025-09-19 17:02:51
126500,12,2,입 장 료,무료,3,2025-09-19 17:02:51,2025-09-19 17:02:51
3076217,12,0,화장실,있음(남녀구분),3,2025-09-19 17:02:51,2025-09-19 17:02:51
2783698,12,0,주차요금,5분당 500원,3,2025-09-19 17:02:52,2025-09-19 17:02:52
129506,12,0,입 장 료,무료,3,2025-09-19 17:02:52,2025-09-19 17:02:52
945987,12,0,등산로,,1,2025-09-19 17:02:53,2025-09-19 17:02:53
945987,12,1,관광코스안내,,2,2025-09-19 17:02:53,2025-09-19 17:02:53
945987,12,2,입 장 료,무료,3,2025-09-19 17:02:53,2025-09-19 17:02:53
945987,12,3,화장실,있음,3,2025-09-19 17:02:53,2025-09-19 17:02:53
945987,12,4,한국어 안내서비스,,4,2025-09-19 17:02:53,2025-09-19 17:02:53
126507,12,0,이용가능시설,대웅전 / 대적광전 / 미륵석불전 / 명부전 / 천불오백성전 / 보화루 / 삼성각 / 국제선원 / 조인정사 / 종무소,3,2025-09-19 17:02:53,2025-09-19 17:02:53
126507,12,1,화장실,있음(남녀 구분),3,2025-09-19 17:02:53,2025-09-19 17:02:53
126507,12,2,한국어 안내서비스,가능,4,2025-09-19 17:02:53,2025-09-19 17:02:53
2654601,12,0,입 장 료,무료,3,2025-09-19 17:02:53,2025-09-19 17:02:53
250299,12,0,입 장 료,무료 ,3,2025-09-19 17:02:53,2025-09-19 17:02:53
2755447,12,0,입 장 료,무료,3,2025-09-19 17:02:54,2025-09-19 17:02:54
2755447,12,1,화장실,"있음
",3,2025-09-19 17:02:54,2025-09-19 17:02:54
2755447,12,2,이용가능시설,"족구장 / 배드민턴장 / 테니스장		
",3,2025-09-19 17:02:54,2025-09-19 17:02:54
1604450,12,0,주차요금,"기본 30분 1,800원",3,2025-09-19 17:02:54,2025-09-19 17:02:54
1604450,12,1,시설이용료,"[활쏘기 체험]<br>
- 1인(10발) 4,000원<br>
- 추가 10발 2,000원",3,2025-09-19 17:02:54,2025-09-19 17:02:54
1604450,12,2,화장실,있음,3,2025-09-19 17:02:54,2025-09-19 17:02:54
1604450,12,3,입 장 료,무료,3,2025-09-19 17:02:54,2025-09-19 17:02:54
753986,12,0,입 장 료,무료,3,2025-09-19 17:02:54,2025-09-19 17:02:54
126914,12,0,입 장 료,무료 ,3,2025-09-19 17:02:55,2025-09-19 17:02:55
736737,12,0,입 장 료,무료 ,3,2025-09-19 17:02:55,2025-09-19 17:02:55
2767753,12,0,입 장 료,"[월요일~목요일]<br>
- 아침대관 45,000원<br>
- 점심대관 65,000원<br>
- 저녁대관 75,000원<br>
[금요일~일요일]<br>
- 아침대관 58,000원<br>
- 점심대관 78,000원<br>
- 저녁대관 88,000원<br>
※ 해당 요금은 2인 기준임<br>
※ 이용요금은 변동될 수 있으므로 자세한 사항은 전화 문의",3,2025-09-19 17:02:55,2025-09-19 17:02:55
2767753,12,1,내국인 예약안내,"
",4,2025-09-19 17:02:55,2025-09-19 17:02:55
3060941,12,0,입 장 료,무료,3,2025-09-19 17:02:55,2025-09-19 17:02:55
2932122,12,0,시설이용료,"월-목 : 69,000원<br>
금-일 : 76,000원",3,2025-09-19 17:02:55,2025-09-19 17:02:55
1605966,12,0,화장실,있음,3,2025-09-19 17:02:56,2025-09-19 17:02:56
126514,12,0,화장실,없음,3,2025-09-19 17:02:56,2025-09-19 17:02:56
126514,12,1,한국어 안내서비스,불가,4,2025-09-19 17:02:56,2025-09-19 17:02:56
3056442,12,0,주차요금,"10분 : 800원 / 1시간 : 4,800원<br>
주차장 신용카드 사용 가능",3,2025-09-19 17:02:56,2025-09-19 17:02:56
3056442,12,1,입 장 료,무료,3,2025-09-19 17:02:56,2025-09-19 17:02:56
126506,12,0,등산로,,1,2025-09-19 17:02:57,2025-09-19 17:02:57
126506,12,1,관광코스안내,,2,2025-09-19 17:02:57,2025-09-19 17:02:57
126506,12,2,화장실,있음,3,2025-09-19 17:02:57,2025-09-19 17:02:57
126506,12,3,입 장 료,무료,3,2025-09-19 17:02:57,2025-09-19 17:02:57
126506,12,4,외국어 안내서비스,,4,2025-09-19 17:02:57,2025-09-19 17:02:57
2611482,12,0,등산로,,1,2025-09-19 17:02:57,2025-09-19 17:02:57
2611482,12,1,관광코스안내,,2,2025-09-19 17:02:57,2025-09-19 17:02:57
2611482,12,2,입 장 료,무료 ,3,2025-09-19 17:02:57,2025-09-19 17:02:57
2611482,12,3,한국어 안내서비스,,4,2025-09-19 17:02:57,2025-09-19 17:02:57
1825057,12,0,입 장 료,무료,3,2025-09-19 17:02:57,2025-09-19 17:02:57
1825460,12,0,입 장 료,무료,3,2025-09-19 17:02:58,2025-09-19 17:02:58
3386415,12,0,,,1,2025-09-19 17:02:58,2025-09-19 17:02:58
3386415,12,1,,,2,2025-09-19 17:02:58,2025-09-19 17:02:58
3386415,12,2,입 장 료,무료,3,2025-09-19 17:02:58,2025-09-19 17:02:58
3386415,12,3,주차요금,2시간 이내 무료(유족 제외),3,2025-09-19 17:02:58,2025-09-19 17:02:58
3386415,12,4,,,4,2025-09-19 17:02:58,2025-09-19 17:02:58
2990289,12,0,시설이용료,"1인 1체험 15,000원",3,2025-09-19 17:02:59,2025-09-19 17:02:59
2992823,12,0,시설이용료,무료,3,2025-09-19 17:02:59,2025-09-19 17:02:59
3085029,12,0,시설이용료,무료,3,2025-09-19 17:03:00,2025-09-19 17:03:00
3085029,12,1,화장실,있음,3,2025-09-19 17:03:00,2025-09-19 17:03:00
2660731,12,0,시설이용료,"[싱글케어]<br>
- 얼굴 170,000원<br>
- 바디 170,000원<br>
- 하체+발 170,000원<br>
[멀티케어]<br>
- 1899 라인+진 라인 285,000원~340,000원<br>
- 자생 라인 285,000원~340,000원<br>
- 윤 라인 285,000원~340,000원<br>
※ 부위 별로 금액이 상이함<br>
[풀케어] 얼굴+전신+발+머리 395,000원<br>
※ 이용요금은 변동될 수 있으므로 자세한 사항은 홈페이지 참조",3,2025-09-19 17:03:01,2025-09-19 17:03:01
2660731,12,1,화장실,있음,3,2025-09-19 17:03:01,2025-09-19 17:03:01
2553923,12,0,입 장 료,무료,3,2025-09-19 17:03:02,2025-09-19 17:03:02
3526332,12,0,입 장 료,무료,3,2025-09-19 17:03:02,2025-09-19 17:03:02
3526339,12,0,입 장 료,무료,3,2025-09-19 17:03:03,2025-09-19 17:03:03
3526341,12,0,입 장 료,무료,3,2025-09-19 17:03:04,2025-09-19 17:03:04
3526342,12,0,입 장 료,무료,3,2025-09-19 17:03:05,2025-09-19 17:03:05
3526353,12,0,입 장 료,무료,3,2025-09-19 17:03:05,2025-09-19 17:03:05
3526354,12,0,입 장 료,무료,3,2025-09-19 17:03:05,2025-09-19 17:03:05
3526376,12,0,입 장 료,무료,3,2025-09-19 17:03:06,2025-09-19 17:03:06
3526384,12,0,입 장 료,무료,3,2025-09-19 17:03:06,2025-09-19 17:03:06
3526391,12,0,입 장 료,무료,3,2025-09-19 17:03:07,2025-09-19 17:03:07
3526413,12,0,입 장 료,무료,3,2025-09-19 17:03:07,2025-09-19 17:03:07
3526434,12,0,입 장 료,무료,3,2025-09-19 17:03:07,2025-09-19 17:03:07
3526326,12,0,입 장 료,무료,3,2025-09-19 17:03:08,2025-09-19 17:03:08
3526328,12,0,입 장 료,무료,3,2025-09-19 17:03:08,2025-09-19 17:03:08
