contentid,contenttypeid,heritage1,heritage2,heritage3,infocenter,opendate,restdate,expguide,expagerange,accomcount,useseason,usetime,parking,chkbabycarriage,chkpet,chkcreditcard,created_at,updated_at
2733967,12,0,0,0,02-763-1570,,매주 월요일,,,,,"[주일미사]<br>
- 새벽미사 06:00<br>
- 교중미사 11:00<br>
- 학생미사18:00<br>
[토요일] 저녁 주일미사 18:00<br>
[평일미사]<br>
- 월요일 06:00<br>
※ 매주 월요일은 미사 후 성당 문 닫음<br>
- 화요일 19:00 <br>
- 수요일 10:00<br>
- 목요일 19:00<br>
- 금요일 10:00<br>
[유아세례] 매월 첫 번째 일요일 17:00",가능,없음,,없음,2025-09-23 09:27:52,2025-09-23 09:27:52
2763807,12,0,0,0,동대문구청 정원도시과 02-2127-4398,,연중무휴,,,,,상시 개방,가능,,,,2025-09-23 09:27:52,2025-09-23 09:27:52
3483083,12,0,0,0,02-954-5757,,매주 일요일 / 월요일 / 1월 1일 / 설·추석 연휴 / 간송미술문화재단 요청 시,,,,,09:00~18:00,불가능,,,,2025-09-23 09:27:53,2025-09-23 09:27:53
1116925,12,0,0,0,양천구 공원녹지과 02-2620-4569,,연중무휴,,,,,상시 개방,가능,없음,,,2025-09-23 09:27:53,2025-09-23 09:27:53
294439,12,0,0,0,0507-1413-5862,,연중무휴,,,,,09:00~18:00,불가능,없음,,없음,2025-09-23 09:27:53,2025-09-23 09:27:53
264570,12,0,0,0,강남메디컬투어센터 1661-2230,,연중무휴,,,,,상시 개방 (강남메디컬투어센터 평일 10:00~18:00),가능,없음,,없음,2025-09-23 09:27:53,2025-09-23 09:27:53
2456536,12,0,0,0,02-3445-0111,,,,,,,,가능,없음,,없음,2025-09-23 09:27:53,2025-09-23 09:27:53
127377,12,0,0,0,강동구청 문화예술과 02-3425-5250,,연중무휴,,,,,상시 개방,불가능,,,,2025-09-23 09:27:54,2025-09-23 09:27:54
128961,12,0,0,0,02-455-3737,,연중무휴,,,,,"- 주간 05:00~20:00<br>
- 야간 20:00~익일 05:00",가능<br>요금 (주간 시간 입차 시 5시간 무료 / 야간 시간 입차 시 익일 오전 8시까지 무료 / 무료시간 외 10분당 600원),불가,,가능,2025-09-23 09:27:54,2025-09-23 09:27:54
809490,12,0,0,0,한강사업본부 강서안내센터 02-3780-0621~3,2002년 7월 1일,연중무휴,,,,,상시 개방,가능,,,,2025-09-23 09:27:54,2025-09-23 09:27:54
3043735,12,0,0,0,강서구청 체육관광과 02-2600-6082,,연중무휴,,,,,상시 개방,가능,,,,2025-09-23 09:27:54,2025-09-23 09:27:54
2733968,12,0,0,0,02-3780-0621~3,,연중무휴,,,,,상시 개방,가능,,,,2025-09-23 09:27:54,2025-09-23 09:27:54
2591792,12,0,0,0,서울 구로구 공원녹지과 02-860-2395,,연중무휴,,,,,상시 개방,불가능,없음,,없음,2025-09-23 09:27:55,2025-09-23 09:27:55
126501,12,0,0,0,02-926-4069,,연중무휴,,,,,04:00~19:00,가능,,,,2025-09-23 09:27:55,2025-09-23 09:27:55
3385911,12,0,0,0,서울시 강서구 공원녹지과 02-2600-4183,,연중무휴,,,,,상시 개방,불가능,,,,2025-09-23 09:27:55,2025-09-23 09:27:55
3440844,12,0,0,0,0507-1357-8670,,매주 월요일,,,,,화~일 12:00 ~ 18:00,,,,,2025-09-23 09:27:55,2025-09-23 09:27:55
2733966,12,0,0,0,구로구청 공원녹지과 02-860-3090,,연중무휴,,,,,상시 개방,불가능,없음,,없음,2025-09-23 09:27:55,2025-09-23 09:27:55
2758868,12,0,0,0,02-2199-7552,,연중무휴,,,,,상시개방,가능,없음,,가능,2025-09-23 09:27:55,2025-09-23 09:27:55
1604652,12,0,0,0,02-3700-3900,,"매주 화요일<br>※ 단, 정기휴일이 공휴일 및 대체공휴일과 겹칠 경우에는 개방하며, 그 다음의 첫 번째 비공휴일이 정기휴일임",,,,,"[1월~2월] 09:00~17:00 (입장마감 16:00)<br>
[3월~5월] 09:00~18:00 (입장마감 17:00)<br>
[6월~8월] 09:00~18:30 (입장마감 17:30)<br>
[9월~10월] 09:00~18:00 (입장마감 17:00)<br>
[11월~12월] 09:00~17:00 (입장마감 16:00)",가능 (버스 50대 / 승용차 240대),없음,,없음,2025-09-23 09:27:56,2025-09-23 09:27:56
294505,12,0,0,0,02-914-2828,,연중무휴,템플스테이(휴식형 / 체험형),,,,09:00~18:00,가능,불가,,불가,2025-09-23 09:27:56,2025-09-23 09:27:56
2930839,12,0,0,0,용산구청 02-2199-6114,,,,,,,00:00 ~ 24:00,,,,,2025-09-23 09:27:56,2025-09-23 09:27:56
126508,12,0,0,0,02-3700-3900,,"매주 화요일 <br>※ 단, 정기휴일이 공휴일 및 대체공휴일과 겹칠 경우에는 개방하며, 그 다음의 첫 번째 비공휴일이 정기휴일임",,,,,"[1월~2월] 09:00~17:00 (입장마감 16:00)<br>
[3월~5월] 09:00~18:00 (입장마감 17:00)<br>
[6월~8월] 09:00~18:30 (입장마감 17:30)<br>
[9월~10월] 09:00~18:00 (입장마감 17:00)<br>
[11월~12월] 09:00~17:00 (입장마감 16:00)",가능 (승용차 240대 / 버스 50대),,,,2025-09-23 09:27:56,2025-09-23 09:27:56
2373204,12,0,0,0,중구청 문화재관리팀 02-3396-5842,,매주 토요일~일요일 / 법정공휴일,,,,,상시 개방,불가능,,,,2025-09-23 09:27:56,2025-09-23 09:27:56
2500229,12,0,0,0,"02-324-6200<br>
02-324-6028",,매주 월요일,,,,,11:00~20:00,불가능,없음,,없음,2025-09-23 09:27:57,2025-09-23 09:27:57
1826438,12,0,0,0,국가보훈부 1577-0606,,연중무휴,,,,,상시 개방,가능,,,,2025-09-23 09:27:57,2025-09-23 09:27:57
126484,12,0,0,0,02-724-0274~6,,매주 월요일 / 1월 1일,,,,,09:00~18:00 (입장마감 17:30),가능,없음,,없음,2025-09-23 09:27:57,2025-09-23 09:27:57
1606042,12,0,0,0,02-3396-5843,,월요일,,,,,09:00 ~ 18:00,있음,없음,,없음,2025-09-23 09:27:57,2025-09-23 09:27:57
1604784,12,0,0,0,02-724-0274~6,,매주 월요일 / 1월 1일,,,,,09:00~18:00 (입장마감 17:30),가능,없음,,없음,2025-09-23 09:27:58,2025-09-23 09:27:58
1604824,12,0,0,0,종로구청 도시녹지과 02-2148-2842,2002년,매주 월요일 / 1월 1일,,,,,09:00~18:00 (입장 마감 17:30),가능,,,,2025-09-23 09:27:58,2025-09-23 09:27:58
2611568,12,0,0,0,양천구청 공원녹지과 02-2620-3576,,연중무휴,,,,,상시 개방,불가능,없음,,없음,2025-09-23 09:27:58,2025-09-23 09:27:58
3428372,12,0,0,0,02262035,,연중무휴,,,,,,,,,,2025-09-23 09:27:58,2025-09-23 09:27:58
3045019,12,0,0,0,02-765-1375,,,,,,,10:00 ~ 18:00,,,,,2025-09-23 09:27:58,2025-09-23 09:27:58
1826457,12,0,0,0,국가보훈부 1577-0606,,연중무휴,,,,,"05:00~22:00<br>
※ 계절 및 날씨 등에 따라 변경 가능",가능,,,,2025-09-23 09:27:59,2025-09-23 09:27:59
2591797,12,0,0,0,02-2619-6640,1988년 12월에 조성,연중무휴,,,,,상시 개방,가능,없음,,없음,2025-09-23 09:27:59,2025-09-23 09:27:59
2591799,12,0,0,0,구로구청 문화관광과 02-860-3401,,연중무휴,,,,,상시 개방,불가,없음,,없음,2025-09-23 09:27:59,2025-09-23 09:27:59
2453179,12,0,0,0,070-7094-4510,,국경일 / 공휴일,"어린이약사체험 / 제약회사 연구원 체험 / 제약회사 기업가 체험 / 역학조사 연구원 체험 / 콘텐츠 크리에이터 체험 / GoGo 1941, 약방속으로 등",,,,"- 하절기(3~10월) 10:00~17:00<br>
- 동절기(11~2월) 10:00~16:00",가능,없음,,없음,2025-09-23 09:27:59,2025-09-23 09:27:59
1827189,12,0,0,0,02-450-9311,,연중무휴,,,,,05:00~22:00,가능,없음,,없음,2025-09-23 09:27:59,2025-09-23 09:27:59
749192,12,0,0,0,마포관광정보센터 02-334-7878,,점포 별로 상이함,,,,,점포 별로 상이함,불가능,불가,,가능,2025-09-23 09:28:00,2025-09-23 09:28:00
776082,12,0,0,0,02-3460-5300,,연중무휴,※ 일정 별로 진행하는 프로그램이 상이하므로 자세한 사항은 홈페이지 참조,,,,프로그램 별로 상이함,가능,없음,,없음,2025-09-23 09:28:00,2025-09-23 09:28:00
3428259,12,0,0,0,02-878-6573,,"매주 월, 화, 공휴일 휴무","관악도시농업센터, 경작체험원, 습지원, 커뮤니티 공간, 양봉체험원, 허브장미원, 치유숲, 유아숲터 등",,,,수요일 ~ 일요일 10:00~17:00,있음,,,,2025-09-23 09:28:00,2025-09-23 09:28:00
126480,12,0,0,0,02-886-4701,,연중무휴,,,,,,관악산관리사무소 주차장,불가,없음,없음,2025-09-23 09:28:00,2025-09-23 09:28:00
126513,12,0,0,0,낙성대공원 관리사무소 02-879-6524,,연중무휴,,,,,상시 개방,가능,불가,,,2025-09-23 09:28:00,2025-09-23 09:28:00
756580,12,0,0,0,관악구청 공원녹지과 02-879-6547,2007년 12월,연중무휴,,,200명 이상,,상시 개방,가능,불가,,,2025-09-23 09:28:00,2025-09-23 09:28:00
756594,12,0,0,0,관악구청 공원녹지정책과 02-879-6525,1997년 3월,연중무휴,,,,,상시 개방,가능,,,,2025-09-23 09:28:00,2025-09-23 09:28:00
3081140,12,0,0,0,02-2627-1653,,,"[ 산림치유 프로그램 ] 숲에서 쓰담쓰담 / 홀로 / 숲에서 토닥토닥 <br>
[ 관악산 숲속생태체험관 ] 숲 탐구생활 / 숲을 읽어드립니다",전연령,,,상시개방,있음,,,,2025-09-23 09:28:01,2025-09-23 09:28:01
126916,12,0,0,0,02-582-8609,,연중무휴,,,,,상시 개방,가능,,,,2025-09-23 09:28:01,2025-09-23 09:28:01
2779550,12,0,0,0,"관악구청 공원녹지정책과 02-879-6521~8<br>
관악구청 여가도시과 02-879-6551~4",,연중무휴,,,,,상시 개방,가능,없음,,없음,2025-09-23 09:28:01,2025-09-23 09:28:01
1605990,12,0,0,0,02-6358-5533,,"매주 월요일 (단, 월요일이 공휴일인 경우 정상 운영)",,,,,"- 하절기(4월~10월) 09:00~21:00<br>
- 동절기(11월~3월) 09:00~20:00",가능,,,,2025-09-23 09:28:02,2025-09-23 09:28:02
130938,12,0,0,0,02-2049-4061,,,,,,,"09:00~17:00<br>
※ 인터넷 사전 예약 필수",,,,,2025-09-23 09:28:03,2025-09-23 09:28:03
3065938,12,0,0,0,"미래한강본부강나루안내센터 02-3780-0501<br>
시민활동지원과 02-3780-0772",,연중무휴,,,,,상시 개방,가능,,,,2025-09-23 09:28:04,2025-09-23 09:28:04
250252,12,0,0,0,02-3780-0501~4,,연중무휴,,,,,상시 개방,가능 (389대),,,,2025-09-23 09:28:04,2025-09-23 09:28:04
814195,12,0,0,0,070-7788-9670,2008년 12월 28일,연중무휴,맨발 걷기 힐링스쿨 / 즐거운 생태학교 / 숲밧줄 놀이 / 암사 생물탐사대 / EM비누 만들기 / 개구리학교 등,,,,상시 개방,가능,,,,2025-09-23 09:28:05,2025-09-23 09:28:05
3060896,12,0,0,0,광진구청 공원녹지과 02-450-7782,,연중무휴,,,,,상시 개방,가능,,,,2025-09-23 09:28:05,2025-09-23 09:28:05
1366921,12,0,0,0,02-476-0722,,매주 월요일 / 국경일 / 동절기,,,공연 1회 60명,,"- 3월/11월 12:00~18:00<br>
- 4월~10월 12:00~20:00<br>
※ 2025년 운영 기간 : 2025년 3월 4일~11월 30일",가능,없음,,없음,2025-09-23 09:28:05,2025-09-23 09:28:05
3094518,12,0,0,0,02-2290-7111(서울시설공단),,,,,,,,,,,,2025-09-23 09:28:06,2025-09-23 09:28:06
126512,12,0,0,0,02-3700-3900,,"매주 화요일<br>※ 단, 화요일이 공휴일 및 대체공휴일과 겹칠 경우에는 개방하며, 그 다음의 첫 번째 비공휴일이 정기휴일임",,,,,"[1월~2월] 09:00~17:00 (입장마감 16:00)<br>
[3월~5월] 09:00~18:00 (입장마감 17:00)<br>
[6월~8월] 09:00~18:30 (입장마감 17:30)<br>
[9월~10월] 09:00~18:00 (입장마감 17:00)<br>
[11월~12월] 09:00~17:00 (입장마감 16:00)<br>
※ 기관사정에 따라 관람시간 단축 및 조정이 있을 수 있음",가능 (240대),없음,,,2025-09-23 09:28:06,2025-09-23 09:28:06
775394,12,0,0,0,명동관광안내소 02-778-0333,2009년 8월 1일,연중무휴,,,,,상시 개방,불가능,,,,2025-09-23 09:28:06,2025-09-23 09:28:06
2500218,12,0,0,0,02-322-4450,,매주 토요일~일요일,전통문화행사,,,,09:00~18:00,,없음,,없음,2025-09-23 09:28:07,2025-09-23 09:28:07
129502,12,0,0,0,서울 중구청 건축과 02-3396-5843,,연중무휴,,,,,상시 개방,불가능,없음,,없음,2025-09-23 09:28:07,2025-09-23 09:28:07
2761661,12,0,0,0,02-479-4450,,연중무휴,,,,,09:00~18:00,가능,없음,,가능,2025-09-23 09:28:07,2025-09-23 09:28:07
3447964,12,0,0,0,02-860-2114,,연중개방,,,,,,,,,,2025-09-23 09:28:08,2025-09-23 09:28:08
2553960,12,0,0,0,02-830-8426,,매주 일요일 / 1월 1일 / 설·추석 연휴,순이의 하루 AR체험 / 역사도보투어 / 진로체험 / 도슨트해설 / 옛날 과자 먹기 / 키링 만들기 / 못난이 디폼블럭 만들기 / 순이네컷 사진촬영 / 뚝딱 가죽지갑 만들기,,,,10:00~17:00 (입장마감 16:30),가능,없음,,없음,2025-09-23 09:28:08,2025-09-23 09:28:08
3112063,12,0,0,0,,,,,,,,상시개방,,,가능,,2025-09-23 09:28:08,2025-09-23 09:28:08
2591829,12,0,0,0,구로구청 공원녹지과 02-860-3086,,연중무휴,,,,,상시 개방,불가능,없음,,없음,2025-09-23 09:28:09,2025-09-23 09:28:09
2591803,12,0,0,0,02-2633-0081~3,1981년 5월,업체 별로 상이함,,,,,업체 별로 상이함,가능,없음,,없음,2025-09-23 09:28:09,2025-09-23 09:28:09
2733981,12,0,0,0,구로구 공원녹지과 02-860-2396,,연중무휴,,,,,"- 동절기(11월~2월) 09:00~18:00<br>
- 하절기(3월~10월) 09:00~20:00",가능,없음,,없음,2025-09-23 09:28:09,2025-09-23 09:28:09
2357761,12,0,0,0,서초구청 푸른도시과 02-2155-6889,,연중무휴,,,,,상시 개방,가능,,,,2025-09-23 09:28:10,2025-09-23 09:28:10
127379,12,0,0,0,강동구청 문화예술과 문화관광팀 02-3425-5250,,연중무휴,,,,,상시 개방,불가능,불가,,없음,2025-09-23 09:28:10,2025-09-23 09:28:10
2452856,12,0,0,0,"대표전화 02-3146-5400<br>
체험안내 02-3146-5953 / 5415",,매주 토요일~일요일 / 법정공휴일,구의 문화유산 견학 프로그램,,1회에 10명~40명,,"10:00 / 14:00<br>
※ 사전 예약 필수",가능,없음,,없음,2025-09-23 09:28:10,2025-09-23 09:28:10
126524,12,0,0,0,02-996-0419,,"- 묘지 : 연중무휴 <br> - 기념관 : 매주 월요일<br> ※ 단, 월요일이 휴일일 경우 익일 휴무",,,,,"[출입문 개방시간]<br>
- 하절기(3월~10월) 06:00~18:00<br>
- 동절기(11월~2월) 07:00~17:00<br>
[기념관 / 봉안소]<br>
- 하절기(3월~10월) 09:30~17:30<br>
- 동절기(11월~2월) 09:30~16:30",가능 (100대),불가,,없음,2025-09-23 09:28:11,2025-09-23 09:28:11
2608977,12,0,0,0,02-3704-3114,,1월 1일 / 설날·추석 당일,박물관 속 또 하나의 학교 / 가족문화 체험교육,,,,"[국립민속박물관]<br>
- 3월~10월 09:00~18:00 (입장마감 17:00)<br>
- 11월~2월 09:00~17:00 (입장마감 16:00)<br>
※ 야간연장개관<br>
- 3월~10월 매주 토요일 09:00~20:00<br>
- 11월~2월 야간연장 미운영<br><br>
[국립민속박물관 어린이박물관]<br>
- 1월~12월 09:30~17:00<br>
※ 이용시간은 변동될 수 있으므로 홈페이지 참고",가능,,,,2025-09-23 09:28:11,2025-09-23 09:28:11
126521,12,0,0,0,1522-1555,,전시관 : 11월 공휴일 / 12월~2월 토요일·공휴일,"유아 체험학습실 / 국가상징체험학습 / 나랑사랑체험학습 등<br>
※ 자세한 사항은 홈페이지 참조",,,,"- 개방 시간 06:00~18:00<br>
-  업무 시설 개방 시간 09:00~18:00",가능,,,,2025-09-23 09:28:12,2025-09-23 09:28:12
1604580,12,0,0,0,02-2077-9000,,1월 1일 / 설·추석 연휴<br>※ 자세한 사항은 전화문의 요망,,,,,07:00~22:00<br>※ 자세한 사항은 전화문의 요망,가능,,,,2025-09-23 09:28:12,2025-09-23 09:28:12
1710166,12,0,0,0,02-2650-2200,,연중무휴,,,,,04:30~20:00,가능,없음,,불가,2025-09-23 09:28:13,2025-09-23 09:28:13
2591805,12,0,0,0,구로구 문화관광과 02-860-2410,,점포별 상이,,,,,점포별 상이,불가능,없음,,없음,2025-09-23 09:28:13,2025-09-23 09:28:13
126827,12,0,0,0,02-6788-2114,,,본회의장 참관 / 국회 체험 / 국회어린이박물관 관람,전연령 가능,,,,국회 참관객 차량은 국회 둔치 주차장 이용(유료),불가,불가,없음,2025-09-23 09:28:13,2025-09-23 09:28:13
2591809,12,0,0,0,02-860-3094,,,,,,,,없음,없음,없음,없음,2025-09-23 09:28:13,2025-09-23 09:28:13
3456212,12,0,0,0,0507-1303-5760,,,,,,,월~일 10:00  - 19:00,,,,,2025-09-23 09:28:14,2025-09-23 09:28:14
1606052,12,0,0,0,02-434-1717,,연중무휴,,,,,상시 개방,가능,없음,,없음,2025-09-23 09:28:14,2025-09-23 09:28:14
2756120,12,0,0,0,금천구청 공원녹지과 02-2627-1657,,연중무휴,,,,,상시 개방,가능,,,가능,2025-09-23 09:28:14,2025-09-23 09:28:14
298109,12,0,0,0,02-395-9911,,연중무휴,,,,,,있음 (무료),없음,불가,없음,2025-09-23 09:28:15,2025-09-23 09:28:15
3044625,12,0,0,0,02-3295-4947,,연중무휴,,,,,"- 운영시간 09:00~22:00<br>
- 체험시간 11:00~19:00<br>
※ 체험시간 외에는 전시 관람만 가능",불가능,,,,2025-09-23 09:28:15,2025-09-23 09:28:15
3082221,12,0,0,0,,,,,,,,,,,,,2025-09-23 09:28:15,2025-09-23 09:28:15
2756126,12,0,0,0,금천구 공원녹지과 02-2627-1662,2001. 6. 1,연중무휴,,,,,상시 개방,불가능,없음,,없음,2025-09-23 09:28:16,2025-09-23 09:28:16
2756134,12,0,0,0,금천구 공원녹지과 02-2627-1659,2008. 10. 20,연중무휴,,,,,상시 개방,불가능,없음,,없음,2025-09-23 09:28:16,2025-09-23 09:28:16
2553946,12,0,0,0,02-807-4800,2009-10-07,주말 및 공휴일,,,,,09:00~18:00,가능,없음,,없음,2025-09-23 09:28:16,2025-09-23 09:28:16
2993536,12,0,0,0,02-3700-1500,,연중무휴,,,,,상시 개방,가능,없음,,없음,2025-09-23 09:28:16,2025-09-23 09:28:16
2655928,12,0,0,0,02-761-2588,,연중무휴,보고 듣고 느끼며 걷는 기억의 길 / 기억의 터 상설해설프로그램,,,,상시 개방,가능<br>요금 (무료),없음,,없음,2025-09-23 09:28:17,2025-09-23 09:28:17
3060915,12,0,0,0,02-450-1395,,,,,,,,,,,,2025-09-23 09:28:17,2025-09-23 09:28:17
2756575,12,0,0,0,광진구 공원녹지과 02-450-7770,,연중무휴,,,,,상시 개방,가능,없음,,없음,2025-09-23 09:28:17,2025-09-23 09:28:17
127375,12,0,0,0,길동생태공원 02-472-2770,1999년 4월 28일,매주 월요일,"< 농촌체험 학습장 ><br>
-계절별로 논밭에서 작물을 재배하는 모습 관찰<br>
-수박 / 앵두 / 도라지 / 오디",,400명,,09:00~18:00,"길동생태공원내에는 별도의 주차장이 없으므로 공원 맞은편 길동생태문화센터 주차장 이용<br>
※ 주차장이 협소함으로 가능하면 대중교통을 이용 바람<br>
※ 요일제(전자태그)차량만 주차 가능",없음,없음,없음,2025-09-23 09:28:17,2025-09-23 09:28:17
2946113,12,0,0,0,0507-1415-8203,,매주 월요일~화요일,"원데이 클래스(물레성형, 핸드빌딩) / 취미 클래스 / 전문가&창업반",,,,10:00~22:00,가능,,,,2025-09-23 09:28:17,2025-09-23 09:28:17
128866,12,0,0,0,02-3672-5945,,연중무휴,,,,,09:00~18:00,가능,없음,,없음,2025-09-23 09:28:17,2025-09-23 09:28:17
3451976,12,0,0,0,1811-6700 / 1688-5500,,,,,,,,,,,,2025-09-23 09:28:18,2025-09-23 09:28:18
3525021,12,0,0,0,강서구청 공원녹지과 02-2600-4187,,연중무휴,,,,,상시 개방,불가능,,,,2025-09-23 09:28:19,2025-09-23 09:28:19
1827190,12,0,0,0,1577-0606,,연중무휴,,,,,상시 개방,불가능,,,,2025-09-23 09:28:19,2025-09-23 09:28:19
129501,12,0,0,0,02-743-7985~6,2002년 6월 12일,연중무휴,,,,,"상시 개방 <br>
※ 낙산 전시관 09:00~17:00",가능 (29대),,,,2025-09-23 09:28:20,2025-09-23 09:28:20
128872,12,0,0,0,02-763-3345,,연중무휴,템플스테이,,,,09:00~18:00,가능 (소형 약 15대),,,,2025-09-23 09:28:20,2025-09-23 09:28:20
699222,12,0,0,0,02-2148-1114,,,,,,,※ 매장마다 상이함,,없음,,가능,2025-09-23 09:28:20,2025-09-23 09:28:20
3056376,12,0,0,0,남인사동 관광안내소 02-737-7885,,점포 별로 상이함,,,,,점포 별로 상이함,불가능,,,,2025-09-23 09:28:20,2025-09-23 09:28:20
2784060,12,0,0,0,02-300-5500,,연중무휴,,,,,"[1월~2월 / 12월] 07:00~18:00<br>
[3월] 06:00~20:00<br>
[4월 / 9월] 05:30~20:00<br>
[5월] 05:00~20:00<br>
[6월~7월] 05:00~20:30<br>
[8월] 05:30~20:30<br>
[10월] 06:00~19:00<br>
[11월] 06:30~19:00","가능(평화의공원 주차장 1,162대 / 난지천공원 주차장 438대 / 난지삼거리 주차장 59대 / 노을공원 주차장 162대 / 난지중앙로 노상 주차장 113대)",없음,,없음,2025-09-23 09:28:21,2025-09-23 09:28:21
127859,12,0,0,0,02-3780-0611,,연중무휴,,,,,상시개방,가능,,,,2025-09-23 09:28:21,2025-09-23 09:28:21
1827191,12,0,0,0,국가보훈부 1577-0606,,연중무휴,,,,,"05:00~22:00<br />
※ 계절 및 날씨 등에 따라 변경 가능",가능,,,,2025-09-23 09:28:21,2025-09-23 09:28:21
748018,12,0,0,0,남대문시장 관광안내소 02-752-1913,,점포 별로 상이함,,,,,점포 별로 상이함,가능,불가,,없음,2025-09-23 09:28:21,2025-09-23 09:28:21
1603482,12,0,0,0,02-798-3771,,연중무휴,,,,,상시 개방,가능,,,,2025-09-23 09:28:22,2025-09-23 09:28:22
128776,12,0,0,0,"주간 02-753-2403<br />
야간 02-757-1308",,연중무휴,,,,,"10:00~23:00<br>
매표마감 : 왕복티켓 22:30 / 편도티켓 22:45",가능,없음,,없음,2025-09-23 09:28:22,2025-09-23 09:28:22
1603336,12,0,0,0,남산공원 02-3783-5900,,연중무휴,,,,,상시 개방,가능,,,,2025-09-23 09:28:22,2025-09-23 09:28:22
126747,12,0,0,0,"전통가옥 운영사무실 02-6358-5533<br>
문화관광해설 02-2133-6269",,"매주 월요일(단, 월요일이 공휴일일 경우 익일 휴관)",전통문화관광해설,,,,"- 하절기(04~10월) 09:00~21:00<br>
- 동절기(11~03월) 09:00~20:00",가능,가능,,,2025-09-23 09:28:22,2025-09-23 09:28:22
126485,12,0,0,0,02-3783-5900,,연중무휴,,,,,상시개방,가능,,,,2025-09-23 09:28:23,2025-09-23 09:28:23
126535,12,0,0,0,02-756-2486,,연중무휴,,,,,"- 평일 10:30~22:30<br>
- 주말 10:00~23:00",가능,,,,2025-09-23 09:28:23,2025-09-23 09:28:23
2783557,12,0,0,0,남산공원 02-3783-5900,,연중무휴,,,,,상시 개방,가능,,,,2025-09-23 09:28:23,2025-09-23 09:28:23
3067314,12,0,0,0,중구청 공원녹지과 02-3396-5852,,연중무휴,남산의 숨겨진 역사여행,,,,상시 개방,가능,,,,2025-09-23 09:28:23,2025-09-23 09:28:23
3447859,12,0,0,0,,,,,,,,,,,,,2025-09-23 09:28:24,2025-09-23 09:28:24
3082015,12,0,0,0,02-879-6523,,,,,,,상시개방,,,,,2025-09-23 09:28:24,2025-09-23 09:28:24
2946242,12,0,0,0,02-322-6682,,연중무휴,모루인형 / 데코덴 / 탑꾸 / 폴꾸 / 슬라임 / 비즈 목걸이 + 반지,,,,12:00 ~ 21:00 (라스트오더 19:50),불가능,,,,2025-09-23 09:28:24,2025-09-23 09:28:24
298341,12,0,0,0,02-941-2011,,연중무휴,,,,,,가능 (북한산국립공원 주차장),없음,,없음,2025-09-23 09:28:24,2025-09-23 09:28:24
2763685,12,0,0,0,02-826-1395,,연중무휴,,,,,상시 개방,가능,없음,,가능,2025-09-23 09:28:25,2025-09-23 09:28:25
2638475,12,0,0,0,02-749-4500,2019년 09월 28일,매주 월요일 / 1월 1일 / 설·추석,※ 일정 별로 진행하는 프로그램이 상이하므로 홈페이지 참조,,,,"[하절기(3월~10월)]<br>
- 화요일~금요일 10:00~21:00<br>
- 주말 및 공휴일 10:00~22:00<br>
[동절기(11월~2월)]<br>
- 화요일~일요일 10:00~20:00<br>
[야외공간] 상시 개방<br>
※ 개별시설마다 운영시간이 상이함",가능(일반차량 90대 / 대형 버스 1대 / 장애인차량 8대),불가,,가능,2025-09-23 09:28:25,2025-09-23 09:28:25
3067187,12,0,0,0,서울 관광안내소 02-6365-3100,,점포 별로 상이함,,,,,점포 별로 상이함,불가능,,,,2025-09-23 09:28:25,2025-09-23 09:28:25
2774274,12,0,0,0,서울 노원구 여가도시과 02-2116-0552,,"매주 월요일 / 우천, 태풍, 혹한 등 기상 악화 시",,,,,일몰 전 30분~22:00,가능,없음,,없음,2025-09-23 09:28:26,2025-09-23 09:28:26
2733971,12,0,0,0,월드컵공원 02-300-5500,,연중무휴,,,,,"05:30~20:00<br>
※ 자세한 사항은 전화문의 요망",가능,,,,2025-09-23 09:28:26,2025-09-23 09:28:26
3007012,12,0,0,0,노원구청 공원도시과 02-2116-3932,,연중무휴,,,,,상시 개방,가능,,,,2025-09-23 09:28:27,2025-09-23 09:28:27
3453040,12,0,0,0,02-351-8002,,연중무휴,,,,,상시 출입가능,,,,,2025-09-23 09:28:27,2025-09-23 09:28:27
1603149,12,0,0,0,02-577-5800,,연중무휴,,,,,"[외부] 상시 개방<br>
[내부] 06:00~17:000",가능,,,,2025-09-23 09:28:27,2025-09-23 09:28:27
2764354,12,0,0,0,02-901-5199,,※ 시설별 상이하므로 홈페이지 참고,축구교실 프로그램 / 배드민턴 프로그램 / 테니스 프로그램,,,,"[축구장] 06:00~22:00<br>
[배드민턴장]<br>
- 1부 06:00~09:00<br>
- 2부 10:00~13:00<br>
- 3부 14:00~17:00<br>
- 4부 18:00~22:00<br>
[테니스장]<br>
- 실내 06:00~12:00 / 13:00~22:00<br>
※ 주말 및 공휴일은 21:00까지 운영<br>
- 실외 06:00~22:00",가능,,,가능,2025-09-23 09:28:27,2025-09-23 09:28:27
2392535,12,0,0,0,02-2034-0600,,연중무휴,,모든 어린이 보호자 동반 필수,,,10:00~18:00 (입장마감 17:00),가능,,,,2025-09-23 09:28:28,2025-09-23 09:28:28
299978,12,0,0,0,02-813-7425,,연중무휴,,,,,08:30~17:00,가능,불가,,없음,2025-09-23 09:28:28,2025-09-23 09:28:28
2741117,12,0,0,0,성동구청 공원녹지과 02-2286-5655,,연중무휴,,,,,상시 개방,불가능,,,,2025-09-23 09:28:28,2025-09-23 09:28:28
3057901,12,0,0,0,동대문 관광안내소 02-2236-9135,,연중무휴,,,,,상시 개방,,,,,2025-09-23 09:28:29,2025-09-23 09:28:29
126803,12,0,0,0,02-711-0933,,연중무휴,,,,,성지개방시간 09:00~17:00,가능<br>요금 (무료),불가,불가,없음,2025-09-23 09:28:29,2025-09-23 09:28:29
3060934,12,0,0,0,영등포구청 정원도시과 02-2670-3764,,연중무휴,,,,,상시 개방,가능,,,,2025-09-23 09:28:29,2025-09-23 09:28:29
299980,12,0,0,0,02-744-4502,,연중무휴,,,,,09:00~18:00,가능,,,,2025-09-23 09:28:30,2025-09-23 09:28:30
2402981,12,0,0,0,02-833-8113,,점포별 상이함,,,,,점포별 상이함,가능,,,,2025-09-23 09:28:30,2025-09-23 09:28:30
2753103,12,0,0,0,영등포구청 정원도시과 02-2670-4091,,연중무휴,,,,,상시 개방,가능,없음,,없음,2025-09-23 09:28:30,2025-09-23 09:28:30
1602451,12,0,0,0,02-2104-1912,1989년 11월 23일,연중개방,,,,,00:00~24:00,대모산 도시자연공원 주차장(주차공간 협소함),없음,없음,없음,2025-09-23 09:28:31,2025-09-23 09:28:31
3076460,12,0,0,0,강남구청 공원녹지과 02-3423-6284,,연중무휴,,,,,상시 개방,가능,,,,2025-09-23 09:28:31,2025-09-23 09:28:31
300076,12,0,0,0,02-583-1475,,연중무휴,,,,,09:00~18:00,가능,,,,2025-09-23 09:28:31,2025-09-23 09:28:31
1605948,12,0,0,0,석파정 서울미술관 0507-1446-0100,,매주 월요일~화요일,,,,,10:00~18:00 (입장마감 17:00),가능,없음,,없음,2025-09-23 09:28:32,2025-09-23 09:28:32
2733970,12,0,0,0,02-2051-2285,,연중무휴,,,,,07:00~21:00,가능,없음,,가능,2025-09-23 09:28:32,2025-09-23 09:28:32
126534,12,0,0,0,서울관광안내센터 02-6365-3100,,연중무휴,,,,,상시 개방,불가,불가,,없음,2025-09-23 09:28:32,2025-09-23 09:28:32
127015,12,0,0,0,02-730-6611,,매주 일요일,,,1000명 이상,,"[주일 감사성찬례]<br>
- 주 예배 : 08:00 / 10:00 / 12:00 / 15:00 / 18:00<br>
- 학생 예배 : 12:00 / 어린이 예배 : 12:00<br>
[평일 감사성찬례]<br>
- 월~토요일 07:00 / 금요일 12:00",있음,,,,2025-09-23 09:28:33,2025-09-23 09:28:33
2373223,12,0,0,0,02-3396-5842,,연중무휴,,,,,상시 개방,불가능,없음,,없음,2025-09-23 09:28:33,2025-09-23 09:28:33
3456362,12,0,0,0,,,,,,,,,,,,,2025-09-23 09:28:33,2025-09-23 09:28:33
3352052,12,0,0,0,02-2293-7646,,"연중무휴<br>※ 단, 모노레일은 기상 악화 시 중단될 수 있음",,,,,"[공원] 상시 개방<br>
[모노레일] 08:00~18:00",불가능,,,,2025-09-23 09:28:34,2025-09-23 09:28:34
3043811,12,0,0,0,02-468-9009,,매주 일요일 / 법정공휴일,"더페이퍼랩 투어<br>
※ 사전 예약 필수",,,,"- 월요일~금요일 10:00~18:40<br>
- 토요일 10:00~17:40",가능,,,,2025-09-23 09:28:35,2025-09-23 09:28:35
2794931,12,0,0,0,02-2283-2132,,연중무휴,"리제네레이션 트리트먼트 / 안티 에이징 트리트먼트 / 더벨 방짜테라피 / 더벨 페이스 핏 / BR 트리트먼트 / 모공&세럼 트리트먼트 / 뷰티힐링테라피<br>
※ 자세한 사항은 홈페이지 참조",,,,10:30~20:00,가능,없음,,없음,2025-09-23 09:28:35,2025-09-23 09:28:35
126509,12,0,0,0,02-771-9951,,"매주 월요일<br>※ 단, 정기휴일이 공휴일 및 대체공휴일과 겹칠 경우에는 개방하며, 그 다음의 첫 번째 비공휴일이 정기휴일임",,,,,"[일반관람] 09:00~21:00 (입장마감 20:00)<br>
[전시관]<br>
- 석조전 09:30~17:30 (마지막 해설 16:30)<br>
- 돈덕전 09:00~17:30 (입장마감 17:00)<br>
- 중명전	09:30~17:30(입장마감 17:00)",불가능,없음,,가능,2025-09-23 09:28:35,2025-09-23 09:28:35
1605981,12,0,0,0,02-771-9951,,"매주 월요일<br>※ 단, 정기휴일이 공휴일 및 대체공휴일과 겹칠 경우에는 개방하며, 그 다음의 첫 번째 비공휴일이 정기휴일임",,,,,"[일반관람] 09:00~21:00 (입장마감 20:00)<br>
[전시관]<br>
- 석조전 09:30~17:30 (마지막 해설 16:30)<br>
- 돈덕전 09:00~17:30 (입장마감 17:00)<br>
- 중명전	09:30~17:30(입장마감 17:00)",불가,,,,2025-09-23 09:28:35,2025-09-23 09:28:35
129186,12,0,0,0,02-751-0742,,연중무휴,,,,,00:00~24:00<br>,불가,없음,,없음,2025-09-23 09:28:35,2025-09-23 09:28:35
126481,12,0,0,0,북한산국립공원 도봉분소 02-954-2566,,"연중무휴<br> ※ 단, 기상여건에 따라 통제 가능",,,,,"상시 개방<br>
※ 단, 기상여건에 따라 통제 가능",가능,,,,2025-09-23 09:28:36,2025-09-23 09:28:36
1955511,12,0,0,0,02-2091-2263,,연중무휴,,,,,상시 개방,불가능,,,,2025-09-23 09:28:36,2025-09-23 09:28:36
126486,12,0,0,0,강남구청 공원녹지과 02-3423-6244,1973년 11월 10일,연중무휴,,,,,상시 개방,가능,,,,2025-09-23 09:28:36,2025-09-23 09:28:36
126502,12,0,0,0,02-993-3161,,연중개방,"[불교대학]<br>
- 경전반 / 민화반 / 다도반 / 새신도교육<br>
- 개강 : 매년 3월초 / 9월초(학기당 3개월)",,,,,있음 (무료),없음,불가,없음,2025-09-23 09:28:36,2025-09-23 09:28:36
2611730,12,0,0,0,02-2620-3578,,연중무휴,"도시농부학교 / 도시농부체험 등 <br>
※ 자세한 사항은 전화 문의 요망",,,,상시 개방,가능,없음,,없음,2025-09-23 09:28:36,2025-09-23 09:28:36
750863,12,0,0,0,02-936-5936,,연중무휴,,,,,09:00~18:00,불가능,,,,2025-09-23 09:28:37,2025-09-23 09:28:37
1828571,12,0,0,0,02-365-4388,,연중무휴,,,,,상시 개방,가능 (대형 33대 / 소형3대),없음,,없음,2025-09-23 09:28:37,2025-09-23 09:28:37
127425,12,0,0,0,서대문독립공원 02-3140-8305,,연중무휴,,,,,상시 개방,가능,,,,2025-09-23 09:28:37,2025-09-23 09:28:37
2783547,12,0,0,0,02-2236-9134,,,,,,,상시,,없음,,없음,2025-09-23 09:28:37,2025-09-23 09:28:37
2756142,12,0,0,0,금천구 공원녹지과 02-2627-1659,1993-06-30,연중무휴,,,,,상시 개방,불가능,없음,,가능,2025-09-23 09:28:37,2025-09-23 09:28:37
3023349,12,0,0,0,02-771-9951,,매주 월요일,,,,,09:00~17:30 (입장마감 17:00),가능,없음,,가능,2025-09-23 09:28:38,2025-09-23 09:28:38
3060927,12,0,0,0,성북역사문화센터 02-2241-2656,,연중무휴,,,,,상시 개방,불가능,,,,2025-09-23 09:28:38,2025-09-23 09:28:38
1187220,12,0,0,0,02-743-7424,,점포 별로 상이함,,,,,점포 별로 상이함,불가능,불가,,,2025-09-23 09:28:39,2025-09-23 09:28:39
3111840,12,0,0,0,,,,,,,,상시,,,가능,,2025-09-23 09:28:39,2025-09-23 09:28:39
2470006,12,0,0,0,02-2153-0000,,1월 1일 / 설·추석 당일<br>※ 시설 별로 상이하므로 자세한 사항은 홈페이지 참조,,,,,"10:00~20:00<br>
※ 프로그램에 따라 일부공간 탄력운영",가능,,,,2025-09-23 09:28:39,2025-09-23 09:28:39
1906334,12,0,0,0,02-2266-7188,2009년 10월 27일,"매주 월요일 (단, 월요일이 공휴일인 경우에도 휴관) / 1월 1일 / 설·추석 당일",,,,,"[동대문운동장기념관 / 동대문역사관]<br>
10:00~19:00",가능,,,,2025-09-23 09:28:40,2025-09-23 09:28:40
1603677,12,0,0,0,02-2148-1842,,,,,,,,불가능,없음,,없음,2025-09-23 09:28:40,2025-09-23 09:28:40
2764187,12,0,0,0,02-816-7971,,,,,,,"[화요일~토요일] 09:00~21:00<br>
[일요일 / 공휴일] 09:00~18:00",,없음,,가능,2025-09-23 09:28:41,2025-09-23 09:28:41
3006915,12,0,0,0,노원구청 정원도시과 02-2116-3944,,연중무휴,,,,,상시 개방,가능,,,,2025-09-23 09:28:41,2025-09-23 09:28:41
3448217,12,0,0,0,02-860-2114,,연중개방,,,,,,,,,,2025-09-23 09:28:42,2025-09-23 09:28:42
2456069,12,0,0,0,"02-3146-5512<br>
02-3146-5546",,주말 / 공휴일,정수센터견학,,1회 1~30인,,"[6월~9월] 10:000~11:30<br>
[1월~5월 / 10월~12월] 14:00~15:30<br>
※ 예약 필수",가능,없음,,없음,2025-09-23 09:28:42,2025-09-23 09:28:42
2757145,12,0,0,0,02-3780-0517,,매주 월요일 / 1월 1일 / 명절 당일,,,,,"화요일~금요일 09:30~17:30<br>
토요일~일요일 09:30~20:00",불가 (뚝섬한강공원3주차장 이용 가능),없음,,가능,2025-09-23 09:28:43,2025-09-23 09:28:43
1030763,12,0,0,0,02-3780-0521~4,,연중무휴,,,,,상시 개방,가능 (674대),,,,2025-09-23 09:28:43,2025-09-23 09:28:43
2756578,12,0,0,0,02-3780-0521~4,,연중무휴,,,,,상시 개방,가능 (674대),,,,2025-09-23 09:28:43,2025-09-23 09:28:43
3074841,12,0,0,0,02-6925-4733,,,,,,,09:00~20:00,,,,,2025-09-23 09:28:43,2025-09-23 09:28:43
2992824,12,0,0,0,010-3882-3106,,"매주 월요일, 화요일",차 체험 / 애프터눈 티 코스 / 전통주 체험 / 프라이빗 다이닝,,,,"수요일~일요일 10:00~18:00 <br>
※ 사전예약 필수",불가,없음,,없음,2025-09-23 09:28:43,2025-09-23 09:28:43
2440925,12,0,0,0,02-2084-7749,,※ 자세한 사항은 전화문의 및 홈페이지 참조 요망,,,,,※ 자세한 사항은 전화문의 및 홈페이지 참조 요망,불가능,,,,2025-09-23 09:28:44,2025-09-23 09:28:44
2500214,12,0,0,0,"02-3153-8353(마포구 문화예술과)<br>
02-3153-8114(120 다산콜센터로 연결)",,점포별 상이,,,,,점포별 상이,,없음,,없음,2025-09-23 09:28:44,2025-09-23 09:28:44
3090533,12,0,0,0,02-6116-4000,,연중무휴,,,,,상시 개방,가능,,,,2025-09-23 09:28:44,2025-09-23 09:28:44
2476731,12,0,0,0,1661-2000,,,,,,,10:00~20:00 (입장마감 19:00),,없음,,가능,2025-09-23 09:28:44,2025-09-23 09:28:44
126498,12,0,0,0,1661-2000,,연중무휴<br>※ 기상상태에 따라 매직아일랜드 일부 어트랙션 중단 가능<br>※ 기상상태와 별개로 현장 상황에 따라 운휴하거나 중간 점검할 수 있음,,,,,"[월요일~목요일, 일요일] 10:00~21:00<br>
[금요일~토요일] 10:00~22:00<br>
※ 매표 및 입장 : 영업 종료 1시간 전 마감<br>
※ 운영시간 변동될 수 있으므로 자세한 사항은 홈페이지 참조","가능 (5,400대)",가능,,가능,2025-09-23 09:28:44,2025-09-23 09:28:44
2492348,12,0,0,0,02-1661-2000,,연중무휴,,,,,"- 월요일~목요일 10:30~22:00 (입장마감 21:00)<br>
- 금요일~토요일 10:30~23:00 (입장마감 22:00)<br>
- 일요일 10:30~22:00 (입장마감 21:00)<br>
- 공휴일 10:30~23:00 (입장마감 22:00)",가능,,,,2025-09-23 09:28:45,2025-09-23 09:28:45
2003909,12,0,0,0,02-3213-5000,,매장 별로 상이함<br>※ 홈페이지 참조,,,,,"매장 별로 상이함<br>
※ 홈페이지 참조",가능,없음,,없음,2025-09-23 09:28:45,2025-09-23 09:28:45
2591813,12,0,0,0,서울 구로구 문화관광과 02-860-3401,,연중무휴,,,,,상시 개방,불가능,없음,,없음,2025-09-23 09:28:45,2025-09-23 09:28:45
2946527,12,0,0,0,,,,,,,,11:00 ~ 23:00,,,,,2025-09-23 09:28:46,2025-09-23 09:28:46
2850356,12,0,0,0,02-6011-1072,,설날/추석 당일,"1.빨간 맛, 하얀 맛, 이상한 맛/난이도 : ★☆☆☆☆<br>
2. 부귀명화/난이도 : ★★★★☆<br>
3. 요한 캣트라우스 2세의 초대장/난이도 : ★★★☆☆",,,,"평일 09:00~22:00<br>
주말/공휴일 11:00~22:00","있음 (30분 무료, 이후 유료)",,,,2025-09-23 09:28:46,2025-09-23 09:28:46
3027054,12,0,0,0,02-745-0202,,,,,,,11:30~20:50 (신청곡 20시까지),,,,,2025-09-23 09:28:46,2025-09-23 09:28:46
2720441,12,0,0,0,02-542-3379,,연중무휴,1:1 맞춤형 개인 레슨 / 메이크업 원데이클래스 등,전 연령,1~3명,,"10:00~22:00<br>
※ 예약 필수",가능,없음,,가능,2025-09-23 09:28:46,2025-09-23 09:28:46
3458417,12,0,0,0,0236652707,,,,,,,,,,,,2025-09-23 09:28:46,2025-09-23 09:28:46
3331253,12,0,0,0,02-2600-4262~3,,매주 일요일 / 공휴일(대체공휴일 포함),교통안전 / 학생안전 / 재난안전 / 보건안전 / 4D 영상관 등,"6세 이상<br>※ 단, 4D 영상관은 9세 이상",,,월요일~토요일 09:00~18:00,가능 (대형 2대 / 일반 29대 / 장애인 2대 / 가족배려 4대 / 전기 1대),,,,2025-09-23 09:28:46,2025-09-23 09:28:46
126487,12,0,0,0,02-2148-4158,1982년 04월 29 일,연중무휴,,,,,상시 개방,가능,,,,2025-09-23 09:28:48,2025-09-23 09:28:48
2752525,12,0,0,0,02-3411-9890,,연중무휴,,,,,상시 개방,가능,없음,,없음,2025-09-23 09:28:48,2025-09-23 09:28:48
3483103,12,0,0,0,02-955-0110,,,,,,,,,,,,2025-09-23 09:28:48,2025-09-23 09:28:48
2757653,12,0,0,0,송파구청 공원녹지과 02-2147-3388,,연중무휴,,,,,상시 개방,불가능,없음,,가능,2025-09-23 09:28:48,2025-09-23 09:28:48
753558,12,0,0,0,서울특별시청 02-120,1970년 5월,연중무휴,,,,,상시 개방,,,,,2025-09-23 09:28:49,2025-09-23 09:28:49
3385841,12,0,0,0,,,점포 별로 상이함,,,,,점포 별로 상이함,가능,,,,2025-09-23 09:28:49,2025-09-23 09:28:49
2373247,12,0,0,0,마포구청 문화예술과 02-3153-8372,,연중무휴,,,,,상시 개방,불가능,없음,,없음,2025-09-23 09:28:49,2025-09-23 09:28:49
1395466,12,0,0,0,성북구청 문화체육과 02-2241-2652,,연중무휴,,,,,09:00~18:00,불가능,없음,,,2025-09-23 09:28:49,2025-09-23 09:28:49
2650756,12,0,0,0,02-2094-6800,,연중무휴,,,,,상시 개방,가능<br>요금 (5분 100원),없음,,없음,2025-09-23 09:28:49,2025-09-23 09:28:49
1115203,12,0,0,0,02-2094-2344,,연중무휴,,,,,,가능,없음,,없음,2025-09-23 09:28:50,2025-09-23 09:28:50
3062089,12,0,0,0,마포구청 체육진흥과 02-3153-9873,,연중무휴,,,,,"상시 개방<br>
※ 단, 유수지의 특성상 우천 및 기상특보 시에는 구민의 안전을 위하여 사용을 제한함",가능,,,,2025-09-23 09:28:50,2025-09-23 09:28:50
127307,12,0,0,0,02-3153-8372,,연중무휴,,,,,,,불가,,없음,2025-09-23 09:28:50,2025-09-23 09:28:50
1059638,12,0,0,0,02-3780-0601,,연중무휴,,,,,상시 개방,가능,,,,2025-09-23 09:28:50,2025-09-23 09:28:50
1131275,12,0,0,0,02-575-3895,1986년 11월,연중무휴,,,,,상시 개방,가능,가능,,없음,2025-09-23 09:28:51,2025-09-23 09:28:51
2373320,12,0,0,0,"영등포공원 02-2670-3717<br>
영등포구청 정원도시과 02-2670-3764",,연중무휴,,,,,상시 개방,가능,없음,,없음,2025-09-23 09:28:51,2025-09-23 09:28:51
264311,12,0,0,0,명동관광정보센터 02-778-0333,,점포 별로 상이함,,,,,점포 별로 상이함,,없음,,없음,2025-09-23 09:28:52,2025-09-23 09:28:52
1957600,12,0,0,0,중구청 문화관광과 02-3396-4622,,점포 별로 상이함,,,,,점포 별로 상이함,가능,,,,2025-09-23 09:28:52,2025-09-23 09:28:52
2583158,12,0,0,0,02-778-0333,2013.11.29,설·추석 당일,,,,,09:00~18:00,불가능,,,,2025-09-23 09:28:52,2025-09-23 09:28:52
2761662,12,0,0,0,02-889-7272,,연중무휴,,,,,상시 개방,가능,없음,,가능,2025-09-23 09:28:53,2025-09-23 09:28:53
250350,12,0,0,0,서울 중구청 문화재관리팀 02-3396-5843,,연중무휴,,,,,상시 개방,불가능,불가,,없음,2025-09-23 09:28:53,2025-09-23 09:28:53
753981,12,0,0,0,서초구청 푸른도시과 02-2155-5483,2003년,연중무휴,,,,,상시 개방,불가능,,,,2025-09-23 09:28:53,2025-09-23 09:28:53
127525,12,0,0,0,02-2147-2001,,연중무휴,,,,,"[몽촌토성]<br>
- 도보, 자전거 05:00~22:00<br>
- 차량 06:00~22:00<br>
[몽촌역사관]<br>
- 09:00~18:00",가능,,,,2025-09-23 09:28:53,2025-09-23 09:28:53
3013272,12,0,0,0,02-379-7131~2,,매주 월요일 / 1월 1일 / 설·추석,,,,,10:00~18:00,가능,,,,2025-09-23 09:28:54,2025-09-23 09:28:54
1603543,12,0,0,0,02-2148-4147,,연중무휴,,,,,상시,불가,없음,,없음,2025-09-23 09:28:54,2025-09-23 09:28:54
2900390,12,0,0,0,02-332-8333,,,,,,,"12:00 - 24:00<br>
BAR(KITCHEN) 12:00 - 23:00",,,,,2025-09-23 09:28:54,2025-09-23 09:28:54
2759649,12,0,0,0,북한산국립공원도봉사무소 031-828-8000,,연중무휴,,,,,상시 개방,불가능,없음,,없음,2025-09-23 09:28:54,2025-09-23 09:28:54
126531,12,0,0,0,서울시 서대문구 문화체육과 02-330-1121,,연중무휴,,,,,상시 개방,불가능,불가,,없음,2025-09-23 09:28:54,2025-09-23 09:28:54
2762874,12,0,0,0,02-923-2301,,연중무휴,,,,,상시 개방,불가능,없음,,가능,2025-09-23 09:28:54,2025-09-23 09:28:54
2751348,12,0,0,0,영등포구청 정원도시과 02-2670-3764,1986-06-18,연중무휴,,,,,상시 개방,가능,없음,,가능,2025-09-23 09:28:55,2025-09-23 09:28:55
2650230,12,0,0,0,02-2676-4300,,,,,,,,,없음,,없음,2025-09-23 09:28:55,2025-09-23 09:28:55
2781318,12,0,0,0,,2010년,연중무휴,,,,,상시 개방,불가능,,,,2025-09-23 09:28:55,2025-09-23 09:28:55
250364,12,0,0,0,02-3407-3500,2011년 8월 11일(목),매주 월요일,* 공간투어 프로그램,전연령가능,,,10:00~19:00,불가,,,가능,2025-09-23 09:28:55,2025-09-23 09:28:55
2592089,12,0,0,0,02-856-1702,,평일,,,,,주말 10:00~19:00,불가능,,,,2025-09-23 09:28:55,2025-09-23 09:28:55
2733852,12,0,0,0,"여의도안내센터 02-3780-0566<br>
기반시설과 02-3780-0691",,"매주 월요일, 금요일<br>※ 금요일은 청소 완료 후 18시부터 재가동",,,,,"- 비수기(4월~6월 / 9월~10월) 12:00 / 17:00 / 18:00 / 19:00 / 20:00<br>
- 성수기(7월~8월) 12:00~21:00 (매 시간 정각 가동)<br>
※ 매회 30분씩 가동<br>
※ 기상조건(우천, 강풍) 및 공원 이용시민의 다소 등의 요인에 따라 분수가동이 정지될 수 있음","가능 (1,782대)",없음,,,2025-09-23 09:28:55,2025-09-23 09:28:55
2469939,12,0,0,0,02-2088-8531,,매주 월요일 / 1월 1일 / 설·추석 연휴 / 12월 25일,"[유료 프로그램]<br>
It's Kimchi / Kimchi Basic / Kimchi Master<br>
[무료 프로그램]<br>
김치학교 <br>
※ 체험 프로그램은 사전 예약 필수이며, 자세한 내용은 홈페이지 참고",6세 이상,회당 100명,,10:00~18:00 (마지막 입장 17:30),불가능,없음,,,2025-09-23 09:28:56,2025-09-23 09:28:56
3056596,12,0,0,0,0507-1429-7201,,연중무휴,,,,,"- 평일 12:00 ~ 20:00<br>- 주말 12:00 ~ 21:00<br>
※ 마감 1시간 전까지 도착해야 체험 가능",불가능,,,,2025-09-23 09:28:56,2025-09-23 09:28:56
309300,12,0,0,0,02-2662-4736,,연중무휴,,,,,상시 개방,가능,,,,2025-09-23 09:28:56,2025-09-23 09:28:56
309302,12,0,0,0,02-2298-3377,,연중개방,,전연령,,,상시개방,주차 가능,불가,없음,없음,2025-09-23 09:28:56,2025-09-23 09:28:56
309299,12,0,0,0,02-923-0492,,연중무휴,,,,,09:00~18:00,불가능,없음,,없음,2025-09-23 09:28:56,2025-09-23 09:28:56
605961,12,0,0,0,02-2075-4119,,연중무휴,,,,,상시 개방,,,,,2025-09-23 09:28:57,2025-09-23 09:28:57
2373326,12,0,0,0,02-442-0001,,연중무휴,,,,,상시 개방,불가능,,,,2025-09-23 09:28:57,2025-09-23 09:28:57
1828631,12,0,0,0,1577-0606,,,,,,,,,,,,2025-09-23 09:28:57,2025-09-23 09:28:57
753983,12,0,0,0,02-3780-0541~4,1986년,연중무휴,,,,,상시 개방,가능 (669대),,,,2025-09-23 09:28:57,2025-09-23 09:28:57
729167,12,0,0,0,무지개분수 운영사무실 02-3780-0578~9,,"매년 1월~3월, 11월~12월 / 기상상황에 따라 분수 가동 중지될 수 있음",,,,,"[비수기(4월~6월, 9월~10월)] 12:00 / 19:30 / 20:00 / 20:30 / 21:00<br>
[성수기(7월~8월)] 12:00 / 19:30 / 20:00 / 20:30 / 21:00 / 21:30<br>
※ 매회 20분 가동",가능 (669대),,,,2025-09-23 09:28:58,2025-09-23 09:28:58
970138,12,0,0,0,02-3780-0541~4,,연중무휴,,,,,상시 개방,가능 (669대),,,,2025-09-23 09:28:58,2025-09-23 09:28:58
2763875,12,0,0,0,02-3780-0541~4,,연중무휴,,,,,상시 개방,가능 (669대),,,가능,2025-09-23 09:28:58,2025-09-23 09:28:58
2763871,12,0,0,0,서초구 체육진흥과 02-2155-6211,,연중무휴,,,,,"- 공원 상시 개방<br>
- 축구장, 풋살장 07:00~22:00",가능,없음,,가능,2025-09-23 09:28:58,2025-09-23 09:28:58
3043977,12,0,0,0,02-2241-2656,,연중 무휴,,,,,상시 개방,불가능,,,,2025-09-23 09:28:58,2025-09-23 09:28:58
814203,12,0,0,0,송파구청 공원녹지과 02-2147-3401,,매주 월요일,,,,,08:00~17:00,불가능,불가,,,2025-09-23 09:28:59,2025-09-23 09:28:59
3076147,12,0,0,0,02-2657-8688,,연중무휴,,,,,상시 개방,불가능,,,,2025-09-23 09:28:59,2025-09-23 09:28:59
250166,12,0,0,0,02-120,,,,,,,,,없음,,없음,2025-09-23 09:29:00,2025-09-23 09:29:00
2661483,12,0,0,0,02-2215-8573,,연중무휴,,,,,상시 개방,불가능,,,,2025-09-23 09:29:00,2025-09-23 09:29:00
309307,12,0,0,0,02-990-7058,,연중무휴,,,,,상시 개방,,없음,,없음,2025-09-23 09:29:00,2025-09-23 09:29:00
128028,12,0,0,0,02-302-0288,,연중무휴,,,,,상시 개방,가능,없음,,없음,2025-09-23 09:29:00,2025-09-23 09:29:00
1828914,12,0,0,0,02-450-9311,,연중무휴,,,,,상시 개방,가능,,,,2025-09-23 09:29:01,2025-09-23 09:29:01
129418,12,0,0,0,서울 중부공원여가센터 02-3783-5924,,연중무휴,,,,,상시 개방,가능,없음,,없음,2025-09-23 09:29:01,2025-09-23 09:29:01
809372,12,0,0,0,02-2148-2854,,,,,,,,없음,없음,없음,없음,2025-09-23 09:29:01,2025-09-23 09:29:01
2993160,12,0,0,0,청와대 관람안내 1522-7760,,연중무휴,,,,,"[3~4월, 9~10월] 07:00~18:00<br>
[5~8월] 07:00~19:00<br>
[11~2월] 09:00~17:00<br>
※ 자세한 안내는 홈페이지 참조",불가,,,,2025-09-23 09:29:01,2025-09-23 09:29:01
2481866,12,0,0,0,"02-724-0200<br>
02-724-0232",,"매주 월요일 / 1월 1일<br>※ 단, 월요일이 공휴일인 경우 개관",,,,,09:00~18:00 (입장마감 17:30),불가능,없음,,없음,2025-09-23 09:29:02,2025-09-23 09:29:02
2757155,12,0,0,0,02-3411-8104,,,,,,,상시,,없음,,가능,2025-09-23 09:29:03,2025-09-23 09:29:03
2751294,12,0,0,0,02-2646-4975,1989년,연중무휴,,,,,08:30~17:00,가능,없음,,없음,2025-09-23 09:29:03,2025-09-23 09:29:03
3006899,12,0,0,0,노원구청 푸른도시과 02-2116-3950,,연중무휴,,,,,상시 개방,가능,,,,2025-09-23 09:29:05,2025-09-23 09:29:05
315921,12,0,0,0,02-993-3808,,연중무휴,,,,,09:00~17:00,가능,,,,2025-09-23 09:29:05,2025-09-23 09:29:05
1603241,12,0,0,0,02-793-6261,,,,전 연령,,,연중 개방,,없음,,없음,2025-09-23 09:29:06,2025-09-23 09:29:06
127940,12,0,0,0,02-2181-1113,1986년 5월 5일,연중무휴,,,,,상시 개방,가능,,,,2025-09-23 09:29:06,2025-09-23 09:29:06
1091608,12,0,0,0,02-2027-4100,2010년 5월 25일,매주 월요일 / 1월 1일 / 설·추석 당일,"재난체험(지진, 태풍, 화재대피, 교통사고) / 전문체험(일반·전문응급처치, 소방시설교육) / 어린이안전체험 등",,회차별 15~30명<br>※ 체험 별로 상이함,,10:00~17:00,가능,없음,,,2025-09-23 09:29:06,2025-09-23 09:29:06
316104,12,0,0,0,02-928-3797,,연중무휴,,,,,09:00~18:00,가능,없음,,없음,2025-09-23 09:29:07,2025-09-23 09:29:07
605497,12,0,0,0,02-2148-2032,,연중무휴,,,,,상시개방,불가능,없음,,없음,2025-09-23 09:29:07,2025-09-23 09:29:07
126516,12,0,0,0,02-2133-2641,,연중무휴,,,,,상시 개방,불가 (대중교통 이용 권함),,,,2025-09-23 09:29:07,2025-09-23 09:29:07
316294,12,0,0,0,02-902-7337,,연중무휴,,,,,,,없음,,없음,2025-09-23 09:29:08,2025-09-23 09:29:08
3076259,12,0,0,0,0507-1431-5363,,연중무휴,하늘고래,,,,11:00~20:00 (입장마감 19:00),가능,,,,2025-09-23 09:29:08,2025-09-23 09:29:08
316295,12,0,0,0,02-919-0211~2,,연중무휴,,,,,09:00~18:00,가능,,,,2025-09-23 09:29:08,2025-09-23 09:29:08
126503,12,0,0,0,02-392-3007,,연중무휴,,,,,05:00~18:00,가능,,,,2025-09-23 09:29:09,2025-09-23 09:29:09
126504,12,0,0,0,02-3218-4800,,연중무휴,템플스테이,,,,09:00~18:00,가능,없음,,불가,2025-09-23 09:29:09,2025-09-23 09:29:09
3082002,12,0,0,0,강서구청 공원녹지과 02-2600-4255,,연중무휴,,,,,상시 개방,가능,,,,2025-09-23 09:29:09,2025-09-23 09:29:09
126912,12,0,0,0,02-879-5618,,,,,,,,불가,없음,,없음,2025-09-23 09:29:10,2025-09-23 09:29:10
1115042,12,0,0,0,02-2094-2353,,,,,,,,가능,없음,,없음,2025-09-23 09:29:11,2025-09-23 09:29:11
1115299,12,0,0,0,02-2094-2340,,연중무휴,,,,,상시 개방,가능<br>요금 (무료),없음,,없음,2025-09-23 09:29:11,2025-09-23 09:29:11
3013027,12,0,0,0,0507-1381-6546,,매주 일요일~월요일,옹기 만들기 체험 / 한지 공예 체험,,,,09:00~18:00 (휴게시간 12:00~13:00),불가능,,,,2025-09-23 09:29:11,2025-09-23 09:29:11
1367251,12,0,0,0,관광플라자 관광정보센터 02-6365-3100,,연중무휴,,,,,상시 개방,불가능,없음,,없음,2025-09-23 09:29:11,2025-09-23 09:29:11
822384,12,0,0,0,02-2289-4000,2009년 10월 17일,연중무휴,,,,,상시 개방,가능 (386대),,,,2025-09-23 09:29:12,2025-09-23 09:29:12
3112044,12,0,0,0,,,,"반려견 명랑운동회, 무료 건강교실, 무료 미용교실, 1:1 행동 교정 교실 등(반려견 동반 가능)",,,,10:00~19:00(하절기 1시간 연장),,,가능,,2025-09-23 09:29:12,2025-09-23 09:29:12
809190,12,0,0,0,한국문화재재단 북악산 02-730-9924,,,,,,,"- 봄·가을(3월~4월/9월~10월) : 07:00~18:00 (16시까지 입산)<br>
- 여름(5월~8월) : 07:00~19:00 (17시까지 입산)<br>
- 겨울(11월~2월) : 09:00~17:00 (15시까지 입산)",,없음,불가,없음,2025-09-23 09:29:12,2025-09-23 09:29:12
129500,12,0,0,0,02-747-2153,,연중무휴,,,,,"[3월~4월] 07:00~18:00 (16:00까지 입산)<br>
[5월~8월] 07:00~19:00 (17:00까지 입산)<br>
[9월~10월] 07:00~18:00 (16:00까지 입산)<br>
[11월~2월] 07:00~17:00 (15:00까지 입산)",불가능,없음,,없음,2025-09-23 09:29:13,2025-09-23 09:29:13
126943,12,0,0,0,02-725-6602,,연중무휴,,,,,상시 개방,가능,불가,,없음,2025-09-23 09:29:13,2025-09-23 09:29:13
2661492,12,0,0,0,02-747-2152,,,,,,,09:00~18:00 (주민배려 정숙관광 필요),불가,없음,,없음,2025-09-23 09:29:14,2025-09-23 09:29:14
1100498,12,0,0,0,02-2148-4161,,연중무휴,,,,,,불가,없음,,없음,2025-09-23 09:29:14,2025-09-23 09:29:14
3025266,12,0,0,0,02-2133-5580,,,,,,,10:00~18:00,,,,,2025-09-23 09:29:15,2025-09-23 09:29:15
130903,12,0,0,0,02-741-1033,,,,,,,"- 화요일 / 목요일~금요일 09:00~18:00<br>
- 수요일 09:00~20:00<br>
- 토요일~일요일 09:00~17:00",,없음,,없음,2025-09-23 09:29:15,2025-09-23 09:29:15
3056278,12,0,0,0,0507-1311-5688,,연중무휴,,,,,10:30~18:00,불가능,,,,2025-09-23 09:29:15,2025-09-23 09:29:15
2993183,12,0,0,0,02-741-2148,,설·추석,전통공예 만들기 프로그램,,,,"- 3월~10월 10:00~18:00<br>
- 11월~2월 10:00~17:00",불가능,,,,2025-09-23 09:29:15,2025-09-23 09:29:15
3085314,12,0,0,0,02-766-7858,,월요일 / 화요일,누룩 만들기 / 발효비누 만들기 / 계절전통주 만들기,[정규과정] 고등학생 이상<br>[체험프로그램] 초등학생 이상,,,11:00~17:00,없음,,,,2025-09-23 09:29:15,2025-09-23 09:29:15
126537,12,0,0,0,북촌마을안내소 02-2148-4161,,연중무휴,,,,,"10:00~17:00<br>
※ 방문 제한시간(특별관리지역(레드존) 방문 금지) : 17:00~익일 10:00",불가능,없음,,없음,2025-09-23 09:29:16,2025-09-23 09:29:16
2946075,12,0,0,0,02-2148-1856,,매주 일요일 <br>※ 북촌한옥마을 골목길 쉬는날,,,,,10:00 ~ 17:00 <br>※ 북촌 한옥마을 방문시간 지정구역,불가능,,,,2025-09-23 09:29:16,2025-09-23 09:29:16
3339374,12,0,0,0,0507-1312-0539,,,,,,,화요일~일요일 11:30~21:00 (마지막 주문 19:30),,,,,2025-09-23 09:29:16,2025-09-23 09:29:16
2783363,12,0,0,0,"북한산국립공원사무소 02-909-0497<br>
백운대탐방 지원센터 02-905-8062",,,,,,,- 하절기 04:00~17:00<br>- 동절기 04:00~16:00,,,,,2025-09-23 09:29:16,2025-09-23 09:29:16
3407173,12,0,0,0,02-901-0700,,연중무휴,,,,,09:00~18:00,"가능<br>※ 단, 예약 후 차량 등록을 한 경우에만 가능",,,,2025-09-23 09:29:17,2025-09-23 09:29:17
2779558,12,0,0,0,북한산국립공원관리사무소 02-909-0497,,연중무휴,,,,,상시 개방,가능,,,,2025-09-23 09:29:18,2025-09-23 09:29:18
127220,12,0,0,0,북한산국립공원사무소 02-909-0497,,"연중무휴<br>※ 단, 기상여건에 따라 통제 가능",,,,,"상시 개방<br>
※ 단, 기상여건에 따라 통제 가능",가능,,,,2025-09-23 09:29:18,2025-09-23 09:29:18
3385992,12,0,0,0,은평구청 치수과 02-351-7982,,연중무휴,,,,,상시 개방,불가능,,,,2025-09-23 09:29:18,2025-09-23 09:29:18
2782188,12,0,0,0,02-552-1080~1,,,,,,,09:00~18:00,가능,없음,,없음,2025-09-23 09:29:18,2025-09-23 09:29:18
1603100,12,0,0,0,02-445-4543,,연중무휴,,,,,09:00~18:00,불가능,,,,2025-09-23 09:29:19,2025-09-23 09:29:19
126482,12,0,0,0,서울 노원구 푸른도시과 02-2116-3943,,연중무휴,,,,,상시 개방,가능,없음,,없음,2025-09-23 09:29:19,2025-09-23 09:29:19
2733975,12,0,0,0,02-2116-0559,2018년 9월,매주 월요일 / 1월 1일 / 설·추석 연휴,나비와 자연생태 관찰 및 체험,초등학생,,,"- 하절기(3월~10월) 10:00~18:00 (입장마감 17:30)<br>
- 동절기(11월~2월) 10:00~17:00 (입장마감 16:30)",가능,없음,,가능,2025-09-23 09:29:19,2025-09-23 09:29:19
2559938,12,0,0,0,02-6002-5525,2018-08-02,연중무휴,,만 8세 이상,,,10:30~22:00,가능,불가,,가능,2025-09-23 09:29:19,2025-09-23 09:29:19
3044038,12,0,0,0,"서울특별시청 문화유산보존과 02-2133-2626<br>
낙상공원 02-743-7985",,연중무휴,,,,,09:30~17:30,가능,,,,2025-09-23 09:29:19,2025-09-23 09:29:19
3057979,12,0,0,0,동작구청 공원녹지과 02-591-9314,,연중무휴,,,,,상시 개방,가능,,,,2025-09-23 09:29:19,2025-09-23 09:29:19
2773346,12,0,0,0,강북구 문화관광과 02-901-6200,,연중무휴,,,,,상시 개방,가능,없음,,가능,2025-09-23 09:29:20,2025-09-23 09:29:20
1117141,12,0,0,0,02-2094-2344,,연중무휴,,,,,상시 개방,가능<br>요금 (무료),,,,2025-09-23 09:29:20,2025-09-23 09:29:20
126523,12,0,0,0,02-813-2130,,연중무휴,,,,,"[공원]<br>
상시 개방<br>
[사육신묘]<br>
- 하절기 09:00~17:30<br>
- 동절기 09:00~17:00",가능,,,,2025-09-23 09:29:20,2025-09-23 09:29:20
127942,12,0,0,0,02-2148-4149,1940년 03월 12일,연중무휴,,,,,상시,가능,없음,,없음,2025-09-23 09:29:20,2025-09-23 09:29:20
2992891,12,0,0,0,02-739-7205,,연중무휴,,,,,상시,불가,,,,2025-09-23 09:29:21,2025-09-23 09:29:21
2756150,12,0,0,0,02-2627-2341,1998년10월 26일,,,,,,상시,불가 (인근 서울특별시남부여성발전센터주차장 이용),없음,,없음,2025-09-23 09:29:21,2025-09-23 09:29:21
2638477,12,0,0,0,070-8181-0502,2019년 05월 02일,매주 월요일 / 법정공휴일 / 설·추석 연휴,,,,,09:00~18:00,가능,없음,,없음,2025-09-23 09:29:21,2025-09-23 09:29:21
3106562,12,0,0,0,02-306-8848,,매주 월요일~화요일 / 설·추석 / 법정공휴일,스포츠 클라이밍 / 어드벤처 체험시설 / 비아페르타 체험 등,,,,"- 평일 12:00~20:50<br>
- 주말 10:00~17:50",가능,,,,2025-09-23 09:29:21,2025-09-23 09:29:21
753994,12,0,0,0,02-2286-6090,,연중무휴,,,1000명 이상,,상시 개방,가능 (살곶이체육공원 공영주차장),불가,,없음,2025-09-23 09:29:21,2025-09-23 09:29:21
128933,12,0,0,0,02-909-0497,,연중무휴,,,,,"- 하절기(3월~11월) 04:00~17:00 <br>
- 동절기(12월~2월) 04:00~16:00",,없음,,없음,2025-09-23 09:29:22,2025-09-23 09:29:22
2773287,12,0,0,0,구로구청 공원녹지과 02-860-3165,,연중무휴,,,,,상시 개방,가능,없음,,없음,2025-09-23 09:29:22,2025-09-23 09:29:22
2774468,12,0,0,0,02-496-3839,1982-09-20,연중무휴,,,,,상시 개방,불가능,,,,2025-09-23 09:29:22,2025-09-23 09:29:22
756600,12,0,0,0,02-875-2271,,연중무휴,,,,,상시 개방,가능,,,,2025-09-23 09:29:22,2025-09-23 09:29:22
3342991,12,0,0,0,서울 강남구 공원녹지과 02-3423-6248,,연중무휴,,,,,상시 개방,불가능,,,,2025-09-23 09:29:22,2025-09-23 09:29:22
127557,12,0,0,0,02-353-3004,,연중무휴,,,,,상시 개방,가능,없음,,없음,2025-09-23 09:29:23,2025-09-23 09:29:23
126488,12,0,0,0,02-2148-2842,1940년 03월 12일,연중무휴,,,,,상시,가능 (공영주차장)<br>요금 (유료),불가,,없음,2025-09-23 09:29:23,2025-09-23 09:29:23
250147,12,0,0,0,삼청로 안내소 02-723-9472,,연중무휴,,,,,상시 개방,불가능,없음,,,2025-09-23 09:29:23,2025-09-23 09:29:23
1606009,12,0,0,0,02-2261-0571,,월요일,,,,,"[하절기(4월~10월)] 09:00~21:00<br>
[동절기(11월~3월)] 09:00~20:00",,없음,,없음,2025-09-23 09:29:23,2025-09-23 09:29:23
2507433,12,0,0,0,010-5216-8093,,매주 화요일 / 수요일,"약주, 소주 시음 및 강의 / 정규 아카데미",성인 (만 19세 이상),,,"10:00~17:00<br>
※ 방문 전 연락 필수",가능,,,,2025-09-23 09:29:23,2025-09-23 09:29:23
3006983,12,0,0,0,노원구청 푸른도시과 02-2116-3952,,연중무휴,,,,,상시 개방,불가능,,,,2025-09-23 09:29:24,2025-09-23 09:29:24
2373328,12,0,0,0,02-752-1136,,,,,,,,있음,없음,없음,없음,2025-09-23 09:29:24,2025-09-23 09:29:24
2500207,12,0,0,0,마포관광정보센터 02-334-7878,,점포 별로 상이함,,,,,점포 별로 상이함,불가능,없음,,없음,2025-09-23 09:29:24,2025-09-23 09:29:24
2993396,12,0,0,0,02-6013-1142,,,,,,,09:00~18:00,,,,,2025-09-23 09:29:24,2025-09-23 09:29:24
126529,12,0,0,0,02-716-1791,,,,,,,새남터 기념관 10:00~17:00,가능,없음,,없음,2025-09-23 09:29:24,2025-09-23 09:29:24
3085307,12,0,0,0,02-733-2577,,월요일,색실한줄누비기 / 모빌만들기,,,,10:00~17:00,없음,,,,2025-09-23 09:29:24,2025-09-23 09:29:24
2455084,12,0,0,0,02-2262-6549,,매주 토요일~일요일 / 공휴일,체험학습 / 진로학습,학생 및 성인(단체 및 개인),최소 10명~최대 40명,,"09:00~18:00<br>
※ 사전 예약제로 운영",가능 (약 15~20대),없음,,없음,2025-09-23 09:29:25,2025-09-23 09:29:25
3056985,12,0,0,0,02-879-5000,,점포 별로 상이함,,,,,점포 별로 상이함,가능,,,,2025-09-23 09:29:25,2025-09-23 09:29:25
2661502,12,0,0,0,안산공원관리사무소 02-3140-8383,,연중무휴,,,,,상시 개방<br>※ 자세한 사항은 전화 문의 요망,불가능,,,,2025-09-23 09:29:25,2025-09-23 09:29:25
128622,12,0,0,0,02-3140-8305,1992년 8월 15일,연중무휴,,,,,상시 개방,가능,없음,,가능,2025-09-23 09:29:25,2025-09-23 09:29:25
1021339,12,0,0,0,서초구 문화관광과 02-2155-6221,,,,,,,,,없음,,없음,2025-09-23 09:29:25,2025-09-23 09:29:25
2773409,12,0,0,0,서초구청 푸른도시과 02-2155-6882,2019년,연중무휴,,,,,상시 개방,불가능,,,가능,2025-09-23 09:29:25,2025-09-23 09:29:25
1603296,12,0,0,0,02-2199-7245,,,,,,,,,없음,,없음,2025-09-23 09:29:26,2025-09-23 09:29:26
1265735,12,0,0,0,02-2604-3004,2009-10-26,연중무휴,,,,,상시 개방,가능,없음,,없음,2025-09-23 09:29:26,2025-09-23 09:29:26
1605977,12,0,0,0,서소문성지 역사박물관 02-3147-2401,,연중무휴,,,,,상시 개방,가능 (216대),불가,,없음,2025-09-23 09:29:26,2025-09-23 09:29:26
3019162,12,0,0,0,02-2148-1114,,연중무휴,,,,,상시,불가 (인근 공영주차장 이용),,,,2025-09-23 09:29:26,2025-09-23 09:29:26
945824,12,0,0,0,02-735-2038,,매주 월요일 / 1월 1일 / 공휴일,,,,,09:00~18:00 (입장 마감17:30),불가능,,,,2025-09-23 09:29:26,2025-09-23 09:29:26
231938,12,0,0,0,02-2148-2032,,,,,,,,가능,없음,,없음,2025-09-23 09:29:27,2025-09-23 09:29:27
252527,12,0,0,0,02-2241-2653,,연중무휴,,,,,상시 개방,가능,없음,,없음,2025-09-23 09:29:28,2025-09-23 09:29:28
250470,12,0,0,0,02-3290-1492,,,,,,,,,없음,없음,없음,2025-09-23 09:29:28,2025-09-23 09:29:28
250338,12,0,0,0,02-2148-1842,,연중개방,,,,,,없음,없음,,없음,2025-09-23 09:29:28,2025-09-23 09:29:28
250362,12,0,0,0,서울 중구청 건축과 02-3396-5843,,연중무휴,,,,,상시 개방,불가능,,,,2025-09-23 09:29:28,2025-09-23 09:29:28
126909,12,0,0,0,02-598-6246,,"매주 월요일 / 1월 1일<br>※ 단, 월요일이 공휴일인 경우 정상 개관",,,,,"- 평일 10:00~20:00 (입장마감 19:00)<br>
-  주말 및 공휴일 10:00~18:00 (입장마감 17:00)<br>",불가능,가능,,없음,2025-09-23 09:29:28,2025-09-23 09:29:28
126522,12,0,0,0,02-2148-4167,,연중무휴,,,,,,,없음,,없음,2025-09-23 09:29:29,2025-09-23 09:29:29
704507,12,0,0,0,서울관광안내소 02-2236-9135,,점포 별로 상이함,,,,,점포 별로 상이함,불가능,,,,2025-09-23 09:29:29,2025-09-23 09:29:29
126804,12,0,0,0,02-774-1784,,연중무휴,,,,,"- 일요일 07:00~20:00<br>
- 월요일~토요일 09:00~19:00",가능,,,,2025-09-23 09:29:29,2025-09-23 09:29:29
126517,12,0,0,0,02-760-1472,,연중무휴,,,,,"- 하절기(3월~10월) 09:00~18:00<br>
- 동절기(11월~2월) 09:00~17:00",가능,없음,,없음,2025-09-23 09:29:29,2025-09-23 09:29:29
126515,12,0,0,0,송파구청 문화유산과 02-2147-2001,,연중무휴,,,,,"- 하절기(4월~10월) 06:00~20:00<br>
- 동절기(11월~3월) 09:00~18:00",가능,불가,,없음,2025-09-23 09:29:30,2025-09-23 09:29:30
753989,12,0,0,0,성동구청 문화체육과 02-2286-5202,,연중무휴,,,,,상시 개방,불가능,,,,2025-09-23 09:29:30,2025-09-23 09:29:30
704506,12,0,0,0,이태원 관광안내소 02-3785-0942,,연중무휴,,,,,점포마다 상이함,불가능,불가,,가능,2025-09-23 09:29:30,2025-09-23 09:29:30
231897,12,0,0,0,송파구청 문화유산과 02-2147-2007,,연중무휴,,,,,상시 개방,가능,,,,2025-09-23 09:29:30,2025-09-23 09:29:30
127466,12,0,0,0,송파구청 문화유산과 02-2147-2608,,연중무휴,,,,,상시 개방,가능,,,,2025-09-23 09:29:31,2025-09-23 09:29:31
126525,12,1,0,0,02-568-1291,,매주 월요일,,,,,06:00~21:00,가능,,,,2025-09-23 09:29:31,2025-09-23 09:29:31
2764329,12,0,0,0,02-2231-5143,2015년 시민에게 개방,매주 월요일 / 1월1일 / 설·추석 기념 행사시(사전공지 예정),,,15인 내외,,10:00~18:00,불가능,,,,2025-09-23 09:29:31,2025-09-23 09:29:31
126919,12,0,0,0,관악구청 문화체육과 02-879-5607,,연중무휴,,,,,상시 개방,불가능,,,,2025-09-23 09:29:31,2025-09-23 09:29:31
128015,12,0,0,0,,,점포별 상이함,,,,,점포별 상이함,불가능,,,가능,2025-09-23 09:29:31,2025-09-23 09:29:31
126519,12,0,0,0,02-3425-6520,,"매주 월요일 / 1월 1일<br>※ 단, 월요일이 공휴일인 경우 그 다음 첫 번째 평일 휴관",선사체험교육 / 세계유산교육 / 문화관광해설,,,,09:30~18:00 (입장마감 17:30),가능 (105대),없음,,불가,2025-09-23 09:29:32,2025-09-23 09:29:32
250330,12,0,0,0,02-362-1891,,연중무휴,,,,,※ 자세한 사항은 전화문의 요망,가능,없음,,,2025-09-23 09:29:33,2025-09-23 09:29:33
127216,12,0,0,0,02-2600-6081,,연중무휴,,,,,상시 개방,불가능,,,,2025-09-23 09:29:33,2025-09-23 09:29:33
3057803,12,0,0,0,02-3494-0370,,"매주 월요일<br>※ 단, 월요일이 공휴일 및 대체공휴일과 겹칠 경우에는 개방하며, 그 다음의 첫 번째 비공휴일이 정기휴일임",,,,,"[2월~5월] 09:00~18:00 (입장마감 17:00)<br>
[6월~8월] 09:00~18:30 (입장마감 17:30)<br>
[9월~10월] 09:00~17:30 (입장마감 16:30)<br>
[11월~1월] 09:00~18:00 (입장마감 17:00)",불가능,,,,2025-09-23 09:29:33,2025-09-23 09:29:33
252532,12,0,0,0,연세대학교 신촌캠퍼스 1599-1885,,연중무휴,,,,,상시 개방,가능,없음,,없음,2025-09-23 09:29:33,2025-09-23 09:29:33
252534,12,0,0,0,02-2123-6203,,,,,,,,,없음,,없음,2025-09-23 09:29:34,2025-09-23 09:29:34
252533,12,0,0,0,02-330-1121,,연중무휴,,,,,,,없음,,없음,2025-09-23 09:29:34,2025-09-23 09:29:34
126527,12,0,0,0,02-962-0556,,"매주 월요일 (단, 월요일이 공휴일일 경우 다음날 휴무)",,,,,"- 11월~1월 09:00~17:30 (입장 마감 16:30)<br>
- 2월~5월 / 9월~10월 09:00~18:00 (입장 마감 17:00)<br>
- 6월~8월 09:00~18:30 (입장 마감 17:30)",가능,,,,2025-09-23 09:29:34,2025-09-23 09:29:34
250358,12,0,0,0,02-734-8369,,연중무휴,,,,,상시 개방,불가능,없음,,없음,2025-09-23 09:29:34,2025-09-23 09:29:34
127454,12,0,0,0,02-766-9090,,"매주 월요일(단, 월요일이 공휴일인 경우 정상 개장)","[해설프로그램] 별 헤는 밤, 운현궁<br>
[만들기체험] 전통 매듭 소품 만들기<br>
[콘서트] 운현궁 뜰 안의 역사콘서트<br>
[절기행사] 한가위 민속 한마당 / 설맞이 민속 한마당 / 단오맞이 민속 한마당",,,,"[4월~10월] 09:00~19:00(입장마감 18:30)<br>
[11월~3월] 09:00~18:00(입장마감 17:30)<br>
4월~11월 매주 금요일 야간개장 운영 09:00~21:00",없음,,,,2025-09-23 09:29:35,2025-09-23 09:29:35
250396,12,1,0,0,02-964-0579,,"매주 월요일<br>※ 단, 월요일이 공휴일인 경우 개방하며, 그 다음 첫 번째 평일에 휴관",,,,,"[2월~5월] 09:00~18:00 (입장마감 17:00)<br>
[6월~8월] 09:00~18:30 (입장마감 17:30)<br>
[9월~10월] 09:00~18:00 (입장마감 17:00)<br>
[11월~1월] 09:00~17:30 (입장마감 16:30)",가능,,,,2025-09-23 09:29:36,2025-09-23 09:29:36
3425093,12,0,0,0,02-738-0366,,,,,,,매일 10:00 ~ 20:00,,,,,2025-09-23 09:29:36,2025-09-23 09:29:36
250325,12,0,0,0,02-753-0001,,연중무휴,,,,,예배시간 홈페이지 참조,가능,,,,2025-09-23 09:29:36,2025-09-23 09:29:36
127616,12,1,0,0,02-914-5133,,"매주 월요일<br>※ 단, 월요일이 공휴일인 경우 개방하며, 그 다음 첫 번째 평일에 휴관",,,,,"[2월~5월] 06:00~18:00 (입장마감 17:00)<br>
[6월~8월] 06:00~18:30 (입장마감 17:30)<br>
[9월~10월] 06:00~18:00 (입장마감 17:00)<br>
[11월~1월] 06:30~17:30 (입장마감 16:30)",가능 (9대),,,,2025-09-23 09:29:36,2025-09-23 09:29:36
735749,12,0,0,0,광화문 관광안내소 02-735-8688,,점포 별로 상이함,,,,,점포 별로 상이함,불가능,없음,,없음,2025-09-23 09:29:37,2025-09-23 09:29:37
126526,12,1,0,0,02-972-0370,,"매주 월요일<br>※ 단, 월요일이 공휴일인 경우 개방하며, 그 다음 첫 번째 평일에 휴관",,,,,"- 2월~5월 09:00~18:00 (입장마감 17:00)<br>
- 6월~8월 09:00~18:30 (입장마감 17:30)<br>
- 9월~10월 09:00~18:00 (입장마감 17:00)<br>
- 11월~1월 09:00~17:30 (입장마감 16:30)",가능,,,,2025-09-23 09:29:37,2025-09-23 09:29:37
126520,12,0,0,0,송파구청 문화유산과 02-2147-2600,,연중무휴,,,,,상시 개방,가능,,,,2025-09-23 09:29:37,2025-09-23 09:29:37
126530,12,1,0,0,02-445-0347,,"매주 월요일<br>※ 단, 월요일이 공휴일인 경우 개방하며, 그 다음 첫 번째 평일에 휴관",,,,,"[2월~5월] 09:00~18:00 (입장마감 17:00)<br>
[6월~8월] 09:00~18:30 (입장마감 17:30)<br>
[9월~10월] 09:00~18:00 (입장마감 17:00)<br>
[11월~1월] 09:00~17:30 (입장마감 16:30)",가능,,,가능,2025-09-23 09:29:37,2025-09-23 09:29:37
127643,12,0,0,0,용산구청 공원녹지과 02-2199-7594,,연중무휴,,,,,상시 개방,가능,,,,2025-09-23 09:29:38,2025-09-23 09:29:38
128968,12,0,0,0,서울특별시청 총무과 02-2133-5640,,연중무휴,,,,,상시 개방,,,,,2025-09-23 09:29:38,2025-09-23 09:29:38
2554065,12,0,0,0,02-6311-3916,,매주 토요일~일요일 / 공휴일,차량사업소 견학,,최소 5명~최대 15명,,"둘째 주, 넷째 주 수요일 10:00~11:30<br>
※ 사전 예약 필수",가능,없음,,없음,2025-09-23 09:29:38,2025-09-23 09:29:38
1845253,12,0,0,0,"신정 기지 02-6110-6566<br>
수서 기지 02-6110-7555<br>
천왕 기지 02-6311-3532",,견학가능 시간 외,"- 비상시 열차 출입문 개·폐 방법<br>
- 비상통화장치 및 소화기 취급요령<br>
- 운전실 및 객실 견학 및 기기설명<br>
- 사진촬영",심신미약자 1명 당 보호자 1인 이상 동반<br>만12세 이하자 4명 당 보호자 1인 이상 동반,,,"[신정, 수서] <br>
첫째 주 / 셋째 주 수요일 14:00~15:30<br>
[천왕] <br>
첫째 주 / 셋째 주 수요일 10:00~11:30",,없음,,없음,2025-09-23 09:29:38,2025-09-23 09:29:38
3487744,12,0,0,0,0507-1339-4528,2024-08-23,매주 월요일,헬륨가스기구 탑승,전 연령,1회 당 최대 20명,,"[화요일~일요일] 12:00~22:00<br>
[성수기(4월~6월 / 9월~11월) 주말] 10:00~22:00",불가능,,,,2025-09-23 09:29:38,2025-09-23 09:29:38
3102534,12,0,0,0,1533-2158,,매주 화요일 / 설·추석 당일,,,,,09:00~18:00,불가능,,,,2025-09-23 09:29:38,2025-09-23 09:29:38
2495561,12,0,0,0,02-313-7017,,연중무휴,,,,,상시 개방,불가능,,,,2025-09-23 09:29:39,2025-09-23 09:29:39
2993173,12,0,0,0,02-3660-2125,,매주 월요일 / 법정공휴일 / 공단이 지정한 날,※ 일정 별로 진행하는 프로그램이 상이하므로 자세한 사항은 홈페이지 참조,,,,"화요일~일요일 10:00~17:00<br>
※ 회차별 운영 : 1회 10:00~12:00 / 2회 12:30~14:30 / 3회 15:00~17:00
※ 전시관람 정비시간 : 회차별 종료 후 30분",가능(219대),없음,,없음,2025-09-23 09:29:39,2025-09-23 09:29:39
2553908,12,0,0,0,02-2153-0400,,매주 일요일,새활용아카데미 / 꿈꾸는 공장,,,,"10:00~18:00<br>
※ 토요일의 경우, 소재은행은 새활용 탐방, 공간 및 장비사용 신청 사전 예약자에 한하여 방문 가능",가능,없음,,없음,2025-09-23 09:29:40,2025-09-23 09:29:40
1369066,12,0,0,0,여의도한강공원 02-3780-0561~6,,연중무휴,,,,,상시 개방,"가능 (1,782대)",없음,,없음,2025-09-23 09:29:40,2025-09-23 09:29:40
3060895,12,0,0,0,"한강이야기전시관 02-3780-0517<br>
미래한강본부 한강문화관광과 02-3780-0759",,,,,,,"- 평일 09:30~17:30<br>
- 주말 09:30~20:00",,,,,2025-09-23 09:29:41,2025-09-23 09:29:41
3013269,12,0,0,0,02-6272-0111,,,,,,,10:00~22:00,,,,,2025-09-23 09:29:43,2025-09-23 09:29:43
2773558,12,0,0,0,- 글빛도서관 02-6956-0559<br>- 물빛수영장 02-2241-0151<br>- 꿈빛극장 02-6953-3201<br>- 서울시청자미디어센터 02-6949-2380<br>- 미디어랩 02-6949-2393,,,,,,,"05:30~22:00<br>
※ 시설별 상이하므로 전화 문의",,,,,2025-09-23 09:29:44,2025-09-23 09:29:44
128611,12,0,0,0,02-460-2905~6,2005년 6월 18일,[서울숲/생태숲] 연중무휴<br>[곤충식물원/나비정원] 매주 월요일,,전 연령,,,"[서울숲] 상시 개방<br>
[생태숲] 05:30~21:30<br>
[곤충식물원] <br>
- 하절기(3월~10월) 10:00~17:00 (입장마감 16:30)<br>
- 동절기(11월~2월) 10:00~16:00 (입장마감 15:30)<br>
[나비정원] 10:00~17:00 (입장마감 16:30)<br>
※ 나비정원은 5월~10월에만 운영",가능 (211대),,,,2025-09-23 09:29:44,2025-09-23 09:29:44
3442142,12,0,0,0,02-460-2905,,매주 월요일,,,,,하절기 화~일 10:00~17:00 / 동절기 화~일 11:00~16:00,주차장 있음,,,,2025-09-23 09:29:44,2025-09-23 09:29:44
2589349,12,0,0,0,02-2104-9716,2019.05,"[주제원(온실, 주제정원)] 매주 월요일<br>[열린숲 / 호수원 / 습지원] 연중무휴<br>※ 기타 휴관일은 서울식물원 홈페이지 참조",,,,,"[주제원(온실, 주제정원)]<br>
- 평시(3월~10월) 09:30~18:00 (입장마감 17:00)<br>
- 동절기(11월~2월) 09:30~17:00 (입장마감 16:00)",가능 (184대),가능,,없음,2025-09-23 09:29:45,2025-09-23 09:29:45
2733983,12,0,0,0,02-2104-9716,2019년 5월,연중무휴,,,,,상시 개방,가능,,,,2025-09-23 09:29:45,2025-09-23 09:29:45
3060967,12,0,0,0,02-2066-4830,,,,,,,"- 화요일~금요일 10:00~19:00<br>
- 주말 및 공휴일 10:00~20:00",,,,,2025-09-23 09:29:45,2025-09-23 09:29:45
126490,12,0,0,0,02-450-9311,,연중무휴,,,,,05:00~22:00,가능 (979대),없음,,가능,2025-09-23 09:29:45,2025-09-23 09:29:45
3399181,12,0,0,0,02-390-4000,,연중무휴,,,,,상시 개방,가능,없음,,없음,2025-09-23 09:29:45,2025-09-23 09:29:45
2718257,12,0,0,0,02-534-5577,,,,,,,10:30~21:00 (입장마감 20:00),,없음,,없음,2025-09-23 09:29:46,2025-09-23 09:29:46
749216,12,0,0,0,서울창포원 02-954-0031,2009년 6월 7일,연중무휴,,,,,07:00~22:00,있음,없음,,없음,2025-09-23 09:29:46,2025-09-23 09:29:46
3036898,12,0,0,0,02-2063-3461,,매주 월요일 / 법정공휴일<br>※ 세부 일정은 예약페이지 참조,"XR 직업체험 / 메타버스 방탈출 / MR 메타월드 / AI 자율주행 / AI 크리에이팅 등<br>
※ 자세한 사항은 홈페이지 참조",,,,화요일~일요일 10:00~18:00,가능,,,,2025-09-23 09:29:46,2025-09-23 09:29:46
1829573,12,0,0,0,국가보훈부 1577-0606,,연중무휴,,,,,,불가능,없음,,,2025-09-23 09:29:47,2025-09-23 09:29:47
2661506,12,0,0,0,02-332-7500,,매주 월요일 / 1월 1일 / 설·추석 당일,,,,,"[하절기(3월~10월)]<br>
- 평일 10:00~19:00<br>
- 주말 10:00~20:00<br>
[동절기(11월~2월)]<br>
- 평일 10:00~18:00<br>
- 주말 10:00~18:00",불가능,,,,2025-09-23 09:29:47,2025-09-23 09:29:47
3351700,12,0,0,0,서초문화예술공원 관리사무소 02-2155-8601,,연중무휴,,,,,상시 개방,가능,,,,2025-09-23 09:29:47,2025-09-23 09:29:47
2037020,12,0,0,0,북촌마을안내소 02-2148-4161,,연중무휴,,,,,상시 개방,불가능,없음,,없음,2025-09-23 09:29:48,2025-09-23 09:29:48
1987566,12,0,0,0,코레일 1544-7788,2015년 02월 05일,※ 홈페이지 참조,,,254석,,※ 홈페이지 참조,,없음,,없음,2025-09-23 09:29:48,2025-09-23 09:29:48
3045027,12,0,0,0,북촌 재동관광안내소 02-2148-4160,,연중무휴,,,,,상시 개방,불가능,,,,2025-09-23 09:29:49,2025-09-23 09:29:49
754052,12,0,0,0,02-412-0190,1981. 11. 26,연중무휴,,,,,상시 개방,가능,불가,,,2025-09-23 09:29:49,2025-09-23 09:29:49
3449598,12,0,0,0,,,"매주 월요일,화요일 정기휴무",,,,,,,,,,2025-09-23 09:29:49,2025-09-23 09:29:49
2774283,12,0,0,0,02-731-0412,,연중무휴,,,,,상시,불가,없음,,없음,2025-09-23 09:29:49,2025-09-23 09:29:49
2661405,12,0,0,0,02-2631-9368,,연중무휴,,,,,06:00~24:00,불가능,,,,2025-09-23 09:29:50,2025-09-23 09:29:50
2660725,12,0,0,0,02-541-9270,,매월 첫 번째 월요일 / 1월 1일 / 설·추석 당일,프리미엄 한방 안티에이징 스파 / 컨템포러리 한방 밸런스 스파,,,,"[부띠끄] 10:00~19:00<br>
[설화수 스파 / 발란스 스파] 10:00~20:00",,없음,,없음,2025-09-23 09:29:50,2025-09-23 09:29:50
3418283,12,0,0,0,02-760-1472,,연중무휴,,,,,"[3월~10월] 09:00~18:00<br>
[11월~2월] 09:00~17:00<br>",가능,,,,2025-09-23 09:29:50,2025-09-23 09:29:50
1606096,12,0,0,0,02-434-7171,,,,,,,,없음,없음,,없음,2025-09-23 09:29:50,2025-09-23 09:29:50
2553911,12,0,0,0,02-2286-7811,,매주 일요일~월요일 / 법정공휴일,4차 산업 신기술 프로그램 체험,,,,09:00~21:00,가능,없음,,없음,2025-09-23 09:29:51,2025-09-23 09:29:51
3043900,12,0,0,0,성북역사문화센터 (관광안내소) 02-2241-2656,,연중무휴,,,,,상시 개방,불가능,,,,2025-09-23 09:29:51,2025-09-23 09:29:51
2733963,12,0,0,0,02-3673-4251,1975-09-08,연중무휴,,,,,"상시 개방<br>
※ 미사시간은 홈페이지 확인 요망",가능,없음,,없음,2025-09-23 09:29:51,2025-09-23 09:29:51
3043953,12,0,0,0,성북구청 공원녹지과 02-2241-3682,,연중 무휴,,,,,상시 개방,가능,,,,2025-09-23 09:29:51,2025-09-23 09:29:51
2650231,12,0,0,0,성동구 지역경제과 02-2286-7783,,점포 별로 상이함,,,,,점포 별로 상이함,,없음,,,2025-09-23 09:29:51,2025-09-23 09:29:51
2930901,12,0,0,0,성동구 성수관광안내소 02-466-2286,,점포 별로 상이함,,,,,점포 별로 상이함,가능,,,,2025-09-23 09:29:52,2025-09-23 09:29:52
2745594,12,0,0,0,010-8979-8122,,,,,,,10:00~22:00,,없음,,가능,2025-09-23 09:29:52,2025-09-23 09:29:52
1829589,12,0,0,0,서울 중부공원여가센터 02-3783-5924,,연중무휴,,,,,상시 개방,"가능 (서울 남산공원 주차장)<br>요금 (5분당 150원 / 1시간 1,800원)",,,,2025-09-23 09:29:55,2025-09-23 09:29:55
3520431,12,0,0,0,02-2600-4191,,연중무휴,,,,,상시 개방,불가능,,,,2025-09-23 09:29:55,2025-09-23 09:29:55
2760249,12,0,0,0,용산구청 공원녹지과 02-2199-7601,확인불가,연중무휴,,,,,상시 개방,불가능,없음,,,2025-09-23 09:29:55,2025-09-23 09:29:55
126494,12,0,0,0,서울 종로구청 문화유산과 02-2148-2038,,연중무휴,,,,,상시 개방,불가능,없음,,없음,2025-09-23 09:29:56,2025-09-23 09:29:56
3030336,12,0,0,0,강남구청 02-3423-5114,,점포 별로 상이함,,,,,점포 별로 상이함,,,,,2025-09-23 09:29:57,2025-09-23 09:29:57
970052,12,0,0,0,1566-3433,,시설 별로 상이함,,,,,시설 별로 상이함,가능,,,,2025-09-23 09:29:58,2025-09-23 09:29:58
2553876,12,0,0,0,02-2271-2344,,일요일 / 공휴일,"* 전시 : 서울시 도시재생사업 안내 전시 등</br>
* 투어 : 한발두발 세운투어 (종로3가, 세운상가, 청계상가, 대림상가 투어 / 월~토 14:00)</br>
* 교육 : 메이커 기술 등 프로그램 상시 진행</br>
 – 전시/투어/교육 등 자세한 사항은 안내센터로 문의<br />
* 신청방법 : ""http://sewoon.org/ > 투어 > 자세히보기",누구나,,,09:00~19:00(매장마다 다름),있음,없음,,없음,2025-09-23 09:29:58,2025-09-23 09:29:58
1364932,12,0,0,0,서울시청 광장관리팀 02-2133-1296,,연중무휴,,,,,상시 개방,불가능,불가,,없음,2025-09-23 09:29:58,2025-09-23 09:29:58
1604697,12,0,0,0,02-722-9598,2010년 11월 12일,연중무휴,,,,,상시,"가능 (세종로공영주차장)<br>요금 (1시간 5,160원 )",불가,,없음,2025-09-23 09:29:59,2025-09-23 09:29:59
2992822,12,0,0,0,02-3210-2003,,점포별 상이,,,,,점포별 상이,불가능,,,,2025-09-23 09:30:00,2025-09-23 09:30:00
319578,12,0,0,0,02-394-2145,,연중무휴,,,,,09:00~18:00,불가능,불가,,없음,2025-09-23 09:30:01,2025-09-23 09:30:01
3056155,12,0,0,0,중구청 공원녹지과 02-3396-5869,,연중무휴,,,,,상시 개방,가능,,,,2025-09-23 09:30:01,2025-09-23 09:30:01
3354733,12,0,0,0,02-901-6953,,연중무휴,,,,,상시 개방,불가능,,,,2025-09-23 09:30:03,2025-09-23 09:30:03
2994877,12,0,0,0,송파관광정보센터 02-2147-2109,,연중무휴,,,,,상시 개방,가능,없음,,가능,2025-09-23 09:30:03,2025-09-23 09:30:03
750901,12,0,0,0,02-936-5722,,연중무휴,,,,,일출~일몰,가능,없음,,없음,2025-09-23 09:30:04,2025-09-23 09:30:04
1829610,12,0,0,0,서대문관광안내소 독립공원점 0507-1445-3828,,연중무휴,,,,,상시 개방,가능,없음,,없음,2025-09-23 09:30:05,2025-09-23 09:30:05
2761745,12,0,0,0,송파구 자원활용과 02-2147-6380,,연중무휴,,전 연령,,,"- 공원 상시 개방<br>
- 홍보관 10:00~17:00",가능,없음,,가능,2025-09-23 09:30:06,2025-09-23 09:30:06
126489,12,0,0,0,송파어린이공원 02-413-0004,,매주 토요일~일요일 / 공휴일,교통학습체험,미취학 영유아 / 초등학생,,,09:00~18:00,가능,불가,,없음,2025-09-23 09:30:07,2025-09-23 09:30:07
2465130,12,0,0,0,02-2203-3330,,,,,,,"- 평일 09:00~22:00<br>
- 토요일 09:00~18:00",,없음,,,2025-09-23 09:30:07,2025-09-23 09:30:07
127219,12,0,0,0,02-356-2001,,연중무휴,템플스테이,,,,09:00~18:00,가능,,,,2025-09-23 09:30:08,2025-09-23 09:30:08
3504884,12,0,0,0,"02-931-3952<br>
02-2116-0897",,"매주 화요일 (단, 공휴일인 경우 그 다음날 휴장)",수락산 숲해설 / 수락정 국궁 체험 프로그램 / 택견 체험 등,초등학생 이상,권장숙박인원 82명 / 최대 숙박가능인원 105명,,"- 하절기(2월~10월) 09:00~18:00<br>
- 동절기(11월~3월) 09:00시~17:00<br>
- 숙박시설 입실 15시 / 퇴실 11시",가능 (숙박객 한정),,,,2025-09-23 09:30:08,2025-09-23 09:30:08
126483,12,0,0,0,서울 노원구 푸른도시과 02-2116-3966,,연중무휴,,,,,상시 개방,가능,불가,,없음,2025-09-23 09:30:09,2025-09-23 09:30:09
736370,12,0,0,0,02-950-3918,,,,,,,연중개방,가능,없음,,없음,2025-09-23 09:30:09,2025-09-23 09:30:09
485685,12,0,0,0,학림사 02-916-1700,,연중무휴,,,,,상시운영,,불가,,없음,2025-09-23 09:30:10,2025-09-23 09:30:10
2733962,12,0,0,0,02-2148-2844,월요일 ~ 일요일,연중무휴,,,,,상시 개방,불가능,없음,,없음,2025-09-23 09:30:10,2025-09-23 09:30:10
761264,12,0,0,0,02-2116-3114,,연중무휴,,,,,일출시~일몰시,수락산 공용주차장,없음,,없음,2025-09-23 09:30:10,2025-09-23 09:30:10
1829735,12,0,0,0,"서대문독립공원 관리사무소 02-3140-8305<br>
서대문구청 푸른도시과 02-330-1907",,연중무휴,,,,,상시 개방,가능,,,,2025-09-23 09:30:10,2025-09-23 09:30:10
753964,12,0,0,0,02-450-7576,,연중무휴,,,,,05:00~22:00,가능,,,,2025-09-23 09:30:11,2025-09-23 09:30:11
1606014,12,0,0,0,02-6358-5533,,"매주 월요일 (단, 월요일이 공휴일인 경우 정상 운영)",,,,,"- 하절기(4월~10월) 09:00~21:00<br>
- 동절기(11월~3월) 09:00~20:00",가능,,,,2025-09-23 09:30:11,2025-09-23 09:30:11
128162,12,0,0,0,02-779-8547,,매주 월요일,,,,,09:00~18:00 (입장 마감 17:50),불가능,,,,2025-09-23 09:30:12,2025-09-23 09:30:12
1604733,12,0,0,0,02-2148-4152,,연중무휴,,,,,상시 개방,불가능,없음,,없음,2025-09-23 09:30:12,2025-09-23 09:30:12
2850614,12,0,0,0,,,,,,,,점포 별로 상이함,,,,,2025-09-23 09:30:12,2025-09-23 09:30:12
2988927,12,0,0,0,010-5145-9546,,연중무휴,,,,,"평일 10:00~15:00<br>
주말 10:00~22:00",불가,없음,,가능,2025-09-23 09:30:12,2025-09-23 09:30:12
584698,12,0,0,0,02-545-4002,,연중무휴,,,,,상시 운영,가능,없음,,가능,2025-09-23 09:30:13,2025-09-23 09:30:13
3083482,12,0,0,0,0507-1446-5203,,,,,,,09:00~18:00 (휴게시간 12:00~13:00),,,,,2025-09-23 09:30:14,2025-09-23 09:30:14
126505,12,0,0,0,02-379-2996,,연중무휴,,,,,09:00~18:00,가능,,,,2025-09-23 09:30:14,2025-09-23 09:30:14
605445,12,0,0,0,02-732-2341,,연중무휴,,,,,"상시 개방<br>
※ 예배 시간은 홈페이지 참조",가능,불가,,없음,2025-09-23 09:30:15,2025-09-23 09:30:15
2794934,12,0,0,0,02-3213-1383~4,,연중무휴,페이셜 프로그램 / 바디프로그램 / 두피프로그램 / 산모관리프로그램 등,,,,10:00~22:00,가능,없음,,없음,2025-09-23 09:30:15,2025-09-23 09:30:15
2783484,12,0,0,0,서대문구청 푸른도시과 02-330-1708,2019년 11월,연중무휴,,,,,"- 4월~10월 09:00~18:00<br>
- 11월~3월 09:00~16:40",불가능,없음,,없음,2025-09-23 09:30:16,2025-09-23 09:30:16
699249,12,0,0,0,명동 관광정보센터 02-778-0333,,점포 별로 상이함,,,,,점포 별로 상이함,가능,불가,,가능,2025-09-23 09:30:16,2025-09-23 09:30:16
3447960,12,0,0,0,02-860-2114,,연중개방,,,,,,,,,,2025-09-23 09:30:16,2025-09-23 09:30:16
2755451,12,0,0,0,서울 관악구청 공원관리팀 02-879-6526,7월~8월,연중무휴,,,,,상시 개방,불가능,,,,2025-09-23 09:30:17,2025-09-23 09:30:17
2752552,12,0,0,0,강남구청 공원녹지과 02-3423-6244,,연중무휴,,,,,상시 개방,불가능,없음,,없음,2025-09-23 09:30:17,2025-09-23 09:30:17
987720,12,0,0,0,강남관광정보센터 02-3445-0111,,점포 별로 상이함,,,,,점포 별로 상이함,불가능,,,,2025-09-23 09:30:17,2025-09-23 09:30:17
2373333,12,0,0,0,서울 중구청 문화재관리팀 02-3396-5843,,연중무휴,,,,,상시 개방,불가능,없음,,없음,2025-09-23 09:30:18,2025-09-23 09:30:18
754003,12,0,0,0,02-2147-2001,,연중무휴,,,,,24시간,가능,불가,,없음,2025-09-23 09:30:19,2025-09-23 09:30:19
3082166,12,0,0,0,신촌관광안내센터 02-363-7833,,연중무휴,,,,,상시 개방,불가능,,,,2025-09-23 09:30:19,2025-09-23 09:30:19
2611887,12,0,0,0,양천구청 공원녹지과 02-2620-3576,,연중무휴,,,,,상시 개방,가능,없음,,없음,2025-09-23 09:30:19,2025-09-23 09:30:19
1245865,12,0,0,0,02-3477-2461,,,,,,,"09:00~18:00<br>
※ 시설 별로 상이함",,,,문화강좌,2025-09-23 09:30:20,2025-09-23 09:30:20
2756153,12,0,0,0,금천구 공원녹지과 02-2627-1654,1983년5월5일,연중무휴,,,,,상시 개방,불가능,없음,,없음,2025-09-23 09:30:20,2025-09-23 09:30:20
128553,12,0,0,0,02-736-0088,,연중무휴,천연비누 만들기 / 모루인형 만들기 / 테라리움 만들기 / 폰케이스 꾸미기 / 행운팔찌 만들기 등,,,,10:30~20:30,불가능,,,,2025-09-23 09:30:20,2025-09-23 09:30:20
591603,12,0,0,0,1522-9661,,화요일 / 수요일,,전연령,,,"워터파크 : 10:00~19:00<br>
사우나 : 07:00~22:00<br>
찜질방 : 07:00~21:30",가능,없음,,가능,2025-09-23 09:30:21,2025-09-23 09:30:21
2373420,12,0,0,0,0507-1309-1693,,연중무휴,,전 연령,,,10:00~18:00,불가능,없음,,가능,2025-09-23 09:30:21,2025-09-23 09:30:21
3074727,12,0,0,0,1833-6569,,연중무휴,"- 제로 스테이션 도슨트 투어<br>
- 아로마테라피 클래스 프로그램 : 에센셜오일을 활용한 블렌딩클래스<br>",,,,11:00~19:00 (휴게시간 13:00~14:00),"가능 <br>요금 (추가요금 30분당 3,000원 / 1일 최대 3,000원)",,,,2025-09-23 09:30:21,2025-09-23 09:30:21
2452842,12,0,0,0,02-3146-5946,,매주 월요일 / 1월 1일 / 설·추석 연휴,,3세~9세,,,"09:30~17:40<br>
※ 회차 별로 운영<br>
※ 사전 예약제",가능 (720대),,,,2025-09-23 09:30:22,2025-09-23 09:30:22
2722936,12,0,0,0,02-469-8600,2019-10-01,매주 월요일 / 설·추석 당일,스킨케어 클래스 / 메이크업&라이프 블렌딩 / 헤라 커스텀 매치 등,,,,10:30~20:30,불가능,,,,2025-09-23 09:30:22,2025-09-23 09:30:22
1603175,12,0,0,0,송파구청 공원녹지과 02-2147-3392,1986년 4월 30일,연중무휴,,,,,상시 개방,가능 (108대),없음,,없음,2025-09-23 09:30:23,2025-09-23 09:30:23
3357819,12,0,0,0,0507-1436-8611,,연중무휴,,만 14세 이상,,,10:30~19:30 (입장 마감 19:30),불가능,,,,2025-09-23 09:30:23,2025-09-23 09:30:23
129552,12,0,0,0,아차산관리사무소 02-450-1655,,연중무휴,,,,,상시 개방,가능,불가,,,2025-09-23 09:30:24,2025-09-23 09:30:24
2779539,12,0,0,0,아차산관리사무소 02-450-1655,,연중무휴,,,,,상시 개방,가능,없음,,,2025-09-23 09:30:24,2025-09-23 09:30:24
250352,12,0,0,0,서울 중랑구청 문화관광과 02-2094-1818,,연중무휴,,,,,상시 개방,,없음,,없음,2025-09-23 09:30:25,2025-09-23 09:30:25
742972,12,0,0,0,아차산관리사무소 02-450-1655,2001년 12월 31일,연중무휴,,,,,상시 개방,불가능,불가,,,2025-09-23 09:30:25,2025-09-23 09:30:25
2773309,12,0,0,0,02-3437-7234,,연중무휴,,,,,상시 개방,가능,없음,,가능,2025-09-23 09:30:26,2025-09-23 09:30:26
126518,12,0,0,0,서울 광진구청 문화체육과 02-450-7593,,연중무휴,,,,,상시 개방,불가능,,,,2025-09-23 09:30:27,2025-09-23 09:30:27
3523287,12,0,0,0,0507-1486-2420,,매주 월요일,아트클래스 체험 등,만 6세 이상,,,"12:00~20:00<br>
※ 요일별 시간 상이",,,,,2025-09-23 09:30:27,2025-09-23 09:30:27
749280,12,0,0,0,02-323-2240,,점포별 상이,,,,,점포별 상이,가능,불가,,없음,2025-09-23 09:30:28,2025-09-23 09:30:28
3450146,12,0,0,0,,,연중개방,,,,,,,,,,2025-09-23 09:30:28,2025-09-23 09:30:28
2774286,12,0,0,0,02-732-0772,2001년,연중무휴,,,,,09:00~18:00,가능,없음,,없음,2025-09-23 09:30:29,2025-09-23 09:30:29
2666751,12,0,0,0,02-6954-2910,,연중무휴,,,,,10:00~22:00,가능,,,,2025-09-23 09:30:29,2025-09-23 09:30:29
337413,12,0,0,0,02-763-4100,,연중무휴,,,,,상시 개방,불가능,불가,,없음,2025-09-23 09:30:29,2025-09-23 09:30:29
2612095,12,0,0,0,양천구청 공원녹지과 02-2620-3592,,연중무휴,,,,,상시 개방,가능,없음,,없음,2025-09-23 09:30:29,2025-09-23 09:30:29
3056724,12,0,0,0,안양 공원녹지과 02-2620-3592,,연중무휴,,,,,상시 개방,가능,,,,2025-09-23 09:30:30,2025-09-23 09:30:30
2774291,12,0,0,0,영등포구청 정원도시과 02-2670-3772,,연중무휴,,,,,상시 개방,가능,,,,2025-09-23 09:30:30,2025-09-23 09:30:30
1829741,12,0,0,0,공원녹지사업소 02-2125-0833,,연중무휴,,,,,상시 개방,가능,,,,2025-09-23 09:30:30,2025-09-23 09:30:30
126823,12,0,0,0,관광플라자 관광정보센터 02-6365-3100,,연중무휴,,,,,상시 개방,가능,불가,,없음,2025-09-23 09:30:30,2025-09-23 09:30:30
337422,12,0,0,0,02-2662-2551,,연중무휴,,,,,상시 개방,가능,,,,2025-09-23 09:30:30,2025-09-23 09:30:30
126918,12,0,0,0,02-877-7514,,연중무휴,,,,,10:00~22:00,가능,없음,,,2025-09-23 09:30:30,2025-09-23 09:30:30
2773271,12,0,0,0,서초구청 푸른도시과 02-2155-6865,,연중무휴,,,,,상시 개방,가능,,,,2025-09-23 09:30:31,2025-09-23 09:30:31
827585,12,0,0,0,서초구청 정원여가과 02-2155-7148,,연중무휴,,,,,상시 개방,가능,,,,2025-09-23 09:30:31,2025-09-23 09:30:31
2612214,12,0,0,0,양천구청 환경과 02-2620-487,,연중무휴,,,,,상시 개방,가능,없음,,없음,2025-09-23 09:30:31,2025-09-23 09:30:31
2612107,12,0,0,0,양천구 문화과 02-2620-3406,,연중무휴,,,,,점포별 상이,불가능,없음,,,2025-09-23 09:30:31,2025-09-23 09:30:31
1105980,12,0,0,0,"양천구청 교통과 02-2620-3709<br>
교육예약 070-7008-9870",,매주 토요일~일요일 / 법정공휴일,안전교육,,,,10:00 / 11:00 / 13:00,불가능,없음,,없음,2025-09-23 09:30:31,2025-09-23 09:30:31
2611669,12,0,0,0,02-2643-1365,,,내일그림 진로직업체험지원센터(2084-5414),,,,,,없음,,없음,2025-09-23 09:30:31,2025-09-23 09:30:31
2611575,12,0,0,0,02-2620-4397~9,,,심폐소생술체험 / 화재진압체험 / 연기피난체험 / 완강기체험 / 전기가스체험 등,,,,"[교육시간]<br>
- 평일 10:00~12:00 / 14:00~16:00<br>
※ 성인 위주로 하되 학교 등 단체 교육 가능<br>
- 첫째 주 토요일 10:00~12:00<br>
※  가족단위 교육(8세 이상)<br>
- 둘째 주 목요일 19:00~21:00<br>
※ 성인 위주 교육<br>
- 마지막 주 금요일 14:00~17:00<br>
※ 중복교육이수자 및 교직원 위주 교육<br>
<br>
[외상(현장)응급처치 교육]<br>
- 마지막 주 월요일~금요일 10:00~12:00<br>
※ 사전 전화 예약 필수<br>
※ 교육 인원, 대상 및 강사 인력에 따라 운영시간이 변동될 수 있으므로 자세한 사항은 홈페이지 참조",,없음,,없음,2025-09-23 09:30:32,2025-09-23 09:30:32
2751345,12,0,0,0,02-2652-3453,,1월 1일 / 설·추석 연휴 / 평일 법정공휴일 / 대체 공휴일 / 근로자의 날 / 대학수학능력시험일 / 기타 시설정비일,,,,,"[1월 / 12월] 08:00~18:00<br>
[2월 / 10월~11월] 07:00~18:00<br>
[3월~4월] 07:00~19:00<br>
[5월] 06:00~19:00<br>
[6월~7월] 06:00~20:00<br>
[8월~9월] 06:00~19:00<br>
※ 일출·일몰 시간에 따라 월별 운영",가능,없음,,가능,2025-09-23 09:30:32,2025-09-23 09:30:32
127215,12,0,0,0,02-2659-0076,,매주 월요일,"[교육프로그램]<br>
- 실천예절 / 서경 / 한시 / 사서 / 선비와 향교 / 시경 / 천자문 / 추구 및 명심보감 / 중국어 초급 / 홀기와 축문 / 수공예와 뉴스포츠 / 시문작법 / 서예 및 문인화<br>
- 강의대상 : 양처향교 유림 및 지역주민<br>
- 수업시간 : 2시간(각 1시간 45분 강의 / 15분 휴식)<br>
- 수업료 : 무료<br>
- 수강신청 : 홈페이지>교육프로그램>온라인수강신청",,,,10:00~16:00 (점심시간 12:00~13:00),불가,불가,,없음,2025-09-23 09:30:32,2025-09-23 09:30:32
126938,12,0,0,0,02-332-9174,2005년 5월,매주 일요일,,,,,월요일~토요일 10:00~17:00,가능<br>※ 대형버스는 망원 제1주차장 이용 요망,불가,,없음,2025-09-23 09:30:32,2025-09-23 09:30:32
1059877,12,0,0,0,02-3780-0581~3,,연중무휴,,,,,상시 개방,가능 (501대),가능,,없음,2025-09-23 09:30:33,2025-09-23 09:30:33
3433029,12,0,0,0,"070-4443-1228<br>	
02)716-9345",,연중무휴,,,,,"10:00 ~ 17:00<br>
매주 월요일 휴관 (월요일이 공휴일인 경우 다음날 휴관), 설날·추석 당일 휴관","약 20대 정도 이용 가능 첫 30분 무료; 이후 10분 당 500원 일일주차 20,000원",가능,,,2025-09-23 09:30:33,2025-09-23 09:30:33
2561208,12,0,0,0,02-2153-0760,2017-09-27,매주 월요일 / 설날·추석,,만 24개월~만 8세,,,10:30~18:30,가능<br>요금 (5분당 400원),없음,,가능,2025-09-23 09:30:33,2025-09-23 09:30:33
3442375,12,0,0,0,02-2286-5664,,연중무휴,,,,,24시간/물놀이장 10~17시,,,,,2025-09-23 09:30:33,2025-09-23 09:30:33
3082398,12,0,0,0,0507-1318-2428,,연중무휴,,,,,"- 평일 11:00~23:00<br>
- 주말 11:00~24:00",불가능,,,,2025-09-23 09:30:33,2025-09-23 09:30:33
2592885,12,0,0,0,0507-1305-3485,,매주 일요일,뷰티컨설팅 / 뷰티케어 / 메이크업 등,,,,"월요일~금요일 10:00~20:00<br>
토요일 10:00~19:00",가능,불가,,가능,2025-09-23 09:30:33,2025-09-23 09:30:33
2591819,12,0,0,0,02-860-2282,,연중무휴,,,,,상시 개방,불가능,,,,2025-09-23 09:30:33,2025-09-23 09:30:33
127955,12,0,0,0,02-761-4078~9,,연중개방,,,,,24시간,없음,없음,불가,없음,2025-09-23 09:30:34,2025-09-23 09:30:34
2774305,12,0,0,0,02-761-4078~9,,연중무휴,,,,,상시 개방,가능,없음,,가능,2025-09-23 09:30:34,2025-09-23 09:30:34
809596,12,0,0,0,"여의도샛강생태공원 02-3780-0570<br />
한강사업본부 생태과 02-3780-0855",,연중개방,"생태 프로그램<br>
 &nbsp; - 운영 기간 : 1 ~ 12월(연중)<br>
 &nbsp; - 내 용 : 생태 해설 프로그램, 자연 관찰, 자연 놀이 등 12종<br> &nbsp; - 기타 문의사항 : 여의도샛강 안내센터(☏3780-0570~1), 한강사업본부 생태과(☏3780-0855)",,,,상시,가능 (여의도 한강공원샛강생태공원주차장),없음,없음,없음,2025-09-23 09:30:34,2025-09-23 09:30:34
1059479,12,0,0,0,02-3780-0561~6,,연중무휴,,,,,상시 개방,"가능 (1,782대)",,,,2025-09-23 09:30:34,2025-09-23 09:30:34
2760268,12,0,0,0,02-3780-0561~6,,연중무휴,,,,,상시 개방,"가능 (1,782대)",없음,,없음,2025-09-23 09:30:35,2025-09-23 09:30:35
2391348,12,0,0,0,서초구청 정원여가과 02-2155-7167,,연중무휴,,,,,상시 개방,가능,,,,2025-09-23 09:30:35,2025-09-23 09:30:35
2752545,12,0,0,0,02-3423-6245,,연중무휴,,,,,상시,,없음,,없음,2025-09-23 09:30:35,2025-09-23 09:30:35
2733864,12,0,0,0,02-553-0801,1984-08-01,연중무휴,,,,,"[미사 및 성사 시간]<br>
- 월요일 06:00 / 10:00<br>
- 화요일 06:00 / 10:00 / 19:00<br>
- 수요일 06:00 / 10:00 / 19:00<br>
- 목요일 06:00 / 10:00 / 19:00<br>
- 금요일  06:00 / 10:00 / 19:00<br>
- 토요일 06:00 / 19:00<br>
- 일요일 06:30 / 09:00 / 10:00 / 11:00 / 16:00 / 18:00<br>
※ 자세한 사항은 홈페이지 참조",가능,없음,,없음,2025-09-23 09:30:35,2025-09-23 09:30:35
2500201,12,0,0,0,마포관광정보센터 02-334-7878,,연중무휴,,,,,상시 개방,,없음,,없음,2025-09-23 09:30:35,2025-09-23 09:30:35
2784040,12,0,0,0,마포관광정보센터 02-334-7878,,점포별 상이,,,,,점포별 상이,불가능,없음,,없음,2025-09-23 09:30:35,2025-09-23 09:30:35
264375,12,0,0,0,02-120 (다산콜센터),,,,,,,,,불가,,없음,2025-09-23 09:30:36,2025-09-23 09:30:36
2611679,12,0,0,0,에코스페이스 연의 02-2603-0203,,연중무휴,연의 에코 패밀리,,,,상시 개방,불가능,,,,2025-09-23 09:30:36,2025-09-23 09:30:36
337508,12,0,0,0,02-962-6186,,연중무휴,,,,,08:00~19:00 (휴게시간 11:30~12:00),가능,,,,2025-09-23 09:30:36,2025-09-23 09:30:36
3056152,12,0,0,0,02-120,,연중무휴,,,,,상시 개방,,,,,2025-09-23 09:30:36,2025-09-23 09:30:36
749355,12,0,0,0,02-323-2240,,점포별 상이,,,,,점포별 상이,,불가,,가능,2025-09-23 09:30:36,2025-09-23 09:30:36
1603237,12,0,0,0,영등포구청 정원도시과 02-2670-3716,,연중무휴,,,,,상시 개방,가능,없음,,없음,2025-09-23 09:30:37,2025-09-23 09:30:37
3413573,12,0,0,0,youngchive.official@gmail.com,,연중무휴,,,,,상시운영,불가,,,가능,2025-09-23 09:30:37,2025-09-23 09:30:37
337546,12,0,0,0,02-444-4321,,연중무휴,,,,,"하절기 06:00~19:00<br>
동절기 06:00~20:00",가능,,,,2025-09-23 09:30:38,2025-09-23 09:30:38
127016,12,0,0,0,02-701-5501,,평일 (학생 안전강화로 인해 주말에만 개방),,,,,주말 09:00~17:00,가능,,,,2025-09-23 09:30:38,2025-09-23 09:30:38
754063,12,0,0,0,02-400-0978,,연중무휴,,,,,상시 개방,가능,,,,2025-09-23 09:30:39,2025-09-23 09:30:39
866393,12,0,0,0,"강북구청 공원녹지과 02-901-6929<br>
성북구청 공원녹지과 02-2241-3665",1987년 4월 27일,연중무휴,,,,,상시 개방,가능,,,,2025-09-23 09:30:39,2025-09-23 09:30:39
3085458,12,0,0,0,강북구청 공원녹지과  02-901-6953,,연중무휴,,,,,상시 개방,불가능,,,,2025-09-23 09:30:40,2025-09-23 09:30:40
2778135,12,0,0,0,오류1동 주민센터 02-2620-7450,,연중무휴,,,,,상시 개방,가능,없음,,없음,2025-09-23 09:30:40,2025-09-23 09:30:40
2611735,12,0,0,0,양천구청 공원녹지과 02-2620-3576,,연중무휴,,,,,상시 개방,불가능,없음,,없음,2025-09-23 09:30:40,2025-09-23 09:30:40
2029564,12,0,0,0,010-5060-5250,,연중무휴,한국 가정식 요리 수업,,,,"10:00~13:00<br>
※ 예약 필수",가능,없음,,가능,2025-09-23 09:30:40,2025-09-23 09:30:40
2518733,12,0,0,0,0507-1364-5252,,설날·추석 / 1월 1일 / 12월 25일,FACIAL CARE / REFRESH CARE / SPECIAL CARE 등,,,,10:00~22:00,불가능,없음,,가능,2025-09-23 09:30:40,2025-09-23 09:30:40
337557,12,0,0,0,02-395-4031,,연중무휴,,,,,09:00~18:00,가능 (약 4대),불가,,없음,2025-09-23 09:30:40,2025-09-23 09:30:40
814255,12,0,0,0,구로구 공원녹지과 02-860-2396,1971년 8월 6일,연중무휴,,,,,상시 개방,불가능,없음,,없음,2025-09-23 09:30:41,2025-09-23 09:30:41
2591824,12,0,0,0,서울 구로구 공원녹지과 02-860-2396,,연중무휴,,,,,상시 개방,불가능,없음,,없음,2025-09-23 09:30:41,2025-09-23 09:30:41
2589659,12,0,0,0,02-730-1719,2016년 5월,연중무휴,"오픈케어 / 페이셜 / 바디케어 / 두피케어 / 단유 프로그램<br>
※ 자세한 사항은 홈페이지 참조",,,,"- 평일 10:00~18:00<br>
- 주말 10:00~17:00",가능 <br>요금 (무료),,,,2025-09-23 09:30:41,2025-09-23 09:30:41
126532,12,0,0,0,02-410-1114,1986년 4월,연중무휴,,,,,"- 도보 및 자전거 출입 05:00~22:00 (광장지역 24:00)<br>
- 차량출입 06:00~22:00<br>
※ 시설물 안전과 방문객의 신변보호를 위해 22시 이후에는 공원 안쪽으로 출입금지<br>
※ 심야 행사 시에는 출입문 개방 조정",가능,,,,2025-09-23 09:30:41,2025-09-23 09:30:41
2758192,12,0,0,0,02-410-1114,,연중무휴,,,,,05:00~22:00,가능,,,,2025-09-23 09:30:41,2025-09-23 09:30:41
2761797,12,0,0,0,02-410-1114,,연중무휴,,,,,상시 개방,가능,없음,,가능,2025-09-23 09:30:42,2025-09-23 09:30:42
250131,12,0,0,0,서울특별시청 교량안전과 02-2133-1954,,연중무휴,,,,,상시 개방,불가능,없음,,없음,2025-09-23 09:30:42,2025-09-23 09:30:42
1019041,12,0,0,0,종로구청 도시녹지과 02-2148-2832,1984년 4월 1일,연중무휴,,,,,상시 개방,불가능,없음,,없음,2025-09-23 09:30:42,2025-09-23 09:30:42
2946110,12,0,0,0,0507-1361-3688,,연중무휴,원데이 클래스,,,,"- 평일 10:00~22:00<br>
- 주말 10:00~18:00",불가능,,,,2025-09-23 09:30:42,2025-09-23 09:30:42
3444605,12,0,0,0,,,,,,,,,,,,,2025-09-23 09:30:42,2025-09-23 09:30:42
2758125,12,0,0,0,02-798-2457,,연중무휴,,,,,상시 개방,불가,없음,,가능,2025-09-23 09:30:43,2025-09-23 09:30:43
337562,12,0,0,0,02-937-8206,,연중무휴,,,,,,불가능,불가,,없음,2025-09-23 09:30:43,2025-09-23 09:30:43
2721231,12,0,0,0,,,상점마다 상이,,,,,상점마다 상이,,없음,없음,없음,2025-09-23 09:30:43,2025-09-23 09:30:43
2761437,12,0,0,0,02-436-5800,,연중무휴,,,,,"10:00~18:00<br>
※ 촬영 시 변동 가능성 있음",가능,없음,,가능,2025-09-23 09:30:43,2025-09-23 09:30:43
814123,12,0,0,0,서울 중랑구청 공원녹지과  02-2094-2355,,연중무휴,,,,,상시 개방,가능,,,,2025-09-23 09:30:43,2025-09-23 09:30:43
126825,12,0,0,0,"용마폭포공원 관리사무소 02-2094-2965<br>
중랑구청 공원녹지과 02-2094-2353",1993년 5월,연중무휴,,,,,상시 개방,가능,,,,2025-09-23 09:30:44,2025-09-23 09:30:44
126499,12,0,0,0,02-792-5661,,연중무휴,,,,,상시 개방,가능,,,,2025-09-23 09:30:44,2025-09-23 09:30:44
2783317,12,0,0,0,070-4224-1708,,"매주 월요일 / 1월 1일 / 설·추석 당일<br>※ 단, 월요일이 공휴일인 경우 그 다음날 휴관",,,,,09:00~18:00 (입장마감 17:00),가능,,,,2025-09-23 09:30:44,2025-09-23 09:30:44
3458416,12,0,0,0,07042241708,,매주 월요일,,,,,"화~금 09:00~17:30, 토일 09:00~21:00 (운영시간 1시간 전 입장마감)",,,,,2025-09-23 09:30:44,2025-09-23 09:30:44
1103054,12,0,0,0,02-719-3301,설립 : 1942년 1월 말,,,,,,,가능,없음,,없음,2025-09-23 09:30:45,2025-09-23 09:30:45
3400843,12,0,0,0,070-8833-5800,,"매주 월요일 / 1월 1일 / 설·추석 당일<br>※ 단, 월요일이 공휴일 또는 대체공휴일과 겹치는 경우에는 그 다음날에 휴관",,,,,"- 화요일~금요일 / 일요일 09:00~18:00 (입장마감 17:00 / 내부시설 마감 17:30)<br>
- 토요일 09:00~21:00 (입장마감 20:00 / 내부시설 마감 20:30)",불가능,,,,2025-09-23 09:30:45,2025-09-23 09:30:45
2758150,12,0,0,0,용산역 관광안내소 02-3780-5555,,연중무휴,,,,,상시 개방,가능,없음,,,2025-09-23 09:30:45,2025-09-23 09:30:45
2714856,12,0,0,0,서울 동작구 공원녹지과 02-820-1395,,연중무휴,,,,,상시 개방,불가능,없음,,없음,2025-09-23 09:30:45,2025-09-23 09:30:45
1116877,12,0,0,0,02-2620-3574,,연중무휴,,,,,상시 개방,가능,,,,2025-09-23 09:30:45,2025-09-23 09:30:45
1116758,12,0,0,0,용왕산근린공원 02-2620-3574,,연중무휴,,,,,상시 개방,가능,,,,2025-09-23 09:30:46,2025-09-23 09:30:46
1829744,12,0,0,0,배재고등학교 02-429-1885,,연중무휴,,,,,"상시 개방<br>
※ 교내에 위치함으로 전화 문의 후 방문 바람",가능,,,,2025-09-23 09:30:46,2025-09-23 09:30:46
2373360,12,0,0,0,02-734-8851,,매주 월요일,,,,,상시 개방,불가능,없음,,없음,2025-09-23 09:30:46,2025-09-23 09:30:46
2756589,12,0,0,0,02-3436-0005,,연중무휴,,,,,05:30~21:00,가능,없음,,가능,2025-09-23 09:30:46,2025-09-23 09:30:46
2779508,12,0,0,0,서초구 푸른도시과 02-2155-6883,,연중무휴,,,,,상시 개방,가능,없음,,없음,2025-09-23 09:30:46,2025-09-23 09:30:46
2757831,12,0,0,0,서초구청 푸른도시과 02-2155-6883,2004년 07월 23일,연중무휴,,,,,상시 개방,가능,,,,2025-09-23 09:30:47,2025-09-23 09:30:47
758299,12,0,0,0,02-997-8365(북한산우이분소),,연중무휴,,,,,"국립공원 입산 시간 : 일출 전 2시간<br />
국립공원 하산 시간 : 일몰 후 2시간",우이동계곡 식당이나 카페 주차장,없음,없음,없음,2025-09-23 09:30:47,2025-09-23 09:30:47
3065955,12,0,0,0,02-901-6933,,연중무휴,,,,,상시 개방,불가능,,,,2025-09-23 09:30:47,2025-09-23 09:30:47
126495,12,0,0,0,서울시 강북구 문화관광과 02-901-6202,,점포 별로 상이함,,,,,점포 별로 상이함,가능,없음,,없음,2025-09-23 09:30:47,2025-09-23 09:30:47
3076160,12,0,0,0,02-2600-4185,,연중무휴,,,,,상시 개방,가능,,,,2025-09-23 09:30:48,2025-09-23 09:30:48
2675091,12,0,0,0,02-2091-3765,,,,,,,상시,있음,없음,없음,없음,2025-09-23 09:30:48,2025-09-23 09:30:48
346995,12,0,0,0,02-954-9944,,연중무휴,,,,,상시 개방,불가능,,,,2025-09-23 09:30:48,2025-09-23 09:30:48
128021,12,0,0,0,02-300-5500,2002년 5월 1일,연중무휴,,,,,"- 12월/1월/2월 07:00~18:00<br>
- 3월 06:00~20:00<br>
- 4월/9월 05:30~20:00<br>
- 5월 05:00~20:00<br>
- 6월/7월 05:00~20:30<br>
-8월 05:30~20:30<br>
- 10월 06:00~19:00<br>
- 11월 06:30~19:00",가능,없음,,,2025-09-23 09:30:49,2025-09-23 09:30:49
3058015,12,0,0,0,02-300-5574,,연중무휴,유아 숲 체험 프로그램,,,,상시 개방,가능,,,,2025-09-23 09:30:49,2025-09-23 09:30:49
2993194,12,0,0,0,070-7722-9284,,,,,,,"평일 09:00~22:00(휴게시간 13:30~18:50)<br>
주말 10:30~16:30<br>
※ 자세한 이용시간은 예매페이지 확인",,,,,2025-09-23 09:30:49,2025-09-23 09:30:49
1829586,12,0,0,0,1577-0606,,,,,,,,있음,없음,,없음,2025-09-23 09:30:50,2025-09-23 09:30:50
1828605,12,0,0,0,02-2125-0848,,연중무휴,,,,,,,없음,없음,없음,2025-09-23 09:30:50,2025-09-23 09:30:50
1829821,12,0,0,0,국가보훈부 1577-0606,,연중무휴,,,,,05:00~22:00,가능,,,,2025-09-23 09:30:51,2025-09-23 09:30:51
605539,12,0,0,0,종로구청 관광체육과 02-2148-1855,,연중무휴,,,,,상시 개방,불가능,없음,,없음,2025-09-23 09:30:52,2025-09-23 09:30:52
2743740,12,0,0,0,02-2204-6028,,"매주 토요일, 일요일",창의융합교실 / 근화원 / 축구교실,,,,09:00~18:00,가능,없음,,가능,2025-09-23 09:30:52,2025-09-23 09:30:52
2777943,12,0,0,0,070-8992-9720,,매주 월요일 / 설·추석 당일,,,,,"- 화요일~토요일 10:00~18:00<br>
- 일요일 10:00~17:00",불가능,없음,,없음,2025-09-23 09:30:53,2025-09-23 09:30:53
2993372,12,0,0,0,02-2148-2155,,연중무휴,,,,,상시 개방,,,,,2025-09-23 09:30:53,2025-09-23 09:30:53
2787181,12,0,0,0,윤동주문학박물관 02-2148-4175,,연중무휴,,,,,상시 개방,불가능,없음,,없음,2025-09-23 09:30:53,2025-09-23 09:30:53
250134,12,0,0,0,02-2148-1842,,,,,,,,,없음,,없음,2025-09-23 09:30:53,2025-09-23 09:30:53
2754732,12,0,0,0,02-459-9451~2,,연중무휴,,,,,상시 개방,가능,,,,2025-09-23 09:30:53,2025-09-23 09:30:53
2759917,12,0,0,0,서대문구 푸른도시과 02-330-1708,,연중무휴,,,,,상시 개방,불가능,,,,2025-09-23 09:30:54,2025-09-23 09:30:54
2751890,12,0,0,0,강남구청 공원녹지과 02-3423-6247,,연중무휴,,,,,상시 개방,불가능,없음,,없음,2025-09-23 09:30:54,2025-09-23 09:30:54
2724392,12,0,0,0,02-351-6114,,연중무휴,한옥체험,,,,상시 개방,가능,,,,2025-09-23 09:30:54,2025-09-23 09:30:54
2994062,12,0,0,0,,,점포 별로 상이함,,,,,점포 별로 상이함,불가능,,,,2025-09-23 09:30:54,2025-09-23 09:30:54
2591826,12,0,0,0,서울 구로구 위생과 02-860-3233,,점포 별로 상이함,,,,,점포 별로 상이함,가능,없음,,없음,2025-09-23 09:30:54,2025-09-23 09:30:54
1874105,12,0,0,0,02-2286-6061,,연중무휴,,,,,상시 개방,가능,,,,2025-09-23 09:30:55,2025-09-23 09:30:55
2757822,12,0,0,0,성동구도시관리공단 02-2204-7676,,1월 1일 / 설·추석 연휴,,,,,06:00~22:00,가능,없음,,가능,2025-09-23 09:30:55,2025-09-23 09:30:55
713110,12,0,0,0,02-302-1666(대림시장),,,,,,,09:00~18:00 (점포별 상이),가능,불가,,가능,2025-09-23 09:30:55,2025-09-23 09:30:55
1829827,12,0,0,0,02-2199-7245,,주말 / 공휴일,,,,,09:00~18:00,가능,,,,2025-09-23 09:30:55,2025-09-23 09:30:55
2667611,12,0,0,0,신촌 관광안내센터 02-363-7833,,연중무휴,,,,,상시 개방,불가능,없음,,없음,2025-09-23 09:30:55,2025-09-23 09:30:55
126701,12,0,0,0,02-6291-6900,,연중무휴,,전 연령,,,"- 평일 14:00~21:00<br>
- 주말 11:00~21:00",가능,없음,,가능,2025-09-23 09:30:55,2025-09-23 09:30:55
1835181,12,0,0,0,02-2125-0848,,연중무휴,,,,,상시 개방,가능,,,,2025-09-23 09:30:56,2025-09-23 09:30:56
3044977,12,0,0,0,0507-1319-8374,,매주 월요일,,,,,10:00~17:00 (12:00~13:00 휴게시간),불가능,,,,2025-09-23 09:30:56,2025-09-23 09:30:56
1835201,12,0,0,0,국가보훈부 1577-0606,,연중무휴,,,,,상시 개방,가능,,,,2025-09-23 09:30:56,2025-09-23 09:30:56
2373363,12,0,0,0,02-3396-5842,,연중무휴,,,,,상시 개방,불가능,없음,,없음,2025-09-23 09:30:56,2025-09-23 09:30:56
3043967,12,0,0,0,02-741-5161,,매주 월요일,,,,,10:00~17:00,가능,,,,2025-09-23 09:30:56,2025-09-23 09:30:56
970636,12,0,0,0,02-3780-0551~4,,연중무휴,,,,,상시 개방,가능 (371대),없음,,없음,2025-09-23 09:30:56,2025-09-23 09:30:56
2373364,12,0,0,0,서울 중구청 문화재관리팀 02-3396-5843,,연중무휴,,,,,상시 개방,불가,없음,,없음,2025-09-23 09:30:57,2025-09-23 09:30:57
1835206,12,0,0,0,서울우신초등학교 02-833-6421,,연중무휴,,,,,상시 개방,불가능,없음,,없음,2025-09-23 09:30:57,2025-09-23 09:30:57
126999,12,0,0,0,이태원 관광안내소 02-3785-0942,,※ 점포 별로 상이함,,,,,※ 점포 별로 상이함,가능,,,,2025-09-23 09:30:57,2025-09-23 09:30:57
1019182,12,0,0,0,02-797-5119,,매장에 따라 상이,,,,,,불가능,,,(매장에 따라 가능),2025-09-23 09:30:57,2025-09-23 09:30:57
2650771,12,0,0,0,02-2199-6114,,점포별 상이,,,,,점포별 상이,불가능,없음,,없음,2025-09-23 09:30:58,2025-09-23 09:30:58
2401910,12,0,0,0,02-2199-6114,,업체별 상이,,,,,업체별 상이,,,,,2025-09-23 09:30:58,2025-09-23 09:30:58
2650046,12,0,0,0,남인사동 관광안내소 02-737-7885,,점포 별로 상이함,,,,,점포 별로 상이함,불가능,없음,,없음,2025-09-23 09:30:58,2025-09-23 09:30:58
2946228,12,0,0,0,,,,,,,,,,,,,2025-09-23 09:30:58,2025-09-23 09:30:58
264353,12,0,0,0,"북인사동 관광안내소 02-734-0222<br/>
남인사동 관광안내소 02-737-7885",,연중무휴,,,,,상시,가능 (공영주차장)<br>요금 (5분당 400원),없음,,없음,2025-09-23 09:30:58,2025-09-23 09:30:58
348804,12,0,0,0,02-2148-1114,,연중무휴,,,,,상시 개방,,불가,,없음,2025-09-23 09:30:58,2025-09-23 09:30:58
126479,12,0,0,0,종로구청 도시녹지과 02-2148-2835,,연중무휴,,,,,상시 개방,,없음,,없음,2025-09-23 09:30:59,2025-09-23 09:30:59
2764331,12,0,0,0,02-731-1165,,연중무휴,,,,,상시 개방,가능,없음,,없음,2025-09-23 09:30:59,2025-09-23 09:30:59
3354488,12,0,0,0,종로구청 도시녹지과 02-2148-2835,,,,,,,화요일~일요일 10:00~17:00,,,,,2025-09-23 09:30:59,2025-09-23 09:30:59
2994661,12,0,0,0,070-4090-8005,,,,,,,11:00~21:00,,없음,,,2025-09-23 09:30:59,2025-09-23 09:30:59
1835256,12,0,0,0,1577-0606,,연중무휴,,,,,,,없음,없음,없음,2025-09-23 09:30:59,2025-09-23 09:30:59
2773291,12,0,0,0,서울물재생시설공단 02-3411-9890,2017년,연중무휴,,,,,상시 개방,가능,,,,2025-09-23 09:31:00,2025-09-23 09:31:00
2773317,12,0,0,0,서울 강동구청 푸른도시과 02-3425-6452,,연중무휴,오감만족허브체험 / 천체관측체험,,,,상시 개방,,없음,,없음,2025-09-23 09:31:00,2025-09-23 09:31:00
127378,12,0,0,0,강동구청 푸른도시과 02-3425-6447,,연중무휴,,,,,상시 개방,가능 (63대),,,,2025-09-23 09:31:00,2025-09-23 09:31:00
3043794,12,0,0,0,02-450-7784,,매주 월요일,,,,,09:00~18:00,불가능,,,,2025-09-23 09:31:00,2025-09-23 09:31:00
331506,12,0,0,0,02-2670-3114,1977년 5월 1일,연중무휴,,,,,상시 개방,가능,,,,2025-09-23 09:31:00,2025-09-23 09:31:00
2401757,12,0,0,0,광진구청 문화체육과 02-450-7582,,점포마다 다름,,,,,,,없음,,없음,2025-09-23 09:31:01,2025-09-23 09:31:01
126917,12,0,0,0,0507-1441-9680,,연중무휴,,,,,09:00~17:00,,없음,,없음,2025-09-23 09:31:01,2025-09-23 09:31:01
2774464,12,0,0,0,02-402-5526,,연중무휴,,,,,"[축구장]<br>
06:00~22:00<br>
[야구장]<br>
06:00~18:00<br>
[풋살장]<br>
06:00~22:00<br>
[소프트테니스장]<br>
06:00~22:00<br>
[파크골프장 하절기]<br>
07:00~19:00<br>
[파크골프장 동절기]<br>
08:00~18:00",가능,없음,,,2025-09-23 09:31:01,2025-09-23 09:31:01
970460,12,0,0,0,02-3780-0511~4,,연중무휴,,,,,상시 개방,가능,,,,2025-09-23 09:31:01,2025-09-23 09:31:01
970342,12,0,0,0,02-3780-0531~3,,연중무휴,,,,,상시 개방,가능 (722대),,,,2025-09-23 09:31:01,2025-09-23 09:31:01
2611601,12,0,0,0,양천구 문화과 02-2620-3406,,연중무휴,,,,,상시 개방,불가능,없음,,,2025-09-23 09:31:04,2025-09-23 09:31:04
3043878,12,0,0,0,성북구 관광안내소  02-2241-2656,,연중무휴,,,,,상시 개방,가능,,,,2025-09-23 09:31:04,2025-09-23 09:31:04
2763675,12,0,0,0,동대문구청 정원도시과 02-2127-4775,,연중무휴,,,,,상시 개방,가능,,,,2025-09-23 09:31:04,2025-09-23 09:31:04
126491,12,0,0,0,서울 중구청 공원녹지과 02-3396-5854,,연중무휴,,,,,상시 개방,가능,,,,2025-09-23 09:31:05,2025-09-23 09:31:05
699279,12,0,0,0,동대문 관광안내소 02-2236-9135,,점포 별로 상이함,,,,,점포 별로 상이함,불가능,,,,2025-09-23 09:31:05,2025-09-23 09:31:05
479649,12,0,0,0,02-924-5362,,연중무휴,,,,,09:00~18:00,가능,,,,2025-09-23 09:31:06,2025-09-23 09:31:06
753954,12,0,0,0,02-459-4733,,매주 토요일~일요일 / 법정공휴일,,,,,10:00~16:30,가능,,,,2025-09-23 09:31:06,2025-09-23 09:31:06
2762867,12,0,0,0,남인사동 관광안내소 02-737-7885,2005년,연중무휴,,,,,상시 개방,불가능,없음,,,2025-09-23 09:31:06,2025-09-23 09:31:06
126528,12,0,0,0,02-3142-4434,,매주 월요일,,,,,09:30~17:00,가능,없음,,없음,2025-09-23 09:31:06,2025-09-23 09:31:06
2373370,12,0,0,0,02-753-0001,,연중무휴,,,,,상시 개방,불가능,없음,,없음,2025-09-23 09:31:07,2025-09-23 09:31:07
2015800,12,0,0,0,,,법정공휴일,,,,,"- 평일 13:30~17:30 (입장마감 17:20)<br>
- 주말 09:00~17:30 (입장마감 17:20)",,없음,,없음,2025-09-23 09:31:07,2025-09-23 09:31:07
127308,12,0,0,0,마포관광정보센터 02-334-7878,,연중무휴,,,,,상시 개방,불가능,없음,,없음,2025-09-23 09:31:07,2025-09-23 09:31:07
479778,12,0,0,0,02-762-0774,,연중무휴,,,,,09:00~18:00,가능,없음,,없음,2025-09-23 09:31:07,2025-09-23 09:31:07
2591833,12,0,0,0,02-860-3401,,,,,,,,없음,없음,없음,없음,2025-09-23 09:31:08,2025-09-23 09:31:08
750927,12,0,0,0,02-930-1995,,연중무휴,,,,,,,없음,,없음,2025-09-23 09:31:08,2025-09-23 09:31:08
128144,12,0,0,0,02-768-8600,,연중무휴,,,,,상시 개방,가능,,,,2025-09-23 09:31:09,2025-09-23 09:31:09
2553942,12,0,0,0,02-3280-3244,,매주 월요일 / 1월 1일 / 설·추석 연휴,신문 및 방송 기자 체험,[미디어 체험관] 7세~고등학교 3학년,,,10:00~18:00 (입장마감 17:30),가능,없음,,없음,2025-09-23 09:31:10,2025-09-23 09:31:10
1836254,12,0,0,0,1577-0606,,연중무휴,,,,,05:00~22:00(공원 이용시간),가능,,,,2025-09-23 09:31:10,2025-09-23 09:31:10
3424542,12,0,0,0,,,"월요일, 1월 1일, 설날, 추석날",,,,,,,,,,2025-09-23 09:31:10,2025-09-23 09:31:10
1957671,12,0,0,0,서울 종로구청 관광체육과 02-2148-1865,,연중무휴,,,,,상시 개방,가능,없음,,,2025-09-23 09:31:11,2025-09-23 09:31:11
3056463,12,0,0,0,서울관광재단 02-3788-0800,,점포 별로 상이함,,,,,점포 별로 상이함,불가능,,,,2025-09-23 09:31:11,2025-09-23 09:31:11
126510,12,1,0,0,02-765-0195,,"매주 화요일 (단, 화요일이 공휴일인 경우 개방하며, 그 다음 첫 번째 평일에 휴관)",,,,,"[2월~5월, 9월~10월] <br>
- 09:00~18:00 <br>
- 입장 마감 17:00<br>
[6월~8월] <br>
- 09:00~18:30 <br>
- 입장마감 17:30<br>
[11월~1월]<br>
- 09:00~17:30 <br>
- 입장 마감 16:30",가능,,,,2025-09-23 09:31:11,2025-09-23 09:31:11
126492,12,0,0,0,"종로구청 공원녹지과 02-2148-2842
종묘공원관리사무소 02-2148-4155",,연중무휴,,,,,상시 개방,가능,,,,2025-09-23 09:31:11,2025-09-23 09:31:11
3056156,12,0,0,0,중랑구청 공원녹지과 02-2094-2372,,연중무휴,,,,,상시 개방,불가능,,,,2025-09-23 09:31:11,2025-09-23 09:31:11
1017547,12,0,0,0,02-751-0742,,매주 월요일,,,,,09:30~17:30,없음,없음,,없음,2025-09-23 09:31:12,2025-09-23 09:31:12
252529,12,0,0,0,02-742-1321,,,,,,,,없음(교내 외부차량 출입 통제),없음,,없음,2025-09-23 09:31:12,2025-09-23 09:31:12
2758161,12,0,0,0,은평구청 생활체육과 02-351-6553,1993년 12월,연중무휴,,,,,상시 개방,가능,없음,,가능,2025-09-23 09:31:12,2025-09-23 09:31:12
2612198,12,0,0,0,양천구청 공원녹지과 02-2620-3579,,연중무휴,,,,,상시 개방,,,,,2025-09-23 09:31:12,2025-09-23 09:31:12
127558,12,0,0,0,02-359-8410,,연중무휴,템플스테이,,,,,가능,없음,,없음,2025-09-23 09:31:13,2025-09-23 09:31:13
126511,12,0,0,0,02-762-4868,,"매주 월요일<br>※ 단, 정기휴일이 공휴일 및 대체공휴일과 겹칠 경우에는 개방하며, 그 다음의 첫 번째 비공휴일이 정기휴일임",,,,,09:00~21:00 (입장마감 20:00),가능 (22대),,,,2025-09-23 09:31:13,2025-09-23 09:31:13
2606158,12,0,0,0,02-762-4868,,매주 월요일,,,,,09:00~21:00 (입장마감 20:00),가능,없음,,없음,2025-09-23 09:31:13,2025-09-23 09:31:13
1605036,12,0,0,0,02-762-4868,,매주 월요일,,,,,09:00~21:00 (입장마감 20:00),가능,없음,,가능,2025-09-23 09:31:13,2025-09-23 09:31:13
1605009,12,0,0,0,02-762-4868,,"매주 월요일<br>※ 단, 정기휴일이 공휴일 및 대체공휴일과 겹칠 경우에는 개방하며, 그 다음의 첫 번째 비공휴일이 정기휴일임",,,,,09:00~21:00 (입장마감 20:00),가능 (22대),없음,,없음,2025-09-23 09:31:13,2025-09-23 09:31:13
3056662,12,0,0,0,02-762-9515,,"매주 월요일 (단, 공휴일 및 대체공휴일과 겹칠 경우 개방 / 그 다음의 첫번째 비공휴일이 정기휴일)",,,,,09:00~20:45,가능,,,,2025-09-23 09:31:14,2025-09-23 09:31:14
1604941,12,0,0,0,02-3668-2300,,"매주 월요일<br>※ 단, 정기휴일이 공휴일 및 대체공휴일과 겹칠 경우에는 개방하며, 그 다음의 첫 번째 비공휴일이 정기휴일임",,,,,"[2월~5월] 09:00~18:00 (입장마감 17:00)<br>
[6월~8월] 09:00~18:30 (입장마감 17:30)<br>
[9월~10월] 09:00~18:00 (입장마감 17:00)<br>
[11월~1월] 09:00~17:30 (입장마감 16:30)",불가능,,,,2025-09-23 09:31:14,2025-09-23 09:31:14
1605920,12,0,0,0,02-3668-2300,,매주 월요일<br>※ 공휴일이 휴무일과 겹칠 경우 다음날 휴무,,,,,"- [11월~1월] 09:00~17:30<br>
- [2월~5월/9월~10월] 09:00~18:00<br>
- [6월~8월] 09:00~18:30",,없음,,없음,2025-09-23 09:31:14,2025-09-23 09:31:14
1604953,12,0,0,0,02-3668-2300,,"매주 월요일<br>※ 단, 정기휴일이 공휴일 및 대체공휴일과 겹칠 경우에는 개방하며, 그 다음의 첫 번째 비공휴일이 정기휴일",,,,,"[2월~5월] 09:00~18:00 (입장마감 17:00)<br>
[6월~8월] 09:00~18:30 (입장마감 17:30)<br>
[9월~10월] 09:00~18:00 (입장마감 17:00)<br>
[11월~1월] 09:00~17:30 (입장마감 16:30)",불가능,없음,,가능,2025-09-23 09:31:15,2025-09-23 09:31:15
1605908,12,0,0,0,02-3668-2300,,"매주 월요일<br>※ 단, 월요일이 공휴일일 경우 익일 휴관",,,,,"[11월~1월] 09:00~17:30<br>
[2월~5월, 9월~10월] 09:00~18:00<br>
[6월~8월] 09:00~18:30",가능,없음,,없음,2025-09-23 09:31:15,2025-09-23 09:31:15
127642,12,1,0,0,02-3668-2300,,"매주 월요일<br>※ 단, 월요일이 공휴일인 경우 개방하며, 그 다음 첫 번째 평일에 휴관",,,,,"[2월~5월] 09:00~18:00 (입장마감 17:00)<br>
[6월~8월] 09:00~18:30 (입장마감 17:30)<br>
[9월~10월] 09:00~18:00 (입장마감 17:00)<br>
[11월~1월] 09:00~17:30 (입장마감 16:30)",불가능,없음,,가능,2025-09-23 09:31:15,2025-09-23 09:31:15
2946517,12,0,0,0,남인사동 관광안내소 02-737-7885,,연중무휴,마음을 여는 사람의 추억길 창신동 골목길 탐방 코스 (약 2시간 30분 소요),,,,상시개방,,,,,2025-09-23 09:31:16,2025-09-23 09:31:16
252547,12,0,0,0,02-730-9924,,연중무휴,,,,,"[3월~4월] 07:00~18:00<br>
[5월~8월] 07:00~19:00<br>
[9월~10월] 07:00~18:00<br>
[11월~2월] 09:00~17:00",불가능,없음,,없음,2025-09-23 09:31:16,2025-09-23 09:31:16
3456475,12,0,0,0,,,,,,,,,,,,,2025-09-23 09:31:16,2025-09-23 09:31:16
2657713,12,0,0,0,0507-1330-5416,,매주 월요일,,,,,"- 화요일~목요일 / 일요일 10:00~20:00<br>
- 금요일~토요일 10:00~22:00",불가능,없음,,가능,2025-09-23 09:31:16,2025-09-23 09:31:16
2545035,12,0,0,0,02-2012-1401,,연중무휴,,,,,"- 월요일~목요일 10:30~20:20<br>
- 금요일 10:30~20:50<br>
- 토요일 10:00~20:50<br>
- 일요일 10:00~20:20<br>
※ 운영시간 상시 변동으로 방문 전 유선 문의 필수",가능,없음,,없음,2025-09-23 09:31:16,2025-09-23 09:31:16
1579548,12,0,0,0,02-355-7430,,연중무휴,,,,,상시 개방,기능 (약 8대 가능),없음,,없음,2025-09-23 09:31:17,2025-09-23 09:31:17
250323,12,0,0,0,02-2148-1114,,연중무휴,,,,,상시 개방,가능,없음,,없음,2025-09-23 09:31:17,2025-09-23 09:31:17
3060931,12,0,0,0,02-400-0978,,연중무휴,,,,,상시 개방,가능,,,,2025-09-23 09:31:18,2025-09-23 09:31:18
2591838,12,0,0,0,서울 구로구 공원녹지과 02-860-3165,,연중무휴,,,,,상시 개방,불가능,없음,,없음,2025-09-23 09:31:18,2025-09-23 09:31:18
3351658,12,0,0,0,0507-1358-2612,,,,,,,10:00~18:00,,,,,2025-09-23 09:31:20,2025-09-23 09:31:20
482112,12,0,0,0,02-954-1474,,연중무휴,,,,,09:00~18:00,가능,,,,2025-09-23 09:31:21,2025-09-23 09:31:21
127376,12,0,0,0,02-489-2776,1998년 06월 20일,연중무휴,,,,,상시 개방,불가능,없음,,없음,2025-09-23 09:31:21,2025-09-23 09:31:21
2741610,12,0,0,0,천호자전거거리 상권협의회 070-8740-2538,,연중무휴,,,,,상시 개방,불가능,없음,,없음,2025-09-23 09:31:21,2025-09-23 09:31:21
827494,12,0,0,0,02-2290-6114,,연중무휴,,,,,상시 개방,,가능,,,2025-09-23 09:31:21,2025-09-23 09:31:21
2765510,12,0,0,0,02-2290-7111,,연중무휴,,,,,상시 개방,불가능,없음,,없음,2025-09-23 09:31:21,2025-09-23 09:31:21
125452,12,0,0,0,서초구청 푸른도시과 02-2155-6872,,연중무휴,,,,,상시 개방,가능,,,,2025-09-23 09:31:22,2025-09-23 09:31:22
129507,12,0,0,0,02-2290-6114,,연중무휴,,,,,상시 개방,,가능,,없음,2025-09-23 09:31:22,2025-09-23 09:31:22
127269,12,0,0,0,강남구청 공원녹지과 02-3423-6244,1991년 4월 30일,연중무휴,,,,,상시 개방,가능,불가,,없음,2025-09-23 09:31:23,2025-09-23 09:31:23
3081985,12,0,0,0,,,,,,,,,있음,,,,2025-09-23 09:31:23,2025-09-23 09:31:23
1310950,12,0,0,0,강남메디컬투어센터 1661-2230,,매장 별로 상이함,,,,,매장 별로 상이함,불가능,없음,,없음,2025-09-23 09:31:23,2025-09-23 09:31:23
482126,12,0,0,0,02-962-7390,,연중무휴,,,,,상시 개방,가능,,,,2025-09-23 09:31:23,2025-09-23 09:31:23
482153,12,0,0,0,02-763-4031,,연중무휴,,,,,상시 개방,불가능,,,,2025-09-23 09:31:23,2025-09-23 09:31:23
126533,12,0,0,0,,,연중무휴,,,,,상시 개방,,,,,2025-09-23 09:31:25,2025-09-23 09:31:25
3056238,12,0,0,0,1522-7760,,매주 화요일,,,,,09:00~17:30 (입장 마감 17:00),가능,,,,2025-09-23 09:31:27,2025-09-23 09:31:27
2762885,12,0,0,0,종로구청 관광체육과 02-2148-1852,,연중무휴,,,,,상시 개방,가능,,,,2025-09-23 09:31:28,2025-09-23 09:31:28
2031668,12,0,0,0,02-2116-3949(노원구청 공원기획팀),,,,,,,,불가,없음,,없음,2025-09-23 09:31:29,2025-09-23 09:31:29
1395270,12,0,0,0,02-3675-3401~2,,매주 일요일~월요일 / 설·추석 당일 / 동절기(12월~3월),,,,,"화요일~토요일 10:00~17:00<br>
※ 4월 1일~11월 30일에만 개관",불가능,,,,2025-09-23 09:31:29,2025-09-23 09:31:29
3463600,12,0,0,0,1899-8876,,매주 일요일 / 월요일,양조장 투어,만19세 이상,,,"[영업시간]<br>
화요일~토요일 11:00~23:00<br>
[투어시간]<br>
화요일~토요일 15:00 / 17:00",불가능,,,가능,2025-09-23 09:31:31,2025-09-23 09:31:31
1364975,12,0,0,0,서울시청 광장관리팀 02-2133-1296,,연중무휴,,,,,상시 개방,불가능,불가,,없음,2025-09-23 09:31:32,2025-09-23 09:31:32
2865186,12,0,0,0,서울시중구청 전통시장과 02-3396-5056,,점포 별로 상이함,,,,,점포 별로 상이함,가능,,,,2025-09-23 09:31:32,2025-09-23 09:31:32
3427223,12,0,0,0,02-777-0421,,,,,,,월~토 11:00~20:00,,,,,2025-09-23 09:31:33,2025-09-23 09:31:33
1114969,12,0,0,0,02-2094-1822,,연중무휴,,,,,상시 개방,,없음,,없음,2025-09-23 09:31:34,2025-09-23 09:31:34
3070716,12,0,0,0,0507-1487-8702,,,,,,,09:00~18:00,,,,,2025-09-23 09:31:35,2025-09-23 09:31:35
130284,12,0,0,0,02-700-7200,,,,,,,10:00~20:00 (입장 마감 19:00),,,,,2025-09-23 09:31:36,2025-09-23 09:31:36
2759626,12,0,0,0,02-6000-0114,,연중무휴,,,,,상시 개방,가능,없음,,불가,2025-09-23 09:31:36,2025-09-23 09:31:36
2852296,12,0,0,0,02-3144-6300,,연중무휴,,전 연령,,,"[갤러리]<br>
- 09:00~22:00<br>
[카페]<br>
- 09:00~22:00<br>
- 마지막 주문 21:00","가능 (약 15대)<br>요금 (30분 무료 / 초과 시 1시간당 5,000원)",,,가능,2025-09-23 09:31:36,2025-09-23 09:31:36
2451912,12,0,0,0,02-709-7403,,매주 월요일~화요일,과자집 만들기 / 달콤 UP 붕붕 스포츠카 / 과자보물섬 쿠크호 등,,,,10:00~17:00,가능,없음,,없음,2025-09-23 09:31:37,2025-09-23 09:31:37
2782132,12,0,0,0,02-563-1145,,,,,,,"[피트니스센터] <br>
- 평일 05:00~23:00<br>
- 주말 및 공휴일 06:00~22:00<br>
[사우나 및 찜질방] 상시 개방<br>
[뉴트리션센터] 상시 개방",,없음,,없음,2025-09-23 09:31:37,2025-09-23 09:31:37
992130,12,0,0,0,1544-5110,2010년 2월 27일,연중무휴,,,,,10:00~19:30,가능,,,,2025-09-23 09:31:38,2025-09-23 09:31:38
3540938,12,0,0,0,0507-1384-2853,,설·추석 당일,,0세~13세,,,"- 평일 10:30~20:00<br>
- 주말, 공휴일 10:30~20:30",가능<br>요금 (무료),,,,2025-09-23 09:31:38,2025-09-23 09:31:38
753850,12,0,0,0,02-455-7119,,월요일 / 공휴일,"[체험교육]<br>
- 교육내용 : 어린이 교통안전체험교육<br>
- 교육대상 : 유아(6~7세, 공지사항 참조) / 초등(1~3학년)<br>
- 교육비 : 무료<br>
[입체영상과 주행체험]<br>
- 교육내용 : 교통안전 입체영상 관람 / 주행체험<br>
- 교육대상 : 유아(6~7세, 공지사항 참조) / 초등(1~3학년)<br>
[자동차 만들기와 주행체험]<br>
- 교육내용 : 입체 자동차 모형 만들기 활동 / 주행체험(초등 코스)<br>
- 교육대상 : 초등학교 저학년(1~3학년)<br>
[어린이 교통안전 면허시험]<br>
- 교육대상 : 초등학교 저학년(1~4학년)",6세~초등학교 3학년,어린이 교통안전 체험교육 -  1회 당 유아 55명(초등 50명) 수용 가능,,10:30~15:30,불가능,불가,,없음,2025-09-23 09:31:38,2025-09-23 09:31:38
3082465,12,0,0,0,02-336-8553,,,,,,,전시일정에 따라 영업시간이 변동되기 때문에 홈페이지 또는 인스타그램 참조,,,,,2025-09-23 09:31:39,2025-09-23 09:31:39
129534,12,0,0,0,종로구청 도시녹지과 02-2148-2843,,연중무휴,,,,,"- 하절기(3월~10월) 09:00~18:00<br>
- 동절기(11월~2월) 09:00~17:00",불가능,,,,2025-09-23 09:31:40,2025-09-23 09:31:40
1605933,12,0,0,0,02-731-0534,,연중무휴,,,,,"- 3월~10월 09:00~18:00<br>
- 11월~2월 09:00~17:00",불가능,,,,2025-09-23 09:31:40,2025-09-23 09:31:40
3457334,12,0,0,0,02-9485668,,매주 월요일,,,,,"2~5월 그리고 9~10월 : 09:00~18:00. 6~8월 : 09:00~17:30, 11월~1월 : 09:00~17:30 ( 매표마감은 각각 관람시간 1시간 전까지)",,,,,2025-09-23 09:31:40,2025-09-23 09:31:40
1114020,12,0,0,0,양천구청 공원녹지과 02-2620-3576,1987년 6월 30일,연중무휴,,,,,상시 개방,가능,,,,2025-09-23 09:31:40,2025-09-23 09:31:40
2606150,12,0,0,0,02-1600-0666,2017-03-25,[워터파크] 매주 화요일~수요일<br>[찜질스파] 연중무휴,,,,,"- 워터파크 10:00~18:00<br>
- 찜질스파 07:00~22:00",가능,없음,,없음,2025-09-23 09:31:40,2025-09-23 09:31:40
3359034,12,0,0,0,0507-1336-5170,,,,,,,"- 월요일~목요일 12:00~20:30<br>
- 금요일~토요일 12:00~21:30<br>
- 일요일 12:00~20:30",,,,,2025-09-23 09:31:41,2025-09-23 09:31:41
3492118,12,0,0,0,02-6956-5547,,,,,,,11:00~19:00,,,,,2025-09-23 09:31:41,2025-09-23 09:31:41
2605926,12,0,0,0,북인사동 관광안내소 02-734-0222,,시설별로 상이,,,,,시설별로 상이,가능,없음,,,2025-09-23 09:31:41,2025-09-23 09:31:41
2759900,12,0,0,0,월드컵공원 02-300-5500,2002년 05월 01일,연중무휴,,,,,"[1월~2월 / 12월] 07:00~18:00<br>
[3월] 06:00~20:00<br>
[4월 / 9월] 05:30~20:00<br>
[5월] 05:00~20:00<br>
[6월~7월] 05:00~20:30<br>
[8월] 05:30~20:30<br>
[10월] 06:00~19:00<br>
[11월] 06:30~19:00",가능 (약 1848대),,,,2025-09-23 09:31:41,2025-09-23 09:31:41
2675098,12,0,0,0,02-2686-3203,,연중무휴,,,,,05:00~22:00,가능,,,,2025-09-23 09:31:41,2025-09-23 09:31:41
3112160,12,0,0,0,02-2147-2600,,,,,,연중무휴,상시개방,,,,,2025-09-23 09:31:42,2025-09-23 09:31:42
3081993,12,0,0,0,0507-1497-4333,,매주 월요일,과일 수확 체험 / 모종 심기,,,,11:00~21:00,가능,,,,2025-09-23 09:31:42,2025-09-23 09:31:42
2745583,12,0,0,0,02-537-2440,,,,,,,10:00~17:00,,없음,,가능,2025-09-23 09:31:42,2025-09-23 09:31:42
3080583,12,0,0,0,0507-1302-0929,,연중무휴,수제도장만들기 / 한글족자만들기 / 한글이름 쓰고 티셔츠에 프린팅 체험,,,,"10:00~17:00<br>
※ 예약 필수",불가능,,,가능,2025-09-23 09:31:42,2025-09-23 09:31:42
2783558,12,0,0,0,서울특별시  종로구 문화유산과 02-2148-2032,,매주 월요일 / 공휴일,,,,,"- 화요일~목요일, 주말 10:00~18:00<br>
- 금요일 12:00~20:00",불가능,,,,2025-09-23 09:31:43,2025-09-23 09:31:43
3006943,12,0,0,0,노원구청 정원도시과 02-2116-3975,,연중무휴,,,,,상시 개방,가능,,,,2025-09-23 09:31:43,2025-09-23 09:31:43
2654607,12,0,0,0,02-300-5500,,연중무휴,,,,,"[1월~2월 / 12월] 07:00~18:00<br>
[3월] 06:00~20:00<br>
[4월 / 9월] 05:30~20:00<br>
[5월] 05:00~20:00<br>
[6월~7월] 05:00~20:30<br>
[8월] 05:30~20:30<br>
[10월] 06:00~19:00<br>
[11월] 06:30~19:00","가능 (평화의공원 주차장 1,162대 / 난지천공원 주차장 438대 / 난지삼거리 주차장 59대 / 노을공원 주차장 162대 / 난지중앙로 노상 주차장 113대)",,,,2025-09-23 09:31:44,2025-09-23 09:31:44
2720179,12,0,0,0,02-300-5500,,연중무휴,,,,,"[1월~2월 / 12월] 07:00~18:00<br>
[3월] 06:00~20:00<br>
[4월 / 9월] 05:30~20:00<br>
[5월] 05:00~20:00<br>
[6월~7월] 05:00~20:30<br>
[8월] 05:30~20:30<br>
[10월] 06:00~19:00<br>
[11월] 06:30~19:00","가능 (평화의공원 주차장 1,162대 / 난지천공원 주차장 438대 / 난지삼거리 주차장 59대 / 노을공원 주차장 162대 / 난지중앙로 노상 주차장 113대)",없음,,없음,2025-09-23 09:31:44,2025-09-23 09:31:44
3413162,12,0,0,0,010-3235-5900,,연중무휴,,,,,10:30~21:00,불가,,,가능,2025-09-23 09:31:44,2025-09-23 09:31:44
3525664,12,0,0,0,02-3462-1600,,"매월 둘째, 넷째 주 수요일",,,,,06:00~22:00,가능,,,,2025-09-23 09:31:44,2025-09-23 09:31:44
485684,12,0,0,0,02-930-6555,,연중무휴<br>※ 종무소는 매주 월요일 휴무,,,,,07:30~18:00,,불가,,,2025-09-23 09:31:45,2025-09-23 09:31:45
2754735,12,0,0,0,강남구청 공원녹지과 02-3423-6248,,연중무휴,,,,,상시 개방,불가능,,,,2025-09-23 09:31:45,2025-09-23 09:31:45
822861,12,0,0,0,"주간 02-120 <br>
야간 02-3780-0777",,,,,,,,있음,없음,없음,없음,2025-09-23 09:31:45,2025-09-23 09:31:45
1836261,12,0,0,0,영등포구청 문화체육과 02-2670-3177,,연중무휴,,,,,상시 개방,가능,없음,,없음,2025-09-23 09:31:46,2025-09-23 09:31:46
2452918,12,0,0,0,Tel: 02-3153-2072 / Fax: 02-3153-2080,,"매주 일, 월요일, 1월 1일, 설 연휴, 추석 연휴 휴무","영화 기본기 강좌 (연령 제한 없음)<br>
리틀시네마 워크룸 (6세~12세)<br>
어린이 영화아카데미 (11세~13세)",전연령(교육 및 체험 프로그램별 대상 상이),,,10:00~19:00,있음,없음,없음,없음,2025-09-23 09:31:46,2025-09-23 09:31:46
1836287,12,0,0,0,1577-0606,,연중무휴,,,,,,,없음,없음,없음,2025-09-23 09:31:46,2025-09-23 09:31:46
3013117,12,0,0,0,02-793-6908,,연중무휴,,,,,상시 개방,가능,,,,2025-09-23 09:31:47,2025-09-23 09:31:47
2589657,12,0,0,0,02-412-0100,2012년12월 1일,설·추석 당일,,,,,10:00~20:00,가능,,,,2025-09-23 09:31:47,2025-09-23 09:31:47
2390314,12,0,0,0,0507-1435-0189,,연중무휴,"* 전통한복체험<br />
1시간 30분 - 10,000원 / 2시간 30분 - 15,000원 / 4시간 - 20,000원 / 하루 -30,000원<br />
<br />
* 테마한복체험<br />
1시간 30분 - 20,000원 / 2시간 30분 - 30,000원 / 4시간 - 40,000원 / 하루 - 50,000원<br />
<br />
* 악세사리,기타<br />
물품보관함 1,000원<br />
댕기·배씨댕기 2,000원 / 비녀·코사지 3,000원 / 속치마 2,000원 / 가방·꽃신 2,000원 / 어우동 모자·갓 3,000원<br />
<br />
* 화보촬영(경복궁 지점에서만 가능)<br />
스튜디오 프로필 촬영 - 1인기준 10,000원<br />
실속화보 촬영 - 30,000원<br />
전문화보 촬영 - 1팀 기준 50,000원<br />
<br />
※ 자세한 내용은 전화문의 요망<br />
※ 대여시간 초과시 추가 비용 발생<br>",,,,"09:00 ~ 19:00<br>
※ 시기에 따라 마감시간 변동됨으로 매장 문의",,없음,,없음,2025-09-23 09:31:47,2025-09-23 09:31:47
2754738,12,0,0,0,강남구청 02-3423-5114,1994년 01월 01일,연중무휴,,,,,상시 개방,불가능,,,,2025-09-23 09:31:48,2025-09-23 09:31:48
2758809,12,0,0,0,송파구청 공원녹지과 02-2147-3394,,연중무휴,,,,,상시 개방,불가능,없음,,없음,2025-09-23 09:31:48,2025-09-23 09:31:48
1836300,12,0,0,0,강동구 문화예술과 02-3425-5240,,연중무휴,,,,,상시 개방,,,,,2025-09-23 09:31:49,2025-09-23 09:31:49
2761544,12,0,0,0,용산역 관광정보센터 070-4224-4597,,,,,,,상시 개방,가능(해방촌 공영주차장)<br>※ 주차장 운영시간 : 09:00~22:00,없음,,가능,2025-09-23 09:31:49,2025-09-23 09:31:49
1837036,12,0,0,0,국가보훈부 서울지방보훈청 02-3785-0815,,연중무휴,,,,,상시 개방,불가능,,,,2025-09-23 09:31:49,2025-09-23 09:31:49
1606001,12,0,0,0,남산골한옥마을 02-6358-5533,,매주 월요일,,,,,"- 하절기 09:00~21:00<br>
- 동절기 09:00~20:00",불가능,,,,2025-09-23 09:31:49,2025-09-23 09:31:49
2946112,12,0,0,0,0507-1318-9070,,연중무휴,향수 원데이 클래스,,최대 6명,,11:00~21:00,불가능,,,,2025-09-23 09:31:50,2025-09-23 09:31:50
3403976,12,0,0,0,02-3425-6473,,연중무휴,,,,,상시 개방,불가능,,,,2025-09-23 09:31:50,2025-09-23 09:31:50
126824,12,0,0,0,강서구청 공원녹지과 02-2600-4186,1993년 10월 31일,연중무휴,,,,,상시 개방,가능,불가,,없음,2025-09-23 09:31:50,2025-09-23 09:31:50
827642,12,0,0,0,"헌릉관리소 02-445-0347<br>
서울시청 자연생태과 02-2133-2151",,"매주 월요일<br>※ 단, 월요일이 공휴일인 경우 개방하며, 그 다음 첫 번째 평일에 휴관",,,,,"[2월~5월] 09:00~18:00 (입장마감 17:00)<br>
[6월~8월] 09:00~18:30 (입장마감 17:30)<br>
[9월~10월] 09:00~18:00 (입장마감 17:00)<br>
[11월~1월] 09:00~17:30 (입장마감 16:30)",가능,가능,,,2025-09-23 09:31:51,2025-09-23 09:31:51
2763818,12,0,0,0,02-955-6619,,연중무휴,,,,,10:30~19:00 (입장 마감 18:00),가능,없음,,가능,2025-09-23 09:31:51,2025-09-23 09:31:51
1605927,12,0,0,0,02-731-0120,,연중무휴,,,,,상시 개방,가능,,,,2025-09-23 09:31:51,2025-09-23 09:31:51
1837037,12,0,0,0,성동구 문화체육과 02-2286-5197,,연중무휴,,,,,상시 개방,불가능,없음,,없음,2025-09-23 09:31:52,2025-09-23 09:31:52
486625,12,0,0,0,02-814-5257,,연중무휴,,,,,09:00~18:00,가능,없음,,없음,2025-09-23 09:31:52,2025-09-23 09:31:52
1837041,12,0,0,0,02-2600-4202,,연중 무휴,,,,,상시 개방,불가능,,,,2025-09-23 09:31:52,2025-09-23 09:31:52
1116022,12,0,0,0,금천구청 문화체육과 02-2627-1453,,연중무휴,,,,,00:00~24:00,불가능,없음,,없음,2025-09-23 09:31:53,2025-09-23 09:31:53
486685,12,0,0,0,02-803-4779,,연중무휴,,,,,09:00~18:00,가능,없음,,없음,2025-09-23 09:31:53,2025-09-23 09:31:53
2969267,12,0,0,0,02-722-1007,,매주 일요일,,,,,10:00~21:00,,없음,,가능,2025-09-23 09:31:53,2025-09-23 09:31:53
781031,12,0,0,0,마포관광정보센터 02-334-7878,,시설 별로 상이함,,,,,시설 별로 상이함,,,,,2025-09-23 09:31:53,2025-09-23 09:31:53
2500145,12,0,0,0,마포관광정보센터 02-334-7878,,연중무휴,,,,,상시 개방,불가능,,,,2025-09-23 09:31:54,2025-09-23 09:31:54
3082405,12,0,0,0,"마포구청 관광정책과 02-3153-8650<br>
마포관광정보센터 02-334-7878",,점포 별로 상이함,,,,,점포 별로 상이함,가능,,,,2025-09-23 09:31:54,2025-09-23 09:31:54
3083146,12,0,0,0,010-5081-8884,,,,,,,11:00~21:00,,,,,2025-09-23 09:31:54,2025-09-23 09:31:54
126500,12,0,0,0,02-961-2521,,매주 월요일 / 5월 1일 / 법정 공휴일<br>※ 주말이 법정공휴일인 경우에도 휴무,숲해설 프로그램,,,,"[평일 숲해설(3월~11월)]<br>
- 10:30 / 13:30 / 15:30<br>
※ 평일은 사전 예약 후 참여 가능<br>
[주말 숲해설(3월~11월)]<br>
- 10:30 / 14:00<br>
※ 주말은 예약 없이 입장 및 참여 가능<br>
[주말 자유관람]<br>
- 하절기(3~10월) 09:00~18:00<br>
- 동절기(11~2월) 09:00~17:00<br>
※ 주말은 예약 없이 입장 및 참여 가능",불가능,없음,,,2025-09-23 09:31:55,2025-09-23 09:31:55
3076217,12,0,0,0,02-3153-9550,,,,,,,,,,,,2025-09-23 09:31:55,2025-09-23 09:31:55
3452906,12,0,0,0,0507-1395-1809,,연중무휴,,,,,,,,,,2025-09-23 09:31:55,2025-09-23 09:31:55
2783698,12,0,0,0,02-2236-9134,,연중무휴,,,,,08:00~21:00,가능,없음,,없음,2025-09-23 09:31:56,2025-09-23 09:31:56
129506,12,0,0,0,종로구청 문화유산과 02-2148-2032,,연중무휴,,,,,상시 개방,불가능,,,,2025-09-23 09:31:56,2025-09-23 09:31:56
945987,12,0,0,0,070-8112-7900,,매주 토요일~일요일 / 법정공휴일,,,,,"- 하절기(4~10월) 11:00~17:00<br>
- 동절기(11~3월) 11:00~16:00",불가능,없음,,없음,2025-09-23 09:31:56,2025-09-23 09:31:56
126507,12,0,0,0,02-902-2663,,연중무휴,"템플스테이<br>
[체험형 : 수고했어, 올해도]<br>
- 성인 : 60,000원<br>
[체험형 : 오직 모를뿐]<br>
- 일정 : 1박2일<br>
- 성인 : 60,000원<br>
[휴식형 : 오직 쉴뿐]<br>
- 일정 : 1박2일<br>
- 성인 : 90,000원",,,,08:00~18:00,있음,없음,없음,없음,2025-09-23 09:31:56,2025-09-23 09:31:56
2654601,12,0,0,0,서울 노원구 여가도시과 02-2116-0666,,연중무휴,,,,,상시 개방,가능,,,,2025-09-23 09:31:57,2025-09-23 09:31:57
250299,12,0,0,0,02-3396-5842,,매주 일요일~금요일,,,,,토요일 10:30~14:30,불가능,없음,,없음,2025-09-23 09:31:57,2025-09-23 09:31:57
2755447,12,0,0,0,강서구청 공원녹지과 02-2600-4186,,연중무휴,,,,,상시 개방,불가능,,,,2025-09-23 09:31:57,2025-09-23 09:31:57
1604450,12,0,0,0,02-738-5785,,매주 월요일 / 1월 1일 / 설·추석 당일,활쏘기 체험,8세 이상,,,10:00~17:00,가능,,,,2025-09-23 09:31:59,2025-09-23 09:31:59
753986,12,0,0,0,청권사 02-584-3121~4,,주말 / 공휴일,,,,,10:00~16:00,,,,,2025-09-23 09:31:59,2025-09-23 09:31:59
126914,12,0,0,0,관악구청 문화관광체육과 02-879-5607,,연중무휴,,,,,상시 개방,불가능,없음,,없음,2025-09-23 09:32:00,2025-09-23 09:32:00
736737,12,0,0,0,동작구청 공원녹지과 02-820-1395,1993년,연중무휴,,,,,상시 개방,불가능,,,,2025-09-23 09:32:00,2025-09-23 09:32:00
2767753,12,0,0,0,070-8839-6552,,연중무휴,,,,,09:00~24:00,불가능,없음,,없음,2025-09-23 09:32:00,2025-09-23 09:32:00
3060941,12,0,0,0,서울 관광안내소 02-3785-0942,,연중무휴,,,,,상시 개방,,,,,2025-09-23 09:32:00,2025-09-23 09:32:00
2932122,12,0,0,0,010-6835-6552,,연중무휴,반신욕 및 개인명상,,,,13:00 - 00:00 중 6시간 선택,없음.,,,,2025-09-23 09:32:00,2025-09-23 09:32:00
1605966,12,0,0,0,서울 중구청 공원녹지과 02-3396-5852,,연중무휴,,,,,상시 개방,불가능,없음,,없음,2025-09-23 09:32:00,2025-09-23 09:32:00
126514,12,0,0,0,흥인지문 관리소 02-2148-4166,,연중무휴,,,,,,없음,,,,2025-09-23 09:32:01,2025-09-23 09:32:01
3056442,12,0,0,0,02-2148-4158,,[ 한양도성 박물관 ] 월요일,,,,,상시 개방,가능,,,,2025-09-23 09:32:01,2025-09-23 09:32:01
126506,12,0,0,0,02-929-6611,,연중무휴,,,,,09:00~18:00,가능,없음,,없음,2025-09-23 09:32:01,2025-09-23 09:32:01
2611482,12,0,0,0,양천구청 문화과 02-2620-3406,,연중무휴,,,,,상시 개방,불가,없음,,없음,2025-09-23 09:32:01,2025-09-23 09:32:01
3432447,12,0,0,0,02-2238-0347,,,,,,2025 서울카페&베이커리페어 시즌 1 : 2.19(수)-2.22(토)<br>2025 서울카페&베이커리페어 시즌 2 : 8.27(수)-8.30(토),,,가능,,,2025-09-23 09:32:01,2025-09-23 09:32:01
1825057,12,0,0,0,서대문구청 푸른도시과 02-330-1907,,연중무휴,,,,,상시 개방,가능,,,,2025-09-23 09:32:02,2025-09-23 09:32:02
1825460,12,0,0,0,1577-0606,,연중무휴,,,,,상시 개방,가능,,,,2025-09-23 09:32:02,2025-09-23 09:32:02
3386415,12,0,0,0,02-996-0419,,연중무휴,,,,,"[4·19민주묘지관리소]<br>
- 하절기(3월~10월) 06:00~18:00<br>
- 동절기(11월~2월) 07:00~17:00",가능 (100대),,,,2025-09-23 09:32:02,2025-09-23 09:32:02
2950841,12,0,0,0,02-2153-0770,,,,,,,12:00~20:00,,,,,2025-09-23 09:32:02,2025-09-23 09:32:02
2990289,12,0,0,0,070-4756-4241,,주말 / 법정공휴일,3D프린팅 / 드론 / VR / 코딩 / 인공지능 / 기업체 탐방 등,전 연령,10인 이상,,09:00~18:00,가능,,,,2025-09-23 09:32:03,2025-09-23 09:32:03
2998565,12,0,0,0,070-8830-0027,,,,,,,11:00~20:00,,,,,2025-09-23 09:32:03,2025-09-23 09:32:03
2992823,12,0,0,0,K-컬처 스퀘어 운영사무국 02-2068-1176,,연중무휴,,,,,06:00~22:00,가능,없음,,없음,2025-09-23 09:32:04,2025-09-23 09:32:04
3085029,12,0,0,0,02-6310-0720,,"매주 토요일, 일요일 / 법정공휴일",,,,,09:00~21:00,가능<br>※ 공간이 협소 하므로 대중교통 이용 요망,,,,2025-09-23 09:32:04,2025-09-23 09:32:04
3074805,12,0,0,0,02-3445-0111,,연중무휴,,전연령,,,,,,,,2025-09-23 09:32:05,2025-09-23 09:32:05
2660731,12,0,0,0,02-557-8030,,연중무휴,,,,,"10:00~22:00 <br>
※ 예약 필수",가능,,,,2025-09-23 09:32:06,2025-09-23 09:32:06
2553923,12,0,0,0,02-398-8181,,매주 토요일~일요일,뉴스 제작 과정 소개 및 스튜디오 관람,중학생 이상,최소 5인~최대 15인,,매주 화요일 / 목요일 14:00,가능,없음,,,2025-09-23 09:32:07,2025-09-23 09:32:07
3526332,12,0,0,0,02-779-7902~4,,연중무휴,,,,,상시 개방,,,,,2025-09-23 09:32:07,2025-09-23 09:32:07
3526339,12,0,0,0,02-779-7902~4,,연중무휴,,,,,상시 개방,,,,,2025-09-23 09:32:08,2025-09-23 09:32:08
3526341,12,0,0,0,02-779-7902~4,,연중무휴,,,,,상시 개방,,,,,2025-09-23 09:32:08,2025-09-23 09:32:08
3526342,12,0,0,0,02-779-7902~4,,연중무휴,,,,,상시 개방,,,,,2025-09-23 09:32:08,2025-09-23 09:32:08
3526353,12,0,0,0,02-779-7902~4,,연중무휴,,,,,상시 개방,,,,,2025-09-23 09:32:09,2025-09-23 09:32:09
3526354,12,0,0,0,02-779-7902~4,,연중무휴,,,,,상시 개방,,,,,2025-09-23 09:32:09,2025-09-23 09:32:09
3526376,12,0,0,0,02-779-7902~4,,연중무휴,,,,,상시 개방,,,,,2025-09-23 09:32:10,2025-09-23 09:32:10
3526384,12,0,0,0,02-779-7902~4,,연중무휴,,,,,상시 개방,,,,,2025-09-23 09:32:11,2025-09-23 09:32:11
3526391,12,0,0,0,02-779-7902~4,,연중무휴,,,,,상시 개방,,,,,2025-09-23 09:32:11,2025-09-23 09:32:11
3526413,12,0,0,0,02-779-7902~4,,연중무휴,,,,,상시 개방,,,,,2025-09-23 09:32:11,2025-09-23 09:32:11
3526434,12,0,0,0,02-779-7902~4,,연중무휴,,,,,상시 개방,,,,,2025-09-23 09:32:12,2025-09-23 09:32:12
3526326,12,0,0,0,02-779-7902~4,,연중무휴,,,,,상시 개방,,,,,2025-09-23 09:32:12,2025-09-23 09:32:12
3526328,12,0,0,0,02-779-7902~4,,연중무휴,,,,,상시 개방,,,,,2025-09-23 09:32:12,2025-09-23 09:32:12
