addr1,addr2,contentid,contenttypeid,createdtime,firstimage,firstimage2,mapx,mapy,modifiedtime,tel,title,zipcode,lDongRegnCd,lDongSignguCd,lclsSystm1,lclsSystm2,lclsSystm3
서울특별시 종로구 북촌로 57 (가회동),,2733967,12,20210817184103,http://tong.visitkorea.or.kr/cms/resource/09/3303909_image2_1.jpg,http://tong.visitkorea.or.kr/cms/resource/09/3303909_image3_1.jpg,126.9846616856,37.5820858828,20250312152659,,가회동성당,03052,11,110,HS,HS03,HS030200
서울특별시 동대문구 서울시립대로2길 59 (답십리동),,2763807,12,20211027233001,http://tong.visitkorea.or.kr/cms/resource/80/3505480_image2_1.jpg,http://tong.visitkorea.or.kr/cms/resource/80/3505480_image3_1.jpg,127.0490783005,37.5728353382,20250711160959,,간데메공원,02595,11,230,VE,VE03,VE030100
서울특별시 도봉구 시루봉로 149-18 (방학동),,3483083,12,20250324132519,http://tong.visitkorea.or.kr/cms/resource/81/3483081_image2_1.jpg,http://tong.visitkorea.or.kr/cms/resource/81/3483081_image3_1.jpg,127.0282025819,37.6649464754,20250324132532,,간송옛집,01316,11,320,HS,HS01,HS010400
서울특별시 양천구 신정동 162-56,,1116925,12,20101026223528,http://tong.visitkorea.or.kr/cms/resource/90/3467490_image2_1.jpg,http://tong.visitkorea.or.kr/cms/resource/90/3467490_image3_1.jpg,126.8684105358,37.5061176314,20250624100230,,갈산공원,08104,11,470,VE,VE03,VE030400
서울특별시 종로구 율곡로23길 16 (충신동),,294439,12,20071127005251,http://tong.visitkorea.or.kr/cms/resource/22/3481922_image2_1.jpg,http://tong.visitkorea.or.kr/cms/resource/22/3481922_image3_1.jpg,127.0066515383,37.5753815016,20250311172529,,감로암(서울),03099,11,110,HS,HS03,HS030100
서울특별시 강남구 압구정로 161 (압구정동),강남메디컬투어센터,264570,12,20050623224701,http://tong.visitkorea.or.kr/cms/resource/08/1984608_image2_1.jpg,http://tong.visitkorea.or.kr/cms/resource/08/1984608_image3_1.jpg,127.0270732739,37.5268958352,20250604133052,,강남,06001,11,680,EX,EX07,EX070200
서울특별시 강남구 영동대로 513,(삼성동),2456536,12,20161214231140,http://tong.visitkorea.or.kr/cms/resource/13/3464913_image2_1.jpg,http://tong.visitkorea.or.kr/cms/resource/13/3464913_image3_1.jpg,127.0591318945,37.5118092746,20250108161021,,강남 마이스 관광특구,06164,11,680,VE,VE05,VE050100
서울특별시 강동구 구천면로 141 (천호동),,127377,12,20040227090000,http://tong.visitkorea.or.kr/cms/resource/55/3508255_image2_1.jpg,http://tong.visitkorea.or.kr/cms/resource/55/3508255_image3_1.jpg,127.1207892964,37.5426290283,20250717104911,,강동예찬시비,05246,11,740,HS,HS02,HS020100
서울특별시 광진구 구의강변로 45 (구의동),,128961,12,20060508090000,http://tong.visitkorea.or.kr/cms/resource/98/3401698_image2_1.JPG,http://tong.visitkorea.or.kr/cms/resource/98/3401698_image3_1.JPG,127.0913227521,37.5349377239,20250328153350,,강변스파랜드,05049,11,215,EX,EX05,EX050200
서울특별시 강서구 양천로27길 279-23,(방화동),809490,12,20090924090047,http://tong.visitkorea.or.kr/cms/resource/70/3526770_image2_1.jpg,http://tong.visitkorea.or.kr/cms/resource/70/3526770_image3_1.jpg,126.8171490732,37.5860879769,20250826131558,,강서습지생태공원,07518,11,500,NA,NA03,NA030400
서울특별시 강서구 양천로 291 (마곡동),,3043735,12,20231120105441,http://tong.visitkorea.or.kr/cms/resource/09/3045109_image2_1.jpg,http://tong.visitkorea.or.kr/cms/resource/09/3045109_image3_1.jpg,126.8366643489,37.5722343802,20250613091300,,강서역사문화거리,07520,11,500,VE,VE04,VE040100
서울특별시 강서구 양천로27길 279-23 (방화동),,2733968,12,20210817184655,http://tong.visitkorea.or.kr/cms/resource/91/3509791_image2_1.jpg,http://tong.visitkorea.or.kr/cms/resource/91/3509791_image3_1.jpg,126.8171601831,37.5860935311,20250724101154,,강서한강공원,07518,11,500,VE,VE03,VE030100
서울특별시 구로구 개봉동,195-7,2591792,12,20190313221125,,,126.8632141714,37.4924524597,20250316162225,,개봉유수지 생태공원,08329,11,530,VE,VE03,VE030100
서울특별시 성북구 개운사길 73 (안암동5가),,126501,12,20041230090000,http://tong.visitkorea.or.kr/cms/resource/01/3524101_image2_1.jpg,http://tong.visitkorea.or.kr/cms/resource/01/3524101_image3_1.jpg,127.0282880342,37.5902162775,20250820142302,,개운사(서울),02842,11,290,HS,HS03,HS030100
서울특별시 강서구 개화동,산 81-13,3385911,12,20241011154701,http://tong.visitkorea.or.kr/cms/resource/69/3383069_image2_1.JPG,http://tong.visitkorea.or.kr/cms/resource/69/3383069_image3_1.JPG,126.8045142510,37.5812522032,20250319184548,,개화산 호국공원,07504,11,500,VE,VE03,VE030500
서울특별시 성동구 고산자로 71 (성수동1가),,3440844,12,20241210133055,http://tong.visitkorea.or.kr/cms/resource/23/3440823_image2_1.jpg,http://tong.visitkorea.or.kr/cms/resource/23/3440823_image3_1.jpg,127.0361052512,37.5457465853,20250731150501,0507-1357-8670,거꾸로하우스,04771,11,200,EX,EX07,EX070200
서울특별시 구로구 구로동,73-1,2733966,12,20210817184201,http://tong.visitkorea.or.kr/cms/resource/86/2780786_image2_1.png,http://tong.visitkorea.or.kr/cms/resource/86/2780786_image2_1.png,126.8916141621,37.4995521419,20250331152327,,거리공원,08297,11,530,VE,VE03,VE030100
서울특별시 용산구 이촌동 302-183,,2758868,12,20211019192122,http://tong.visitkorea.or.kr/cms/resource/02/3446702_image2_1.jpg,http://tong.visitkorea.or.kr/cms/resource/02/3446702_image3_1.jpg,126.9676539295,37.5182707714,20241217162200,,거북선나루터,,11,170,NA,NA02,NA020100
서울특별시 종로구 사직로 161 (세종로),,1604652,12,20120417200928,http://tong.visitkorea.or.kr/cms/resource/10/2527110_image2_1.jpg,http://tong.visitkorea.or.kr/cms/resource/10/2527110_image3_1.jpg,126.9767375783,37.5760836609,20250313155516,,건청궁,03045,11,110,HS,HS01,HS011200
서울특별시 성북구 보국문로 113-10 (정릉동),,294505,12,20071127021151,,,127.0056310926,37.6139242251,20250318210632,,경국사(서울),02705,11,290,HS,HS03,HS030100
서울특별시 용산구 이태원동,210-65,2930839,12,20221206170152,,,126.9875154390,37.5384521160,20240522153723,,경리단길,04343,11,170,EX,EX07,EX070200
서울특별시 종로구 사직로 161 (세종로),,126508,12,20041230090000,http://tong.visitkorea.or.kr/cms/resource/94/3487594_image2_1.jpg,http://tong.visitkorea.or.kr/cms/resource/94/3487594_image3_1.jpg,126.9767375783,37.5760836609,20250910140307,,경복궁,03045,11,110,HS,HS01,HS010100
서울특별시 중구 세종대로 125 (태평로1가),,2373204,12,20160317011015,http://tong.visitkorea.or.kr/cms/resource/30/3077530_image2_1.JPG,http://tong.visitkorea.or.kr/cms/resource/30/3077530_image3_1.JPG,126.9768017026,37.5675596526,20250820142318,,경성 부민관 폭탄 의거지,04519,11,140,HS,HS01,HS011200
서울특별시 종로구 인사동10길 23-9,(경운동),264470,12,20040225025300,http://tong.visitkorea.or.kr/cms/resource/59/1568059_image2_1.jpg,http://tong.visitkorea.or.kr/cms/resource/59/1568059_image3_1.jpg,126.9858034574,37.5747089831,20250909173100,,경운동민병옥가옥,03146,11,110,HS,HS01,HS011100
서울특별시 마포구 와우산로37길 35,,2500229,12,20170718230034,http://tong.visitkorea.or.kr/cms/resource/79/3381279_image2_1.jpg,http://tong.visitkorea.or.kr/cms/resource/79/3381279_image3_1.jpg,126.9290369242,37.5564989709,20250317203919,,경의선책거리,04056,11,440,VE,VE04,VE040100
서울특별시 영등포구 국회대로 608 (당산동3가),,1826438,12,20130710015447,http://tong.visitkorea.or.kr/cms/resource/27/3466927_image2_1.jpg,http://tong.visitkorea.or.kr/cms/resource/27/3466927_image3_1.jpg,126.9015402823,37.5262992108,20250731142143,,경찰혼,07258,11,560,HS,HS02,HS020100
서울특별시 종로구 새문안로 45,,126484,12,20031027090000,http://tong.visitkorea.or.kr/cms/resource/37/3482237_image2_1.jpg,http://tong.visitkorea.or.kr/cms/resource/37/3482237_image3_1.jpg,126.9685079323,37.5704425020,20250313104321,,경희궁,03177,11,110,HS,HS01,HS010100
서울특별시 중구 장충동2가,192-5,1606042,12,20120418230309,http://tong.visitkorea.or.kr/cms/resource/95/1569195_image2_1.jpg,http://tong.visitkorea.or.kr/cms/resource/95/1569195_image3_1.jpg,127.0011136538,37.5577528954,20241018171230,,경희궁 숭정전,04623,11,140,HS,HS01,HS010100
서울특별시 종로구 새문안로 55 (신문로2가),,1604784,12,20120417231735,http://tong.visitkorea.or.kr/cms/resource/55/3384855_image2_1.JPG,http://tong.visitkorea.or.kr/cms/resource/55/3384855_image3_1.JPG,126.9707771853,37.5698981615,20250313134049,,경희궁 흥화문,03177,11,110,HS,HS01,HS010300
서울특별시 종로구 새문안로 55 (신문로2가),,1604824,12,20120417234220,http://tong.visitkorea.or.kr/cms/resource/98/3531398_image2_1.jpg,http://tong.visitkorea.or.kr/cms/resource/98/3531398_image3_1.jpg,126.9707771853,37.5698981615,20250909173100,,경희궁공원,03177,11,110,VE,VE03,VE030500
서울특별시 양천구 신정동,,2611568,12,20190718003936,http://tong.visitkorea.or.kr/cms/resource/61/2611561_image2_1.bmp,http://tong.visitkorea.or.kr/cms/resource/61/2611561_image3_1.bmp,126.8474483699,37.5127914822,20250404154313,,계남근린공원,08106,11,470,VE,VE03,VE030500
서울특별시 양천구 중앙로17길 21 (신정동),,3428372,12,20241128154957,http://tong.visitkorea.or.kr/cms/resource/03/3432303_image2_1.jpg,http://tong.visitkorea.or.kr/cms/resource/03/3432303_image3_1.jpg,117.9925662504,19.6944274800,20250404152317,,계남근린공원,08106,11,470,VE,VE03,VE030400
서울특별시 종로구 계동길 89 (계동),,3045019,12,20231121110102,http://tong.visitkorea.or.kr/cms/resource/73/3045073_image2_1.jpg,http://tong.visitkorea.or.kr/cms/resource/73/3045073_image3_1.jpg,126.9867059647,37.5813498946,20250403100822,,계동배렴가옥,03056,11,110,VE,VE12,VE120300
서울특별시 광진구 능동로 216,(능동) 서울어린이대공원 내,1826457,12,20130710020447,,,127.0771625000,37.5500801547,20250730102353,,고당조만식선생동상,04991,11,215,VE,VE01,VE010500
서울특별시 구로구 고척로45길 39 (고척동),,2591797,12,20190313222317,http://tong.visitkorea.or.kr/cms/resource/27/3400227_image2_1.JPG,http://tong.visitkorea.or.kr/cms/resource/27/3400227_image3_1.JPG,126.8533341175,37.5066367467,20250331150223,,고척근린공원,08239,11,530,VE,VE03,VE030400
서울특별시 구로구 고척동,산 8,2591799,12,20190313223130,http://tong.visitkorea.or.kr/cms/resource/28/3401728_image2_1.JPG,http://tong.visitkorea.or.kr/cms/resource/28/3401728_image3_1.JPG,126.8473068338,37.5086169645,20250331145136,,고척동 고인돌,08242,11,530,HS,HS01,HS011000
서울특별시 서대문구 충정로 8,,2453179,12,20161213013619,http://tong.visitkorea.or.kr/cms/resource/45/3462945_image2_1.jpg,http://tong.visitkorea.or.kr/cms/resource/45/3462945_image3_1.jpg,126.9631392793,37.5597464264,20250402164948,,고촌이종근기념관,03742,11,410,EX,EX06,EX061000
서울특별시 광진구 능동로 216 (능동),(어린이대공원 내),1827189,12,20130711223757,http://tong.visitkorea.or.kr/cms/resource/97/3466797_image2_1.jpg,http://tong.visitkorea.or.kr/cms/resource/97/3466797_image3_1.jpg,127.0762792676,37.5493552228,20250610100630,,고하송진우선생동상,04991,11,215,VE,VE01,VE010500
서울특별시 마포구 만리재로 19 (공덕동),,749192,12,20090608184451,http://tong.visitkorea.or.kr/cms/resource/23/3384423_image2_1.JPG,http://tong.visitkorea.or.kr/cms/resource/23/3384423_image3_1.JPG,126.9533433790,37.5445785695,20250317211337,,공덕동 족발골목,04214,11,440,VE,VE04,VE040100
서울특별시 서초구 바우뫼로7길 111,,776082,12,20090810181933,http://tong.visitkorea.or.kr/cms/resource/03/3393103_image2_1.JPG,http://tong.visitkorea.or.kr/cms/resource/03/3393103_image3_1.JPG,127.0222641043,37.4737408098,20250317223338,,관문사(서울),06762,11,650,HS,HS03,HS030100
서울특별시 관악구 광신길 142 (신림동),,3428259,12,20241128135419,http://tong.visitkorea.or.kr/cms/resource/77/3428277_image2_1.jpg,http://tong.visitkorea.or.kr/cms/resource/77/3428277_image3_1.jpg,126.9271202346,37.4649234640,20250731131103,,관악도시농업공원,08848,11,620,NA,NA05,NA050100
서울특별시 관악구 관악로,(신림동),126480,12,20040129090000,,,126.9540987991,37.4484036407,20240520102329,,관악산,08826,11,620,NA,NA01,NA010100
서울특별시 관악구 낙성대로 77,,126513,12,20041230090000,http://tong.visitkorea.or.kr/cms/resource/63/3503463_image2_1.jpg,http://tong.visitkorea.or.kr/cms/resource/63/3503463_image3_1.jpg,126.9602475997,37.4711316683,20250710141959,,관악산 낙성대공원,08799,11,620,HS,HS01,HS011200
서울특별시 관악구 문성로16다길 133-17 (신림동),,756580,12,20090623233349,http://tong.visitkorea.or.kr/cms/resource/67/3503467_image2_1.jpg,http://tong.visitkorea.or.kr/cms/resource/67/3503467_image3_1.jpg,126.9125881016,37.4692949186,20250710143207,,관악산 선우공원,08866,11,620,NA,NA04,NA040500
서울특별시 관악구 신림동,203,756594,12,20090623234834,http://tong.visitkorea.or.kr/cms/resource/24/3540224_image2_1.jpg,http://tong.visitkorea.or.kr/cms/resource/24/3540224_image3_1.jpg,126.9473157972,37.4585523416,20250917174142,,관악산 호수공원,08825,11,620,VE,VE03,VE030500
서울특별시 관악구 대학동 203번지 일대,,756590,12,20090623234132,http://tong.visitkorea.or.kr/cms/resource/45/755545_image2_1.jpg,http://tong.visitkorea.or.kr/cms/resource/45/755545_image3_1.jpg,126.9472963541,37.4585690064,20250528155418,,관악산공원 야외식물원,"151-858,1",11,620,NA,NA04,NA040700
서울특별시 관악구 신림동,산27-1,3081140,12,20231204140303,http://tong.visitkorea.or.kr/cms/resource/38/3081138_image2_1.JPG,http://tong.visitkorea.or.kr/cms/resource/38/3081138_image3_1.JPG,126.9455546273,37.4663402951,20240115102153,,관악산자연공원,08706,11,620,NA,NA04,NA040500
서울특별시 관악구 승방1길 109-80,(남현동),126916,12,20021021090000,http://tong.visitkorea.or.kr/cms/resource/59/3526759_image2_1.JPG,http://tong.visitkorea.or.kr/cms/resource/59/3526759_image3_1.JPG,126.9765239933,37.4676601403,20250826165044,,관음사(서울),08809,11,620,HS,HS03,HS030100
서울특별시 관악구 신림동,산 56-2,2779550,12,20211125195955,http://tong.visitkorea.or.kr/cms/resource/56/2796456_image2_1.jpg,http://tong.visitkorea.or.kr/cms/resource/56/2796456_image2_1.jpg,126.9383143508,37.4403515161,20250328142318,,관음사국기봉,08827,11,620,NA,NA01,NA010100
서울특별시 중구 퇴계로34길 28,,1605990,12,20120418220136,http://tong.visitkorea.or.kr/cms/resource/88/3077788_image2_1.JPG,http://tong.visitkorea.or.kr/cms/resource/88/3077788_image3_1.JPG,126.9935754302,37.5585082277,20250820100944,,관훈동 민씨 가옥 (구 부마도위박영효가옥),04626,11,140,HS,HS01,HS010400
서울특별시 광진구 능동로 238,,130938,12,20070802090000,http://tong.visitkorea.or.kr/cms/resource/02/3540002_image2_1.jpg,http://tong.visitkorea.or.kr/cms/resource/02/3540002_image3_1.jpg,127.0771624650,37.5513105664,20250917161324,,광나루안전체험관,04991,11,215,VE,VE12,VE120300
서울특별시 강동구 선사로 83-19 (천호동),,3065938,12,20231211175254,http://tong.visitkorea.or.kr/cms/resource/16/3065916_image2_1.jpg,http://tong.visitkorea.or.kr/cms/resource/16/3065916_image3_1.jpg,127.1179978077,37.5453008895,20250807144043,,광나루자전거공원,05250,11,740,VE,VE03,VE030400
서울특별시 강동구 선사로 83-106 (암사동),83-106,250252,12,20070921090000,http://tong.visitkorea.or.kr/cms/resource/11/3393811_image2_1.JPG,http://tong.visitkorea.or.kr/cms/resource/11/3393811_image3_1.JPG,127.1222639517,37.5500198634,20250807150154,,광나루한강공원,05249,11,740,VE,VE03,VE030100
서울특별시 강동구 선사로 83-106 (암사동),,814195,12,20091006200918,http://tong.visitkorea.or.kr/cms/resource/41/3508141_image2_1.jpg,http://tong.visitkorea.or.kr/cms/resource/41/3508141_image3_1.jpg,127.1222639517,37.5500198634,20250717100625,,광나루한강공원 암사생태공원,05249,11,740,NA,NA04,NA040500
서울특별시 광진구 광나루로 389 (군자동),,3060896,12,20231129171026,http://tong.visitkorea.or.kr/cms/resource/11/3052711_image2_1.jpg,http://tong.visitkorea.or.kr/cms/resource/11/3052711_image3_1.jpg,127.0732295916,37.5477470211,20250818153735,,광진광장공원,05006,11,215,VE,VE03,VE030100
서울특별시 강동구 구천면로 77,(천호동),1366921,12,20110819021516,http://tong.visitkorea.or.kr/cms/resource/99/3484699_image2_1.jpg,http://tong.visitkorea.or.kr/cms/resource/99/3484699_image3_1.jpg,127.1141592915,37.5444759163,20250331150334,,광진교 8번가,05250,11,740,VE,VE01,VE010200
서울특별시 종로구 서린동,,3094518,12,20240202155541,http://tong.visitkorea.or.kr/cms/resource/11/3094511_image2_1.jpg,http://tong.visitkorea.or.kr/cms/resource/11/3094511_image3_1.jpg,126.9811151529,37.5691539885,20240202155603,,광통교,03188,11,110,VE,VE01,VE010300
서울특별시 종로구 사직로 161,,126512,12,20031027090000,http://tong.visitkorea.or.kr/cms/resource/72/3069472_image2_1.JPG,http://tong.visitkorea.or.kr/cms/resource/72/3069472_image3_1.JPG,126.9768042386,37.5760725520,20250624174100,,광화문,03045,11,110,HS,HS01,HS010300
서울특별시 종로구 세종대로 172,,775394,12,20090805025125,http://tong.visitkorea.or.kr/cms/resource/24/3083624_image2_1.JPG,http://tong.visitkorea.or.kr/cms/resource/24/3083624_image3_1.JPG,126.9769709861,37.5727035021,20250711164820,,광화문광장,03154,11,110,VE,VE03,VE030500
서울특별시 마포구 독막로21길 15,,2500218,12,20170718203301,http://tong.visitkorea.or.kr/cms/resource/35/3393035_image2_1.JPG,http://tong.visitkorea.or.kr/cms/resource/35/3393035_image3_1.JPG,126.9286760682,37.5486359893,20250317211355,,광흥당,04065,11,440,EX,EX01,EX010100
서울특별시 중구 퇴계로 344,,129502,12,20070403090000,,,127.0096987947,37.5643772800,20250319172433,,광희문,04614,11,140,HS,HS01,HS010300
서울특별시 강동구 천중로 64 (천호동),,2761661,12,20211025223112,http://tong.visitkorea.or.kr/cms/resource/83/3463583_image2_1.jpg,http://tong.visitkorea.or.kr/cms/resource/83/3463583_image3_1.jpg,127.1288468315,37.5449094647,20250327163618,,구강사,05324,11,740,HS,HS03,HS030100
서울특별시 종로구 이화장길 81,(동숭동),250361,12,20071024090000,http://tong.visitkorea.or.kr/cms/resource/72/2031872_image2_1.jpg,http://tong.visitkorea.or.kr/cms/resource/72/2031872_image3_1.jpg,127.0032406515,37.5784255307,20250423162243,,구공업전습소본관,03087,11,110,HS,HS01,HS011100
서울특별시 구로구 공원로 73-1 (구로동),,3447964,12,20241217231958,http://tong.visitkorea.or.kr/cms/resource/36/3455136_image2_1.jpg,http://tong.visitkorea.or.kr/cms/resource/36/3455136_image3_1.jpg,126.8883643588,37.5030794513,20250731112145,,구로거리공원,08290,11,530,NA,NA05,NA050100
서울특별시 금천구 벚꽃로44길 17 (가산동),,2553960,12,20180717222207,http://tong.visitkorea.or.kr/cms/resource/88/3400288_image2_1.JPG,http://tong.visitkorea.or.kr/cms/resource/88/3400288_image3_1.JPG,126.8836486898,37.4828567166,20250331165107,,구로공단 노동자생활체험관,08509,11,545,EX,EX06,EX061000
서울특별시 구로구 구로중앙로42길 27,구로구 반려견 놀이터,3112063,12,20240328195446,,,126.8757403642,37.5082258503,20240328214257,,구로구 반려견 놀이터,08205,11,530,VE,VE03,VE030500
서울특별시 구로구 가마산로25길 21 (구로동),,2591829,12,20190313234629,http://tong.visitkorea.or.kr/cms/resource/77/3399877_image2_1.JPG,http://tong.visitkorea.or.kr/cms/resource/77/3399877_image3_1.JPG,126.8899921540,37.4971718329,20250331155037,,구로근린공원(이씨레물리노공원),08301,11,530,VE,VE03,VE030400
서울특별시 구로구 구로중앙로 197 (구로동),,2591803,12,20190313223748,http://tong.visitkorea.or.kr/cms/resource/47/3392947_image2_1.JPG,http://tong.visitkorea.or.kr/cms/resource/47/3392947_image3_1.JPG,126.8785568966,37.5038652961,20250316162843,,구로기계공구단지,08216,11,530,VE,VE05,VE050100
서울특별시 구로구 구로중앙로 13 (구로동),,2733981,12,20210817191529,http://tong.visitkorea.or.kr/cms/resource/43/3468043_image2_1.jpg,http://tong.visitkorea.or.kr/cms/resource/43/3468043_image3_1.jpg,126.8918449243,37.4914308667,20250610101223,,구로리어린이공원,08312,11,530,VE,VE03,VE030100
서울특별시 서초구 논현로5길 31-11 (양재동),,2773272,12,20211111184437,http://tong.visitkorea.or.kr/cms/resource/53/3467253_image2_1.jpg,http://tong.visitkorea.or.kr/cms/resource/53/3467253_image3_1.jpg,127.0489506338,37.4713026828,20250611092403,,구룡사,06791,11,650,HS,HS03,HS030100
서울특별시 서초구 염곡동,,2357761,12,20161230220453,http://tong.visitkorea.or.kr/cms/resource/90/3530390_image2_1.jpg,http://tong.visitkorea.or.kr/cms/resource/90/3530390_image3_1.jpg,127.0615995465,37.4690781677,20250902135634,,구룡산(서울),06792,11,650,NA,NA01,NA010100
서울특별시 강동구 암사동,,127379,12,20040227090000,http://tong.visitkorea.or.kr/cms/resource/20/3400820_image2_1.JPG,http://tong.visitkorea.or.kr/cms/resource/20/3400820_image3_1.JPG,127.1401145966,37.5678542251,20250327161729,,구암서원 터(구암정),05205,11,740,HS,HS01,HS010700
서울특별시 광진구 광나루로 571 (구의동),,2452856,12,20161212232620,,,127.0930806620,37.5442227879,20250331133807,,구의 아리수 정수센터,04981,11,215,EX,EX06,EX061000
서울특별시 강북구 4.19로8길 17,,126524,12,20040216090000,http://tong.visitkorea.or.kr/cms/resource/37/3393837_image2_1.JPG,http://tong.visitkorea.or.kr/cms/resource/37/3393837_image3_1.JPG,127.0091159038,37.6484480504,20250319174111,,국립4·19민주묘지,01009,11,305,HS,HS01,HS010800
서울특별시 종로구 삼청로 37,(세종로),2608977,12,20190703013858,http://tong.visitkorea.or.kr/cms/resource/93/3512693_image2_1.jpg,http://tong.visitkorea.or.kr/cms/resource/93/3512693_image3_1.jpg,126.9789455538,37.5816163907,20250728161144,,국립민속박물관&국립민속박물관 어린이박물관,03045,11,110,EX,EX06,EX061000
서울특별시 동작구 현충로 210,,126521,12,20020510090000,http://tong.visitkorea.or.kr/cms/resource/71/3531571_image2_1.jpg,http://tong.visitkorea.or.kr/cms/resource/71/3531571_image3_1.jpg,126.9732511193,37.5013561691,20250904094644,,국립서울현충원,06984,11,590,HS,HS01,HS011200
서울특별시 용산구 서빙고로 137 (용산동6가),,1604580,12,20120417195233,http://tong.visitkorea.or.kr/cms/resource/52/3505552_image2_1.jpg,http://tong.visitkorea.or.kr/cms/resource/52/3505552_image3_1.jpg,126.9791278024,37.5211706397,20250711163627,,국립중앙박물관 전통염료식물원,04383,11,170,NA,NA04,NA040700
서울특별시 용산구 서빙고로 137 (용산동6가),,3448289,12,20241218105140,http://tong.visitkorea.or.kr/cms/resource/93/3451093_image2_1.jpg,http://tong.visitkorea.or.kr/cms/resource/93/3451093_image3_1.jpg,126.9791278024,37.5211706397,20250711162804,,국립중앙박물관전통염료식물원,04383,11,170,HS,HS01,HS011200
서울특별시 양천구 목동동로 167,(신정동),1710166,12,20120908004928,http://tong.visitkorea.or.kr/cms/resource/64/1984664_image2_1.jpg,http://tong.visitkorea.or.kr/cms/resource/64/1984664_image3_1.jpg,126.8700849711,37.5207742914,20241017172301,,국제선센터,08013,11,470,EX,EX07,EX070200
서울특별시 구로구 새말로 102,,2591805,12,20190313224536,http://tong.visitkorea.or.kr/cms/resource/28/3467228_image2_1.jpg,http://tong.visitkorea.or.kr/cms/resource/28/3467228_image3_1.jpg,126.8914195585,37.5058319638,20250610102113,,국제음식문화거리(INTERNATIONAL FOOD STREET),08289,11,530,VE,VE04,VE040100
서울특별시 영등포구 의사당대로 1,(여의도동),126827,12,20030405090000,,,126.9142167446,37.5319710006,20240521104438,,국회의사당,07233,11,560,VE,VE01,VE010100
서울특별시 구로구 궁동,45,2591809,12,20190313225421,,,126.8293197915,37.5012175047,20240521150940,,궁동저수지 생태공원,08249,11,530,NA,NA04,NA040500
서울특별시 종로구 인사동9길 26 (견지동),,3456212,12,20241220155413,http://tong.visitkorea.or.kr/cms/resource/11/3455811_image2_1.jpg,http://tong.visitkorea.or.kr/cms/resource/11/3455811_image3_1.jpg,126.9836425781,37.5734729769,20241220155424,,그라운드서울,03145,11,110,VE,VE12,VE120300
서울특별시 중랑구 망우로91길 100 (망우동),,1606052,12,20120418231315,,,127.1132965420,37.6047522315,20250320104741,,극락사(서울),02062,11,260,HS,HS03,HS030100
서울특별시 금천구 금하로 668 (시흥동),,2756120,12,20211013190746,http://tong.visitkorea.or.kr/cms/resource/43/3509843_image2_1.jpg,http://tong.visitkorea.or.kr/cms/resource/43/3509843_image3_1.jpg,126.9044365310,37.4527355849,20250724110312,,금빛공원,08629,11,545,VE,VE03,VE030100
서울특별시 종로구 비봉길 137,,298109,12,20071127231739,,,126.9534467684,37.6207780461,20240516143942,,금선사(서울),03000,11,110,HS,HS03,HS030100
서울특별시 동대문구 고산자로36길 3 (제기동),"본관 3층, 4층",3044625,12,20231120180408,http://tong.visitkorea.or.kr/cms/resource/66/3521366_image2_1.jpg,http://tong.visitkorea.or.kr/cms/resource/66/3521366_image3_1.jpg,127.0387485112,37.5789844381,20250814164039,,금성전파사 캠퍼스아트센터,02571,11,230,EX,EX07,EX070200
서울특별시 은평구 진관동,53-5,3082221,12,20231205145046,http://tong.visitkorea.or.kr/cms/resource/15/3082215_image2_1.JPG,http://tong.visitkorea.or.kr/cms/resource/15/3082215_image3_1.JPG,126.9179965551,37.6444024400,20240116150732,,금암문화공원,03308,11,380,VE,VE03,VE030500
서울특별시 금천구 독산로54길 102-27 (독산동),,2756126,12,20211013191049,http://tong.visitkorea.or.kr/cms/resource/36/3467636_image2_1.jpg,http://tong.visitkorea.or.kr/cms/resource/36/3467636_image3_1.jpg,117.9925662504,19.6944274800,20250610104933,,금천 체육공원,08560,11,545,VE,VE03,VE030500
서울특별시 금천구 시흥대로38길 61 (시흥동),,2756134,12,20211013191335,http://tong.visitkorea.or.kr/cms/resource/14/3467814_image2_1.jpg,http://tong.visitkorea.or.kr/cms/resource/14/3467814_image3_1.jpg,126.9044811476,37.4464529821,20250610104627,,금천 폭포공원,08650,11,545,VE,VE03,VE030100
서울특별시 금천구 범안로15길 57,,2553946,12,20180717202828,http://tong.visitkorea.or.kr/cms/resource/77/3400277_image2_1.JPG,http://tong.visitkorea.or.kr/cms/resource/77/3400277_image3_1.JPG,126.8919733235,37.4688834875,20250316194748,,금천예술공장,08583,11,545,EX,EX06,EX061000
서울특별시 종로구 삼청로 118 (삼청동),,2993536,12,20230712145530,,,126.9819618211,37.5859909364,20250107170140,,기기국 번사창,03053,11,110,HS,HS01,HS011100
서울특별시 중구 퇴계로26가길 6,(예장동),2655928,12,20200512184319,http://tong.visitkorea.or.kr/cms/resource/67/3412267_image2_1.JPG,http://tong.visitkorea.or.kr/cms/resource/67/3412267_image3_1.JPG,126.9902812673,37.5591608706,20250328144347,,기억의 터(일본군 위안부),04628,11,140,EX,EX07,EX070200
서울특별시 광진구 중곡동,중곡4동 143-130,3060915,12,20231129172623,http://tong.visitkorea.or.kr/cms/resource/48/3052748_image2_1.jpg,http://tong.visitkorea.or.kr/cms/resource/48/3052748_image3_1.jpg,127.0962659796,37.5619402315,20241129091701,,긴고랑계곡,04921,11,215,NA,NA01,NA010400
서울특별시 광진구 긴고랑로 143 (중곡동),,2756575,12,20211013225357,http://tong.visitkorea.or.kr/cms/resource/37/3468037_image2_1.jpg,http://tong.visitkorea.or.kr/cms/resource/37/3468037_image3_1.jpg,127.0910359861,37.5589071568,20250610095630,,긴고랑공원,04944,11,215,VE,VE03,VE030100
서울특별시 강동구 천호대로 1291,(길동),127375,12,20031114090000,,,127.1568388307,37.5413187204,20240530133503,,길동생태공원,05291,11,740,NA,NA04,NA040500
서울특별시 서초구 강남대로39길 15-9 (서초동),101호,2946113,12,20230128202129,http://tong.visitkorea.or.kr/cms/resource/05/2947505_image2_1.jpg,http://tong.visitkorea.or.kr/cms/resource/05/2947505_image3_1.jpg,127.0324406141,37.4858368100,20250708174755,,길상도예,06735,11,650,EX,EX02,EX020400
서울특별시 성북구 선잠로5길 68 (성북동),,128866,12,20060323090000,http://tong.visitkorea.or.kr/cms/resource/72/3376572_image2_1.jpg,http://tong.visitkorea.or.kr/cms/resource/72/3376572_image3_1.jpg,126.9939575925,37.5985980194,20250318210124,,길상사(서울),02839,11,290,HS,HS03,HS030100
"서울특별시 성북구 길음로 11 (길음동, 길음역롯데캐슬트윈골드아파트)",,3451976,12,20241219112520,http://tong.visitkorea.or.kr/cms/resource/65/3451865_image2_1.jpg,http://tong.visitkorea.or.kr/cms/resource/65/3451865_image3_1.jpg,127.0234880845,37.6038534948,20241219112532,,길음역롯데캐슬트윈골드상가,02722,11,290,VE,VE12,VE120300
서울특별시 강서구 방화동,산110번지,3525021,12,20250821160319,http://tong.visitkorea.or.kr/cms/resource/17/3525017_image2_1.JPG,http://tong.visitkorea.or.kr/cms/resource/17/3525017_image3_1.JPG,126.8159132446,37.5800525448,20250821160331,,꿩고개공원,07512,11,500,VE,VE03,VE030100
서울특별시 중구 을지로 66,(을지로2가) 외환은행 본점 앞,1827190,12,20130711224147,http://tong.visitkorea.or.kr/cms/resource/66/3077666_image2_1.JPG,http://tong.visitkorea.or.kr/cms/resource/66/3077666_image3_1.JPG,126.9850482312,37.5655100385,20250820111842,,나석주의사동상,04538,11,140,VE,VE01,VE010500
서울특별시 종로구 낙산길 41,(동숭동),129501,12,20070403090000,http://tong.visitkorea.or.kr/cms/resource/28/3506728_image2_1.jpg,http://tong.visitkorea.or.kr/cms/resource/28/3506728_image3_1.jpg,127.0065125148,37.5805725621,20250718090000,,낙산공원,03085,11,110,VE,VE03,VE030400
서울특별시 종로구 종로63가길 31 (숭인동),,128872,12,20060330090000,http://tong.visitkorea.or.kr/cms/resource/69/3505769_image2_1.jpg,http://tong.visitkorea.or.kr/cms/resource/69/3505769_image3_1.jpg,127.0188448663,37.5755650327,20250714113136,,낙산묘각사,03112,11,110,HS,HS03,HS030100
서울특별시 종로구 삼일대로 428,,699222,12,20090225202222,http://tong.visitkorea.or.kr/cms/resource/02/2526402_image2_1.jpg,http://tong.visitkorea.or.kr/cms/resource/02/2526402_image3_1.jpg,126.9883060491,37.5732314221,20250102113613,,낙원동 아구찜 거리,03140,11,110,VE,VE04,VE040100
서울특별시 종로구 종로3가,종로3가역 5번 출구 낙원악기상가 앞 거리,3056376,12,20231204110117,http://tong.visitkorea.or.kr/cms/resource/57/3056357_image2_1.jpg,http://tong.visitkorea.or.kr/cms/resource/57/3056357_image3_1.jpg,126.9891143240,37.5726898327,20250718090000,,낙원동 포장마차거리,03139,11,110,VE,VE04,VE040100
서울특별시 마포구 월드컵로 365 (상암동),,2784060,12,20211201011322,,,126.8870625217,37.5725158027,20250317205039,,난지천공원,03900,11,440,VE,VE03,VE030100
서울특별시 마포구 한강난지로 162,,127859,12,20030630090000,http://tong.visitkorea.or.kr/cms/resource/15/2659815_image2_1.jpg,http://tong.visitkorea.or.kr/cms/resource/15/2659815_image3_1.jpg,126.8854129455,37.5628196780,20250730163931,,난지한강공원,03900,11,440,VE,VE03,VE030100
서울특별시 광진구 능동로 216,(능동) 서울어린이대공원 내,1827191,12,20130711225100,,,127.0763931608,37.5488358400,20250730103139,,남강이승훈선생동상,04991,11,215,VE,VE01,VE010500
서울특별시 중구 남대문시장길 16-17 (남창동),,748018,12,20090605202134,http://tong.visitkorea.or.kr/cms/resource/35/3082835_image2_1.png,http://tong.visitkorea.or.kr/cms/resource/35/3082835_image3_1.png,126.9769408005,37.5597300093,20250414131902,,남대문 갈치조림골목,04528,11,140,VE,VE04,VE040100
서울특별시 용산구 이태원동,259-16,1603482,12,20120416235548,http://tong.visitkorea.or.kr/cms/resource/09/3506309_image2_1.jpg,http://tong.visitkorea.or.kr/cms/resource/09/3506309_image3_1.jpg,126.9949146460,37.5426517608,20250718090000,,남산 야외식물원,04391,11,170,NA,NA04,NA040700
서울특별시 중구 소파로 83,,128776,12,20060202090000,,,126.9841041137,37.5569971220,20240903093123,,남산 케이블카,04630,11,140,EX,EX07,EX070200
서울특별시 중구 예장동 8-1,,1603336,12,20120416231413,http://tong.visitkorea.or.kr/cms/resource/25/3539625_image2_1.jpg,http://tong.visitkorea.or.kr/cms/resource/25/3539625_image3_1.jpg,126.9876206116,37.5516394747,20250917145211,,남산 팔각정,04628,11,140,VE,VE01,VE010100
서울특별시 중구 퇴계로34길 28 (필동2가),,126747,12,20040216090000,http://tong.visitkorea.or.kr/cms/resource/94/2932494_image2_1.bmp,http://tong.visitkorea.or.kr/cms/resource/94/2932494_image3_1.bmp,126.9932865315,37.5597775194,20250708170501,,남산골한옥마을,04626,11,140,HS,HS01,HS010600
서울특별시 중구 삼일대로 231 (예장동),,126485,12,20031105090000,http://tong.visitkorea.or.kr/cms/resource/56/3539656_image2_1.jpg,http://tong.visitkorea.or.kr/cms/resource/56/3539656_image3_1.jpg,126.9922311881,37.5556863093,20250917145911,,남산공원(서울),04628,11,140,VE,VE03,VE030500
서울특별시 용산구 남산공원길 105,,126535,12,20021031090000,http://tong.visitkorea.or.kr/cms/resource/70/3089670_image2_1.jpg,http://tong.visitkorea.or.kr/cms/resource/70/3089670_image3_1.jpg,126.9878983791,37.5511089858,20250910143824,,남산서울타워,04340,11,170,VE,VE01,VE010200
서울특별시 중구 남산공원길 609 (예장동),,2783557,12,20211130201410,http://tong.visitkorea.or.kr/cms/resource/60/3458860_image2_1.jpg,http://tong.visitkorea.or.kr/cms/resource/60/3458860_image3_1.jpg,126.9866844934,37.5549112997,20250721093644,,남산순환나들길,04628,11,140,NA,NA05,NA050100
서울특별시 중구 주자동,5-22,3067314,12,20231213103627,http://tong.visitkorea.or.kr/cms/resource/98/3067298_image2_1.JPG,http://tong.visitkorea.or.kr/cms/resource/98/3067298_image3_1.JPG,126.9888869118,37.5605217984,20250721094048,,남산예장공원,04627,11,140,VE,VE03,VE030200
서울특별시 중구 퇴계로26가길 6 (예장동),,3447859,12,20241217170734,http://tong.visitkorea.or.kr/cms/resource/70/3455270_image2_1.jpg,http://tong.visitkorea.or.kr/cms/resource/70/3455270_image3_1.jpg,126.9898035408,37.5588942261,20250721094148,,남산인권숲,04628,11,140,NA,NA05,NA050100
서울특별시 관악구 남현동,,3082015,12,20231204140004,http://tong.visitkorea.or.kr/cms/resource/11/3082011_image2_1.JPG,http://tong.visitkorea.or.kr/cms/resource/11/3082011_image3_1.JPG,126.9869510439,37.4598001285,20240116121046,,남태령고개,08810,11,620,NA,NA01,NA010100
서울특별시 마포구 와우산로19길 21 (서교동),빅마마건물 3층,2946242,12,20230130000209,http://tong.visitkorea.or.kr/cms/resource/69/2947669_image2_1.jpg,http://tong.visitkorea.or.kr/cms/resource/69/2947669_image3_1.jpg,126.9218988345,37.5512466761,20240816144556,,내맘대로폰케이스 홍대점,04041,11,440,EX,EX07,EX070200
서울특별시 성북구 보국문로 262-151 내원사,,298341,12,20071128015427,http://tong.visitkorea.or.kr/cms/resource/10/3465410_image2_1.jpg,http://tong.visitkorea.or.kr/cms/resource/10/3465410_image3_1.jpg,126.9951622409,37.6266725544,20250109093122,,내원사(서울),02700,11,290,HS,HS03,HS030100
서울특별시 동작구 노량진로 247 (본동),,2763685,12,20211027224421,http://tong.visitkorea.or.kr/cms/resource/37/3458537_image2_1.JPG,http://tong.visitkorea.or.kr/cms/resource/37/3458537_image3_1.JPG,126.9534914781,37.5130461243,20250401131356,,노들나루공원,06902,11,590,VE,VE03,VE030100
서울특별시 용산구 양녕로 445 (이촌동),,2638475,12,20191125183515,,,126.9580520415,37.5177178854,20250307094735,02-749-4500,노들섬,04427,11,170,VE,VE12,VE120300
서울특별시 동작구 노량진로 174 (노량진동),,3067187,12,20231212182136,http://tong.visitkorea.or.kr/cms/resource/86/3067186_image2_1.jpg,http://tong.visitkorea.or.kr/cms/resource/86/3067186_image3_1.jpg,126.9453227635,37.5135542529,20250624165209,,노량진컵밥거리,06913,11,590,VE,VE04,VE040100
서울특별시 노원구 화랑로 610 (공릉동),,2774274,12,20211115181918,,,127.0932978062,37.6243079306,20250316195953,,노원 불빛정원,01805,11,350,NA,NA04,NA040700
서울특별시 마포구 상암동,,2733971,12,20210817184927,,,126.8755135312,37.5740543063,20250912165551,,노을공원(서울),03900,11,440,VE,VE03,VE030100
서울특별시 노원구 공릉로22길 1 (공릉동),,3007012,12,20230904171324,http://tong.visitkorea.or.kr/cms/resource/07/3007007_image2_1.jpg,http://tong.visitkorea.or.kr/cms/resource/07/3007007_image3_1.jpg,127.0783159455,37.6205219892,20250812161556,,노해체육공원,01803,11,350,VE,VE03,VE030400
서울특별시 은평구 서오릉로 52 (녹번동),,3453040,12,20241219161800,http://tong.visitkorea.or.kr/cms/resource/96/3452496_image2_1.jpg,http://tong.visitkorea.or.kr/cms/resource/96/3452496_image3_1.jpg,126.9239887769,37.6055181816,20241226163300,,녹번서공원,03379,11,380,NA,NA05,NA050100
서울특별시 강남구 양재대로 340 (개포동),,1603149,12,20120416195250,http://tong.visitkorea.or.kr/cms/resource/34/3508134_image2_1.jpg,http://tong.visitkorea.or.kr/cms/resource/34/3508134_image3_1.jpg,127.0525947342,37.4717415860,20250717094328,,능인선원,06357,11,680,HS,HS03,HS030100
서울특별시 도봉구 창포원로 45 (도봉동),,2764354,12,20211028184216,http://tong.visitkorea.or.kr/cms/resource/48/3531548_image2_1.jpg,http://tong.visitkorea.or.kr/cms/resource/48/3531548_image3_1.jpg,127.0472806389,37.6914909527,20250904092605,,다락원체육공원,01318,11,320,VE,VE03,VE030500
서울특별시 종로구 인사동길 12 (인사동),지하 1층,2392535,12,20160713202443,http://tong.visitkorea.or.kr/cms/resource/94/3540794_image2_1.jpg,http://tong.visitkorea.or.kr/cms/resource/94/3540794_image3_1.jpg,126.9872367386,37.5719398862,20250918135009,,다이나믹 메이즈 인사동,03163,11,110,VE,VE02,VE020100
서울특별시 동작구 서달로 50-26,,299978,12,20071128181317,http://tong.visitkorea.or.kr/cms/resource/74/2690574_image2_1.jpg,http://tong.visitkorea.or.kr/cms/resource/74/2690574_image3_1.jpg,126.9626521644,37.4985229748,20250317210243,,달마사(서울),06987,11,590,HS,HS03,HS030100
서울특별시 성동구 금호동4가,,2741117,12,20210908003704,http://tong.visitkorea.or.kr/cms/resource/82/3512982_image2_1.jpg,http://tong.visitkorea.or.kr/cms/resource/82/3512982_image3_1.jpg,127.0210150240,37.5434521362,20250729170030,,달맞이근린공원,04743,11,200,VE,VE03,VE030100
서울특별시 동대문구 답십리로 210-9 (답십리동),,3057901,12,20231205095443,http://tong.visitkorea.or.kr/cms/resource/64/3057864_image2_1.jpg,http://tong.visitkorea.or.kr/cms/resource/64/3057864_image3_1.jpg,127.0637714345,37.5718468286,20250718090000,,답십리 영화의 거리,02609,11,230,VE,VE04,VE040100
서울특별시 용산구 청파로 139-26,,126803,12,20041230090000,,,126.9669951674,37.5355770817,20240522112129,,당고개순교성지,04368,11,170,HS,HS03,HS030200
서울특별시 영등포구 당산동3가,,3060934,12,20231130142850,http://tong.visitkorea.or.kr/cms/resource/87/3054287_image2_1.jpg,http://tong.visitkorea.or.kr/cms/resource/87/3054287_image3_1.jpg,126.8957130537,37.5256519597,20250605173656,,당산공원,07260,11,560,VE,VE03,VE030100
서울특별시 종로구 율곡로10길 87 (봉익동),,299980,12,20071128182609,http://tong.visitkorea.or.kr/cms/resource/54/3505754_image2_1.jpg,http://tong.visitkorea.or.kr/cms/resource/54/3505754_image3_1.jpg,126.9918001618,37.5736980971,20250714111606,,대각사(서울),03134,11,110,HS,HS03,HS030100
서울특별시 영등포구 대림동,1050-43,2402981,12,20160820023653,http://tong.visitkorea.or.kr/cms/resource/92/3526892_image2_1.jpg,http://tong.visitkorea.or.kr/cms/resource/92/3526892_image3_1.jpg,126.8975138236,37.4924530714,20250827165120,,대림동 차이나타운,07416,11,560,VE,VE04,VE040100
서울특별시 영등포구 대림로 106 (대림동),,2753103,12,20211006002924,http://tong.visitkorea.or.kr/cms/resource/93/3399393_image2_1.JPG,http://tong.visitkorea.or.kr/cms/resource/93/3399393_image3_1.JPG,126.9032244523,37.4911227720,20250306133844,,대림어린이공원,07438,11,560,VE,VE03,VE030300
서울특별시 강남구 광평로10길 30-71,(일원동),1602451,12,20120414025259,,,127.0750897453,37.4775857564,20240605105939,,대모산도시자연공원,06359,11,680,NA,NA04,NA040500
서울특별시 강남구 일원동,산63-57,3076460,12,20231120102814,http://tong.visitkorea.or.kr/cms/resource/15/3524515_image2_1.jpg,http://tong.visitkorea.or.kr/cms/resource/15/3524515_image3_1.jpg,127.0783976958,37.4804771469,20250821092548,,대모산숲속야생화원,06344,11,680,NA,NA04,NA040500
서울특별시 서초구 남부순환로328길 49 (서초동),,300076,12,20071128223420,http://tong.visitkorea.or.kr/cms/resource/09/3540509_image2_1.jpg,http://tong.visitkorea.or.kr/cms/resource/09/3540509_image3_1.jpg,127.0134731649,37.4763181306,20250918100119,,대성사(서울),06757,11,650,HS,HS03,HS030100
서울특별시 종로구 부암동,,1605948,12,20120418201015,,,126.9624161239,37.5950534201,20250313170136,,대원군별장(석파정),03021,11,110,HS,HS01,HS011200
서울특별시 강남구 역삼로107길 20-30 (대치동),,2733970,12,20210817185335,http://tong.visitkorea.or.kr/cms/resource/48/3467748_image2_1.jpg,http://tong.visitkorea.or.kr/cms/resource/48/3467748_image3_1.jpg,117.9925662504,19.6944274800,20250609134736,,대치유수지체육공원,06177,11,680,VE,VE03,VE030500
서울특별시 종로구 대학로 104 (동숭동),,126534,12,20020419090000,http://tong.visitkorea.or.kr/cms/resource/22/3384822_image2_1.JPG,http://tong.visitkorea.or.kr/cms/resource/22/3384822_image3_1.JPG,127.0023878907,37.5805669329,20250314101454,,대학로,03087,11,110,VE,VE04,VE040100
서울특별시 중구 세종대로21길 15,(정동),127015,12,20030109090000,,,126.9760490054,37.5671457978,20250730161412,,대한성공회 서울주교좌성당,04519,11,140,HS,HS03,HS030200
서울특별시 중구 세종대로 39,,2373223,12,20160317021951,http://tong.visitkorea.or.kr/cms/resource/30/3412230_image2_1.JPG,http://tong.visitkorea.or.kr/cms/resource/30/3412230_image3_1.JPG,126.9737577300,37.5607020615,20250328144231,,대한제국군 서울시가 전투지,04513,11,140,HS,HS01,HS011200
서울특별시 서대문구 이화여대1길 10 (대현동),,3456362,12,20241220165817,http://tong.visitkorea.or.kr/cms/resource/80/3456380_image2_1.jpg,http://tong.visitkorea.or.kr/cms/resource/80/3456380_image3_1.jpg,126.9449298864,37.5576991161,20250730161058,,대현문화공원,03766,11,410,VE,VE03,VE030400
서울특별시 성동구 금호동1가,1-72,3352052,12,20240822141833,http://tong.visitkorea.or.kr/cms/resource/05/3351805_image2_1.jpg,http://tong.visitkorea.or.kr/cms/resource/05/3351805_image3_1.jpg,127.0219145480,37.5573533154,20250318191219,,대현산배수지공원·대현산배수지공원 모노레일,04721,11,200,VE,VE03,VE030100
서울특별시 광진구 천호대로 549 (중곡동),지하 1층,3043811,12,20231120112423,http://tong.visitkorea.or.kr/cms/resource/69/3540069_image2_1.jpg,http://tong.visitkorea.or.kr/cms/resource/69/3540069_image3_1.jpg,127.0792426486,37.5577515230,20250917163517,,더 페이퍼랩,04919,11,215,EX,EX07,EX070200
서울특별시 중구 장충단로13길 20 (을지로6가),지하 1층,2794931,12,20211214053210,http://tong.visitkorea.or.kr/cms/resource/06/2796106_image2_1.jpg,http://tong.visitkorea.or.kr/cms/resource/06/2796106_image2_1.jpg,127.0076821872,37.5687878415,20241210163032,,더벨스파 동대문현대시티아울렛점,04563,11,140,EX,EX05,EX050500
서울특별시 중구 세종대로 99,,126509,12,20040225090000,http://tong.visitkorea.or.kr/cms/resource/05/3092905_image2_1.jpg,http://tong.visitkorea.or.kr/cms/resource/05/3092905_image3_1.jpg,126.9749296905,37.5661486714,20250402143707,,덕수궁,04519,11,140,HS,HS01,HS010100
서울특별시 중구 세종대로 99 (정동),,1605981,12,20120418205524,http://tong.visitkorea.or.kr/cms/resource/91/3384991_image2_1.JPG,http://tong.visitkorea.or.kr/cms/resource/91/3384991_image3_1.JPG,126.9765906796,37.5651071556,20250730154607,,덕수궁 대한문,04519,11,140,HS,HS01,HS010300
서울특별시 중구 세종대로 지하 101,,129186,12,20060727090000,http://tong.visitkorea.or.kr/cms/resource/50/2658350_image2_1.jpg,http://tong.visitkorea.or.kr/cms/resource/50/2658350_image3_1.jpg,126.9748935853,37.5660820124,20250109134517,,덕수궁 돌담길,04519,11,140,VE,VE04,VE040100
서울특별시 도봉구 도봉동,,126481,12,20030929090000,http://tong.visitkorea.or.kr/cms/resource/47/3511647_image2_1.jpg,http://tong.visitkorea.or.kr/cms/resource/47/3511647_image3_1.jpg,127.0155138235,37.7009531679,20250730142412,,도봉산,01349,11,320,NA,NA01,NA010100
서울특별시 도봉구 도봉산길 89 (도봉동),90,1955511,12,20141013195747,http://tong.visitkorea.or.kr/cms/resource/35/3401335_image2_1.JPG,http://tong.visitkorea.or.kr/cms/resource/35/3401335_image3_1.JPG,127.0307045282,37.6860746178,20250718173051,,도봉서원(서울),01300,11,320,HS,HS01,HS010900
서울특별시 강남구 도산대로45길 20 (신사동),,126486,12,20031105090000,http://tong.visitkorea.or.kr/cms/resource/94/3510994_image2_1.jpg,http://tong.visitkorea.or.kr/cms/resource/94/3510994_image3_1.jpg,127.0356170227,37.5240046579,20250722145948,,도산공원,06020,11,680,VE,VE03,VE030500
서울특별시 강북구 삼양로173길 504,(우이동),126502,12,20040216090000,,,126.9897341460,37.6552274686,20240516092504,,도선사(서울),01002,11,305,HS,HS03,HS030100
서울특별시 양천구 신월동,산174-1,2611730,12,20190718200512,http://tong.visitkorea.or.kr/cms/resource/18/2611718_image2_1.bmp,http://tong.visitkorea.or.kr/cms/resource/18/2611718_image3_1.bmp,126.8262419697,37.5128105466,20250115162015,,도시농업공원,08051,11,470,VE,VE03,VE030500
서울특별시 노원구 덕릉로145길 97 (상계동),,750863,12,20090610191833,,,127.0850912761,37.6845868836,20250910185446,,도안사,01633,11,350,HS,HS03,HS030100
서울특별시 서대문구 통일로 251 (현저동),,1828571,12,20130717192817,http://tong.visitkorea.or.kr/cms/resource/28/2413928_image2_1.jpg,http://tong.visitkorea.or.kr/cms/resource/28/2413928_image3_1.jpg,126.9573421635,37.5746723659,20250317211530,,독립관,03732,11,410,HS,HS01,HS010100
서울특별시 서대문구 현저동,,127425,12,20041230090000,http://tong.visitkorea.or.kr/cms/resource/07/3530107_image2_1.JPG,http://tong.visitkorea.or.kr/cms/resource/07/3530107_image3_1.JPG,126.9595142504,37.5724532182,20250901173553,,독립문,03733,11,410,HS,HS01,HS010300
서울특별시 종로구 삼일대로 457,(경운동),2783547,12,20211130201257,http://tong.visitkorea.or.kr/cms/resource/09/3412009_image2_1.JPG,http://tong.visitkorea.or.kr/cms/resource/09/3412009_image3_1.JPG,126.9862006239,37.5754005765,20241113165810,,독립선언문 배부 터,03147,11,110,HS,HS01,HS011200
서울특별시 금천구 범안로 1096 (독산동),,2756142,12,20211013191601,http://tong.visitkorea.or.kr/cms/resource/59/3467759_image2_1.jpg,http://tong.visitkorea.or.kr/cms/resource/59/3467759_image3_1.jpg,126.8849491194,37.4633256748,20250610104756,,독산 근린공원,08596,11,545,VE,VE03,VE030400
서울특별시 중구 세종대로 99 (정동),,3023349,12,20231024110126,,,126.9765906796,37.5651071556,20250306171400,,돈덕전,04519,11,140,HS,HS01,HS011100
서울특별시 성북구 북악산로 809 (정릉동),,3060927,12,20231130120147,http://tong.visitkorea.or.kr/cms/resource/42/3053742_image2_1.jpg,http://tong.visitkorea.or.kr/cms/resource/42/3053742_image3_1.jpg,127.0144862123,37.6008620145,20250724104518,,돈암동아리랑고개,02819,11,290,NA,NA01,NA010100
서울특별시 성북구 동소문로3길 84 (동소문동4가),,3043990,12,20231120135632,http://tong.visitkorea.or.kr/cms/resource/83/3043983_image2_1.jpg,http://tong.visitkorea.or.kr/cms/resource/83/3043983_image3_1.jpg,127.0091897415,37.5914074625,20250818134944,,돈암장,02832,11,290,HS,HS01,HS011100
서울특별시 종로구 종로52길 36 (창신동),,1187220,12,20110127185247,http://tong.visitkorea.or.kr/cms/resource/04/3499204_image2_1.jpg,http://tong.visitkorea.or.kr/cms/resource/04/3499204_image3_1.jpg,127.0144620541,37.5712848958,20250619100755,,동대문 문구완구거리 (창신동 문구완구시장),03120,11,110,VE,VE04,VE040100
서울특별시 동대문구 장안동 316-15(중랑천 장안교 하부),,3111840,12,20240326201321,,,127.0757923339,37.5798461158,20240326201528,,동대문구 반려견 놀이터,02519,11,230,VE,VE03,VE030500
서울특별시 중구 을지로 281 (을지로7가),,2470006,12,20161228221826,http://tong.visitkorea.or.kr/cms/resource/06/3539606_image2_1.jpg,http://tong.visitkorea.or.kr/cms/resource/06/3539606_image3_1.jpg,127.0095709797,37.5661076320,20250917144442,,동대문디자인플라자(DDP),04566,11,140,EX,EX06,EX061000
서울특별시 중구 을지로 281,(을지로7가),1906334,12,20140319021307,http://tong.visitkorea.or.kr/cms/resource/04/3064104_image2_1.JPG,http://tong.visitkorea.or.kr/cms/resource/04/3064104_image3_1.JPG,127.0101708978,37.5670686420,20250718090000,,동대문역사문화공원,04566,11,140,VE,VE03,VE030500
서울특별시 종로구 삼청로 1,,1603677,12,20120417023854,,,126.9794373301,37.5761337030,20240904170420,,동십자각,03045,11,110,HS,HS01,HS010200
서울특별시 동작구 상도로15바길 5 (상도동),,2764187,12,20211028015410,http://tong.visitkorea.or.kr/cms/resource/94/3397194_image2_1.jpg,http://tong.visitkorea.or.kr/cms/resource/94/3397194_image3_1.jpg,126.9332602397,37.5041023568,20250317195729,,동작청소년센터,06948,11,590,VE,VE12,VE120300
서울특별시 노원구 동일로 1238 서울시립 북서울미술관,,3006915,12,20230904163828,http://tong.visitkorea.or.kr/cms/resource/00/3006900_image2_1.jpg,http://tong.visitkorea.or.kr/cms/resource/00/3006900_image3_1.jpg,127.0668719687,37.6407111019,20250812161254,,등나무근린공원,01783,11,350,VE,VE03,VE030100
서울특별시 마포구 월드컵북로 396 (상암동),,2452881,12,20161212234344,http://tong.visitkorea.or.kr/cms/resource/70/2502570_image2_1.jpg,http://tong.visitkorea.or.kr/cms/resource/70/2502570_image3_1.jpg,126.8903675790,37.5794706086,20250903110457,,디지털 파빌리온,03925,11,440,EX,EX06,EX061000
서울특별시 구로구 경인로 624 (신도림동),,3448217,12,20241218100820,http://tong.visitkorea.or.kr/cms/resource/42/3452942_image2_1.jpg,http://tong.visitkorea.or.kr/cms/resource/42/3452942_image3_1.jpg,126.8854062045,37.5062901367,20250730111351,,디큐브시티 해바라기 공원,08213,11,530,NA,NA05,NA050100
서울특별시 성동구 왕십리로 27 (성수동1가),,2456069,12,20161214191825,http://tong.visitkorea.or.kr/cms/resource/86/3496386_image2_1.jpg,http://tong.visitkorea.or.kr/cms/resource/86/3496386_image3_1.jpg,117.9925662504,19.6944274800,20250610095524,,뚝도 아리수 정수센터,04770,11,200,EX,EX06,EX061000
서울특별시 광진구 강변북로 2202,(자양동),2757145,12,20211014182857,,,127.0659973939,37.5309294000,20250108155042,,뚝섬 전망 문화 콤플렉스,05089,11,215,VE,VE01,VE010200
서울특별시 광진구 자양동 427-27,,2756583,12,20211013230149,http://tong.visitkorea.or.kr/cms/resource/02/3467602_image2_1.jpg,http://tong.visitkorea.or.kr/cms/resource/02/3467602_image3_1.jpg,127.0718996655,37.5298324112,20250610095826,,뚝섬 한강공원 엑스게임장,,11,215,VE,VE02,VE020100
서울특별시 광진구 강변북로 2273 (자양동),,1030763,12,20100526002010,http://tong.visitkorea.or.kr/cms/resource/61/3534561_image2_1.jpg,http://tong.visitkorea.or.kr/cms/resource/61/3534561_image3_1.jpg,127.0739939307,37.5294186076,20250910144924,,뚝섬한강공원,05097,11,215,VE,VE03,VE030100
서울특별시 광진구 자양동,,2756578,12,20211013225728,http://tong.visitkorea.or.kr/cms/resource/65/3539865_image2_1.jpg,http://tong.visitkorea.or.kr/cms/resource/65/3539865_image3_1.jpg,127.0713164044,37.5291519240,20250917153244,,뚝섬한강공원 벽천마당,05097,11,215,VE,VE03,VE030100
서울특별시 강남구 언주로 564 (역삼동),,3074841,12,20230925121134,http://tong.visitkorea.or.kr/cms/resource/83/3530883_image2_1.jpg,http://tong.visitkorea.or.kr/cms/resource/83/3530883_image3_1.jpg,127.0394226796,37.5081871185,20250903131524,,라움아트센터,06143,11,680,VE,VE12,VE120300
서울특별시 종로구 가회동,31-6,2992824,12,20230706143741,,,126.9839145240,37.5823525048,20250107145158,010-3882-3106,락고재 컬쳐 라운지 애가헌,03052,11,110,EX,EX01,EX010100
서울특별시 용산구 한강대로 405,,2440925,12,20161118193750,http://tong.visitkorea.or.kr/cms/resource/78/3505778_image2_1.jpg,http://tong.visitkorea.or.kr/cms/resource/78/3505778_image3_1.jpg,126.9717164149,37.5548277077,20250714130818,,레일크루즈 해랑열차,04320,11,170,EX,EX07,EX070200
서울특별시 마포구 상수동,,2500214,12,20170718202405,http://tong.visitkorea.or.kr/cms/resource/37/3464837_image2_1.jpg,http://tong.visitkorea.or.kr/cms/resource/37/3464837_image3_1.jpg,126.9214545083,37.5484886553,20250108152426,,로렌스길,04049,11,440,VE,VE04,VE040100
서울특별시 강서구 하늘길 38 (방화동),김포공항 롯데몰 스카이시티,3090533,12,20231205153149,http://tong.visitkorea.or.kr/cms/resource/23/3090523_image2_1.jpg,http://tong.visitkorea.or.kr/cms/resource/23/3090523_image3_1.jpg,126.8030065089,37.5651123866,20250804172129,,롯데몰 김포공항점스카이파크,07505,11,500,VE,VE03,VE030100
서울특별시 송파구 올림픽로 300 (신천동),지하 1층,2476731,12,20170119231136,http://tong.visitkorea.or.kr/cms/resource/45/2384845_image2_1.jpg,http://tong.visitkorea.or.kr/cms/resource/45/2384845_image3_1.jpg,127.1040749597,37.5141653654,20250305112047,,롯데월드 아쿠아리움,05551,11,710,VE,VE02,VE020400
서울특별시 송파구 올림픽로 240,,126498,12,20031105090000,http://tong.visitkorea.or.kr/cms/resource/00/3304300_image2_1.jpg,http://tong.visitkorea.or.kr/cms/resource/00/3304300_image3_1.jpg,127.0979006014,37.5113516917,20250318215401,,롯데월드 어드벤처,05554,11,710,VE,VE02,VE020100
서울특별시 송파구 올림픽로 300 (신천동),117~123층,2492348,12,20170512183852,http://tong.visitkorea.or.kr/cms/resource/66/3092766_image2_1.jpg,http://tong.visitkorea.or.kr/cms/resource/66/3092766_image3_1.jpg,127.1040749597,37.5141653654,20250826174743,,롯데월드타워 서울스카이,05551,11,710,VE,VE01,VE010200
서울특별시 송파구 올림픽로 300 (신천동),,2003909,12,20150519202147,http://tong.visitkorea.or.kr/cms/resource/94/2938994_image2_1.bmp,http://tong.visitkorea.or.kr/cms/resource/94/2938994_image3_1.bmp,127.1040749597,37.5141653654,20250414114039,,롯데월드타워&롯데월드몰,05551,11,710,VE,VE01,VE010100
서울특별시 중구 을지로 30 (소공동),본관 7층,2794933,12,20211214053541,http://tong.visitkorea.or.kr/cms/resource/57/2796257_image2_1.jpg,http://tong.visitkorea.or.kr/cms/resource/57/2796257_image2_1.jpg,126.9810458210,37.5654016461,20250421161054,,롯데호텔 서울 설화수 스파,04533,11,140,EX,EX05,EX050500
서울특별시 구로구 오류동,"산43-31, 산43-32",2591813,12,20190313225631,http://tong.visitkorea.or.kr/cms/resource/81/3392981_image2_1.JPG,http://tong.visitkorea.or.kr/cms/resource/81/3392981_image3_1.JPG,126.8293840248,37.4887161799,20250316144317,,류순정·류홍 부자 묘역,08358,11,530,HS,HS01,HS010800
서울특별시 마포구 서교동 339-5,4층,2946527,12,20230131133836,http://tong.visitkorea.or.kr/cms/resource/75/2945575_image2_1.jpg,http://tong.visitkorea.or.kr/cms/resource/75/2945575_image3_1.jpg,126.9271149424,37.5542047587,20250117234705,,리얼 이스케이프 챌린지,04054,11,440,EX,EX07,EX070200
서울특별시 성동구 연무장13길 8,,2850356,12,20220906160555,,,127.0584227632,37.5422307285,20240529094913,,리얼월드 성수,04783,11,200,EX,EX07,EX070200
서울특별시 성북구 성북로31길 9 (성북동),,3027054,12,20231027173155,,,126.9904802440,37.5946345287,20250119150008,,리홀뮤직갤러리,02879,11,290,VE,VE12,VE120300
서울특별시 강남구 논현로155길 8 (신사동),한주빌딩 지하 1층,2720441,12,20210610004430,http://tong.visitkorea.or.kr/cms/resource/72/3496372_image2_1.jpg,http://tong.visitkorea.or.kr/cms/resource/72/3496372_image3_1.jpg,127.0273206149,37.5219380820,20250610093711,,립바이 메이크업 스튜디오,06032,11,680,EX,EX07,EX070200
서울특별시 강서구 마곡중앙5로 지하9 (마곡동),,3458417,12,20241223165226,http://tong.visitkorea.or.kr/cms/resource/81/3458381_image2_1.JPG,http://tong.visitkorea.or.kr/cms/resource/81/3458381_image3_1.JPG,126.8269404101,37.5660654800,20241227112221,,마곡광장,07797,11,500,VE,VE03,VE030400
서울특별시 강서구 마곡중앙로 13 (내발산동),,3331253,12,20240704154810,http://tong.visitkorea.or.kr/cms/resource/46/3331246_image2_1.JPG,http://tong.visitkorea.or.kr/cms/resource/46/3331246_image3_1.JPG,126.8249436714,37.5553222488,20250321112000,,마곡안전체험관,07630,11,500,EX,EX07,EX070200
서울특별시 종로구 대학로 104,,126487,12,20031106090000,http://tong.visitkorea.or.kr/cms/resource/35/3506735_image2_1.jpg,http://tong.visitkorea.or.kr/cms/resource/35/3506735_image3_1.jpg,127.0027239807,37.5802419773,20250718090000,,마로니에공원,03087,11,110,VE,VE03,VE030100
서울특별시 강남구 일원동,,2752525,12,20211001225212,http://tong.visitkorea.or.kr/cms/resource/61/3467561_image2_1.jpg,http://tong.visitkorea.or.kr/cms/resource/61/3467561_image3_1.jpg,127.0808164645,37.4965531025,20250609135232,,마루공원,06338,11,680,VE,VE02,VE020100
서울특별시 도봉구 시루봉로15마길 13 (방학동),,3483103,12,20250324135206,http://tong.visitkorea.or.kr/cms/resource/94/3483094_image2_1.jpg,http://tong.visitkorea.or.kr/cms/resource/94/3483094_image3_1.jpg,127.0315577391,37.6681794929,20250324135219,,마을극장 흰고무신,01315,11,320,VE,VE12,VE120300
서울특별시 송파구 성내천로23길 12 (마천동),,2757653,12,20211015195145,http://tong.visitkorea.or.kr/cms/resource/52/3401452_image2_1.JPG,http://tong.visitkorea.or.kr/cms/resource/52/3401452_image3_1.JPG,127.1457909755,37.5012815023,20250404105911,,마천공원,05732,11,710,VE,VE03,VE030100
서울특별시 영등포구 여의도동,,753558,12,20090616203942,http://tong.visitkorea.or.kr/cms/resource/69/3525369_image2_1.jpg,http://tong.visitkorea.or.kr/cms/resource/69/3525369_image3_1.jpg,126.9371146051,37.5338517473,20250822110900,,마포대교,07240,11,560,VE,VE01,VE010300
서울특별시 마포구 용강동,,3385841,12,20241011151127,http://tong.visitkorea.or.kr/cms/resource/58/3383058_image2_1.JPG,http://tong.visitkorea.or.kr/cms/resource/58/3383058_image3_1.JPG,126.9408140425,37.5418536613,20250317203407,,마포음식문화거리,04162,11,440,VE,VE04,VE040100
서울특별시 마포구 마포대로 20 (마포동),,2373247,12,20160317023751,http://tong.visitkorea.or.kr/cms/resource/62/3401362_image2_1.JPG,http://tong.visitkorea.or.kr/cms/resource/62/3401362_image3_1.JPG,126.9450026445,37.5384763513,20250402160006,,마포전차종점 3·1운동 만세 시위지,04175,11,440,HS,HS01,HS011200
서울특별시 관악구 신림로 23,(신림동),2759682,12,20211020194303,http://tong.visitkorea.or.kr/cms/resource/43/3467843_image2_1.jpg,http://tong.visitkorea.or.kr/cms/resource/43/3467843_image3_1.jpg,126.9454518049,37.4682678469,20250610094703,,만남의광장,08825,11,620,VE,VE03,VE030500
서울특별시 성북구 성북로29길 24 (성북동),,1395466,12,20111005024447,http://tong.visitkorea.or.kr/cms/resource/15/3503015_image2_1.jpg,http://tong.visitkorea.or.kr/cms/resource/15/3503015_image3_1.jpg,126.9918301490,37.5936513341,20250708100454,,만해 한용운 심우장,02879,11,290,HS,HS01,HS010400
서울특별시 중랑구 망우로 570,(망우동),2650756,12,20200330201043,http://tong.visitkorea.or.kr/cms/resource/24/2006124_image2_1.JPG,http://tong.visitkorea.or.kr/cms/resource/24/2006124_image2_1.JPG,127.1148326940,37.5984057744,20250331135106,,망우 역사문화공원,02178,11,260,VE,VE03,VE030100
서울특별시 중랑구 망우동 산 69-1,일대,1115203,12,20101022012107,http://tong.visitkorea.or.kr/cms/resource/89/1902989_image2_1.jpg,http://tong.visitkorea.or.kr/cms/resource/89/1902989_image3_1.jpg,127.1056030968,37.5942810870,20241128143513,,망우산(서울),02180,11,260,NA,NA01,NA010100
서울특별시 마포구 월드컵로25길 190 (망원동),,3062089,12,20231207135539,http://tong.visitkorea.or.kr/cms/resource/29/3062029_image2_1.jpg,http://tong.visitkorea.or.kr/cms/resource/29/3062029_image3_1.jpg,126.8969787272,37.5568178050,20250801115930,,망원유수지체육공원,03954,11,440,VE,VE03,VE030100
서울특별시 마포구 동교로8안길 23,(합정동),127307,12,20020510090000,http://tong.visitkorea.or.kr/cms/resource/43/720543_image2_1.jpg,http://tong.visitkorea.or.kr/cms/resource/43/720543_image3_1.jpg,126.9046921083,37.5498715280,20250102142143,,망원정지,04019,11,440,HS,HS01,HS011200
서울특별시 마포구 마포나루길 467,,1059638,12,20100714202641,,,126.8999035848,37.5523989260,20250912172044,,망원한강공원,04005,11,440,VE,VE03,VE030100
서울특별시 서초구 매헌로 99 (양재동),,1131275,12,20101119223407,http://tong.visitkorea.or.kr/cms/resource/66/2668466_image2_1.jpg,http://tong.visitkorea.or.kr/cms/resource/66/2668466_image3_1.jpg,127.0368379074,37.4691610476,20250317223516,,매헌시민의 숲,06773,11,650,NA,NA01,NA010200
서울특별시 영등포구 신길로 275 (영등포동),,2373320,12,20160317025228,http://tong.visitkorea.or.kr/cms/resource/48/3384448_image2_1.JPG,http://tong.visitkorea.or.kr/cms/resource/48/3384448_image3_1.JPG,126.9122840318,37.5162061316,20250315145118,,맥아더 사령관 한강방어선 시찰지,07307,11,560,HS,HS01,HS011200
서울특별시 중구 명동2가,,264311,12,20021219014622,,,126.9849150050,37.5621520930,20250319145430,,명동,04536,11,140,EX,EX07,EX070200
서울특별시 중구 세종대로 40,(남대문로4가),1957600,12,20141020203238,http://tong.visitkorea.or.kr/cms/resource/42/3077642_image2_1.JPG,http://tong.visitkorea.or.kr/cms/resource/42/3077642_image3_1.JPG,126.9753048316,37.5599771733,20250820134146,,명동 남대문 북창동 다동무교동 관광특구,04528,11,140,VE,VE05,VE050100
서울특별시 중구 을지로 66 (을지로2가),,2583158,12,20181227002541,http://tong.visitkorea.or.kr/cms/resource/04/3510504_image2_1.jpg,http://tong.visitkorea.or.kr/cms/resource/04/3510504_image3_1.jpg,126.9851232120,37.5659433232,20250722152625,,명동관광정보센터,04538,11,140,EX,EX07,EX070200
서울특별시 관악구 청룡1길 11,,2761662,12,20211025223619,http://tong.visitkorea.or.kr/cms/resource/83/2790183_image2_1.jpg,http://tong.visitkorea.or.kr/cms/resource/83/2790183_image3_1.jpg,126.9470207355,37.4814635656,20250328142944,,명락사,08786,11,620,HS,HS03,HS030100
서울특별시 서대문구 충정로 7 (충정로3가),,3457082,12,20241223105303,http://tong.visitkorea.or.kr/cms/resource/83/3456983_image2_1.jpg,http://tong.visitkorea.or.kr/cms/resource/83/3456983_image3_1.jpg,126.9623226761,37.5601463655,20250714094631,,모두예술극장,03737,11,410,VE,VE12,VE120300
서울특별시 양천구 목동동로 353,(목동),2753094,12,20211006001952,http://tong.visitkorea.or.kr/cms/resource/17/3468117_image2_1.jpg,http://tong.visitkorea.or.kr/cms/resource/17/3468117_image3_1.jpg,126.8770200955,37.5333896158,20250624095248,,목5동성당,07988,11,470,HS,HS03,HS030200
서울특별시 중구 예장동,8-1,250350,12,20071024090000,http://tong.visitkorea.or.kr/cms/resource/15/3477015_image2_1.JPG,http://tong.visitkorea.or.kr/cms/resource/15/3477015_image3_1.JPG,126.9875150542,37.5520533130,20250319174414,,목멱산 봉수대 터,04628,11,140,HS,HS01,HS010200
서울특별시 서초구 반포대로 201 (반포동),,753981,12,20090617195541,http://tong.visitkorea.or.kr/cms/resource/12/3456312_image2_1.jpg,http://tong.visitkorea.or.kr/cms/resource/12/3456312_image3_1.jpg,127.0045483736,37.4976821568,20250807160745,,몽마르뜨공원,06579,11,650,VE,VE03,VE030100
서울특별시 송파구 올림픽로 424,,127525,12,20030627090000,,,127.1229758237,37.5209871362,20250903194253,,몽촌토성,05540,11,710,HS,HS01,HS010200
서울특별시 종로구 창의문로5가길 2 (부암동),,3013272,12,20230920145241,http://tong.visitkorea.or.kr/cms/resource/12/3013012_image2_1.jpg,http://tong.visitkorea.or.kr/cms/resource/12/3013012_image3_1.jpg,126.9636244375,37.5918454822,20250811094248,,무계원,03022,11,110,EX,EX01,EX010100
서울특별시 종로구 궁정동 55-5,,1603543,12,20120417003015,http://tong.visitkorea.or.kr/cms/resource/24/3399924_image2_1.JPG,http://tong.visitkorea.or.kr/cms/resource/24/3399924_image3_1.JPG,126.9721572068,37.5843076223,20241101163431,,무궁화동산,03047,11,110,VE,VE03,VE030100
서울특별시 마포구 토정로5길 12 (합정동),,2900390,12,20221107155124,http://tong.visitkorea.or.kr/cms/resource/83/2900383_image2_1.jpg,http://tong.visitkorea.or.kr/cms/resource/83/2900383_image3_1.jpg,126.9183854133,37.5460194431,20250117172359,,무대륙,04073,11,440,VE,VE12,VE120300
서울특별시 도봉구 도봉동,468-1,2759649,12,20211020192538,,,127.0338156248,37.6766535473,20250604092903,,무수골계곡,01313,11,320,NA,NA01,NA010400
서울특별시 서대문구 봉원동,산1번지,126531,12,20020510090000,http://tong.visitkorea.or.kr/cms/resource/11/3494411_image2_1.jpg,http://tong.visitkorea.or.kr/cms/resource/11/3494411_image3_1.jpg,126.9472152446,37.5769524746,20250529143550,,무악산 동봉수대 터,03721,11,410,HS,HS01,HS010200
서울특별시 중구 동호로31길 21,(충무로5가),2762874,12,20211027001553,http://tong.visitkorea.or.kr/cms/resource/86/3463686_image2_1.jpg,http://tong.visitkorea.or.kr/cms/resource/86/3463686_image3_1.jpg,127.0016134507,37.5633050369,20250328153740,,묵정어린이공원,04559,11,140,VE,VE03,VE030300
서울특별시 영등포구 문래동3가,61,2751348,12,20210929233922,http://tong.visitkorea.or.kr/cms/resource/26/3496726_image2_1.jpg,http://tong.visitkorea.or.kr/cms/resource/26/3496726_image3_1.jpg,126.8940134482,37.5171529174,20250610144230,,문래근린공원,07300,11,560,VE,VE03,VE030400
서울특별시 영등포구 경인로88길 5-4,(문래동1가),2650230,12,20200324021935,http://tong.visitkorea.or.kr/cms/resource/16/3466116_image2_1.jpg,http://tong.visitkorea.or.kr/cms/resource/16/3466116_image3_1.jpg,126.9001602190,37.5132812541,20250109142736,,문래예술공장,07363,11,560,VE,VE12,VE120300
서울특별시 영등포구 도림로128가길 13-8 (문래동3가),,2781318,12,20211126033532,http://tong.visitkorea.or.kr/cms/resource/99/3526899_image2_1.jpg,http://tong.visitkorea.or.kr/cms/resource/99/3526899_image3_1.jpg,126.8976881922,37.5143449757,20250827170300,,문래창작촌,07299,11,560,VE,VE04,VE040200
서울특별시 중구 통일로 1,(봉래동2가),250364,12,20071024090000,http://tong.visitkorea.or.kr/cms/resource/89/3413089_image2_1.png,http://tong.visitkorea.or.kr/cms/resource/89/3413089_image3_1.png,126.9716025029,37.5560136788,20250729155340,,문화역 서울 284,04509,11,140,EX,EX07,EX070200
서울특별시 구로구 경인로 688 (신도림동),,2592089,12,20190315190354,http://tong.visitkorea.or.kr/cms/resource/85/2592085_image2_1.bmp,http://tong.visitkorea.or.kr/cms/resource/85/2592085_image3_1.bmp,126.8912028193,37.5090871374,20250729155517,,문화철도959,08209,11,530,EX,EX07,EX070200
서울특별시 영등포구 한강남자전거길 1451 (여의도동),,2733852,12,20210813193630,http://tong.visitkorea.or.kr/cms/resource/44/3499244_image2_1.jpg,http://tong.visitkorea.or.kr/cms/resource/44/3499244_image3_1.jpg,126.9277599856,37.5309019230,20250619105114,,물빛광장,07240,11,560,VE,VE01,VE010400
서울특별시 종로구 인사동길 35-4 (관훈동),인사동마루 본관 4~6층,2469939,12,20161228185631,http://tong.visitkorea.or.kr/cms/resource/76/3499176_image2_1.jpg,http://tong.visitkorea.or.kr/cms/resource/76/3499176_image3_1.jpg,126.9848813503,37.5736063169,20250619094540,,뮤지엄 김치간,03149,11,110,EX,EX06,EX061000
서울특별시 종로구 대학로10길 12 (동숭동),6층,3056596,12,20231204113639,http://tong.visitkorea.or.kr/cms/resource/91/3056591_image2_1.jpg,http://tong.visitkorea.or.kr/cms/resource/91/3056591_image3_1.jpg,127.0028211535,37.5816751457,20250718090000,,미어캣파크,03086,11,110,EX,EX07,EX070200
서울특별시 강서구 개화동로13길 56-33 (개화동),,309300,12,20071130193944,http://tong.visitkorea.or.kr/cms/resource/83/3509783_image2_1.jpg,http://tong.visitkorea.or.kr/cms/resource/83/3509783_image3_1.jpg,126.8033171574,37.5805689272,20250724100605,,미타사(강서),07504,11,500,HS,HS03,HS030100
서울특별시 성동구 독서당로40길 21,(옥수동),309302,12,20071130194715,,,127.0171792585,37.5435714979,20240531114035,,미타사(성동),04739,11,200,HS,HS03,HS030100
서울특별시 성북구 보문사길 6-16 (보문동3가),,309299,12,20071130193247,,,127.0163337157,37.5850249996,20250318210250,,미타사(성북),02874,11,290,HS,HS03,HS030100
서울특별시 종로구 인사동5길 41 (공평동),,605961,12,20080807232439,http://tong.visitkorea.or.kr/cms/resource/62/3050162_image2_1.JPG,http://tong.visitkorea.or.kr/cms/resource/62/3050162_image3_1.JPG,126.9841842397,37.5719065020,20250814094353,,민영환 자결터,03161,11,110,HS,HS01,HS011200
서울특별시 중구 남산공원길 125-72,,2373326,12,20160317181953,http://tong.visitkorea.or.kr/cms/resource/35/3064135_image2_1.JPG,http://tong.visitkorea.or.kr/cms/resource/35/3064135_image3_1.JPG,126.9873511751,37.5522310680,20250731170600,,반공 청년운동 순국 열사 기념비,04628,11,140,HS,HS02,HS020100
서울특별시 영등포구 신길동,(신길동),1828631,12,20130717201855,,,126.9185862077,37.5171950175,20250808142619,,반공순국용사 위령탑,07319,11,560,HS,HS02,HS020100
서울특별시 서초구 반포동,,753983,12,20090617200206,http://tong.visitkorea.or.kr/cms/resource/23/3515023_image2_1.jpg,http://tong.visitkorea.or.kr/cms/resource/23/3515023_image3_1.jpg,126.9896161124,37.5078529299,20250731194054,,반포 서래섬,06500,11,650,NA,NA02,NA020500
서울특별시 서초구 반포동,647,729167,12,20090428223804,http://tong.visitkorea.or.kr/cms/resource/46/3515046_image2_1.jpg,http://tong.visitkorea.or.kr/cms/resource/46/3515046_image3_1.jpg,126.9985151666,37.5126525328,20250731194756,,반포대교 달빛무지개분수,06500,11,650,VE,VE01,VE010400
서울특별시 서초구 신반포로11길 40 (반포동),,970138,12,20100310010736,http://tong.visitkorea.or.kr/cms/resource/53/3515053_image2_1.jpg,http://tong.visitkorea.or.kr/cms/resource/53/3515053_image3_1.jpg,126.9927658294,37.5077391108,20250731195117,,반포한강공원,06500,11,650,VE,VE03,VE030100
서울특별시 서초구 반포동,,2763875,12,20211028001346,http://tong.visitkorea.or.kr/cms/resource/62/3515062_image2_1.jpg,http://tong.visitkorea.or.kr/cms/resource/62/3515062_image3_1.jpg,126.9975152860,37.5116526303,20250731195703,,반포한강공원 달빛광장,06500,11,650,VE,VE03,VE030500
서울특별시 서초구 남부순환로296길 4-9 (방배동),,2763871,12,20211028001001,http://tong.visitkorea.or.kr/cms/resource/93/3467593_image2_1.jpg,http://tong.visitkorea.or.kr/cms/resource/93/3467593_image3_1.jpg,117.9925662504,19.6944274800,20250611091722,,방배배수지체육공원,06759,11,650,VE,VE03,VE030500
서울특별시 성북구 성북로 66 (성북동),,3043977,12,20231120135018,http://tong.visitkorea.or.kr/cms/resource/68/3043968_image2_1.jpg,http://tong.visitkorea.or.kr/cms/resource/68/3043968_image3_1.jpg,127.0017264747,37.5934487573,20250813094157,,방우산장,02835,11,290,HS,HS01,HS011200
서울특별시 송파구 동남로 397 (방이동),,814203,12,20091006221418,http://tong.visitkorea.or.kr/cms/resource/46/3500346_image2_1.jpg,http://tong.visitkorea.or.kr/cms/resource/46/3500346_image3_1.jpg,127.1403189408,37.5121856929,20250624130433,,방이동 생태경관 보전지역,05651,11,710,NA,NA04,NA040500
서울특별시 강서구 방화동,,3076147,12,20231205154024,http://tong.visitkorea.or.kr/cms/resource/44/3509744_image2_1.jpg,http://tong.visitkorea.or.kr/cms/resource/44/3509744_image3_1.jpg,126.8132134458,37.5816523113,20250718175108,,방화근린공원,07614,11,500,VE,VE03,VE030100
서울특별시 강서구 방화동로 61 (방화동),,250166,12,20060731090000,,,126.8122361958,37.5660513299,20241024160810,,방화대교,07615,11,500,VE,VE01,VE010300
서울특별시 동대문구 전농동,,2661483,12,20200630021018,,,127.0638156159,37.5809541050,20250910191132,,배봉산,02504,11,230,NA,NA01,NA010100
서울특별시 강북구 4.19로20길 142,(수유동),309307,12,20071130215057,http://tong.visitkorea.or.kr/cms/resource/98/2356798_image2_1.jpg,http://tong.visitkorea.or.kr/cms/resource/98/2356798_image3_1.jpg,126.9995223749,37.6470369314,20250402164009,,백련사(강북),01012,11,305,HS,HS03,HS030100
서울특별시 서대문구 백련사길 170-43 (홍은동),,128028,12,20040108090000,http://tong.visitkorea.or.kr/cms/resource/12/3401412_image2_1.JPG,http://tong.visitkorea.or.kr/cms/resource/12/3401412_image3_1.JPG,126.9273945625,37.5863899113,20250402165427,,백련사(서대문),03655,11,410,HS,HS03,HS030100
서울특별시 광진구 능동로 216,,1828914,12,20130718025201,,,127.0763931608,37.5488358400,20250730101338,,백마고지 3용사의 상,04991,11,215,VE,VE01,VE010500
서울특별시 중구 회현동1가,100-115,129418,12,20070115090000,http://tong.visitkorea.or.kr/cms/resource/66/2947266_image2_1.jpg,http://tong.visitkorea.or.kr/cms/resource/66/2947266_image3_1.jpg,126.9798156648,37.5552528034,20250421154120,,백범 김구 선생 동상,04633,11,140,VE,VE01,VE010500
서울특별시 종로구 부암동 115,,809372,12,20090924223936,,,126.9663489448,37.6004834158,20240509175526,,백사실계곡,"110-021,1",11,110,NA,NA01,NA010400
서울특별시 종로구 부암동 30,백악마루,2993160,12,20230710112111,,,126.9695127307,37.5939481211,20241213102423,,백악마루,03020,11,110,NA,NA01,NA010100
서울특별시 종로구 청와대로 1 청와대,,2993177,12,20230710143616,,,126.9768652077,37.5808997695,20250822132435,1522-7760,백악정,03048,11,110,VE,VE04,VE040100
서울특별시 종로구 북촌로7길 16 (가회동),,2481866,12,20170221232403,http://tong.visitkorea.or.kr/cms/resource/92/3096392_image2_1.jpg,http://tong.visitkorea.or.kr/cms/resource/92/3096392_image3_1.jpg,126.9841423343,37.5804693948,20250402145204,,백인제가옥,03055,11,110,HS,HS01,HS010400
서울특별시 강남구 광평로31길 56,(수서동),2757155,12,20211014183449,http://tong.visitkorea.or.kr/cms/resource/57/3463057_image2_1.jpg,http://tong.visitkorea.or.kr/cms/resource/57/3463057_image3_1.jpg,127.0883799583,37.4862099946,20250102132902,,법룡사,06353,11,680,HS,HS03,HS030100
서울특별시 양천구 목동동로 371 (목동),,2751294,12,20210929225504,http://tong.visitkorea.or.kr/cms/resource/08/2779808_image2_1.jpg,http://tong.visitkorea.or.kr/cms/resource/08/2779808_image2_1.jpg,126.8783949148,37.5353644110,20250319191056,,법안정사,07983,11,470,HS,HS03,HS030100
서울특별시 도봉구 해등로 354,(쌍문동),2759967,12,20211020231702,http://tong.visitkorea.or.kr/cms/resource/99/3467799_image2_1.jpg,http://tong.visitkorea.or.kr/cms/resource/99/3467799_image3_1.jpg,127.0171593539,37.6576110182,20250610112606,,법종사,01365,11,320,HS,HS03,HS030100
서울특별시 노원구 동일로250길 44-142 (상계동),,3006899,12,20230904161242,http://tong.visitkorea.or.kr/cms/resource/98/3006898_image2_1.jpg,http://tong.visitkorea.or.kr/cms/resource/98/3006898_image3_1.jpg,127.0656764018,37.6838366199,20250916151628,,벽운계곡,01622,11,350,NA,NA01,NA010400
서울특별시 강북구 삼양로145길 177 (우이동),,315921,12,20071203184831,http://tong.visitkorea.or.kr/cms/resource/04/3508304_image2_1.jpg,http://tong.visitkorea.or.kr/cms/resource/04/3508304_image3_1.jpg,127.0033608408,37.6495950359,20250717105921,,보광사(강북),01008,11,305,HS,HS03,HS030100
서울특별시 용산구 장문로15나길 6,,1603241,12,20120416205858,http://tong.visitkorea.or.kr/cms/resource/55/1567955_image2_1.jpg,http://tong.visitkorea.or.kr/cms/resource/55/1567955_image3_1.jpg,126.9973954154,37.5271063892,20250319190006,,보광사(용산),04394,11,170,HS,HS03,HS030100
서울특별시 동작구 여의대방로20길 33,,127940,12,20031106090000,http://tong.visitkorea.or.kr/cms/resource/40/3516640_image2_1.jpg,http://tong.visitkorea.or.kr/cms/resource/40/3516640_image3_1.jpg,126.9231614728,37.4929729132,20250804164518,,보라매공원,07062,11,590,VE,VE03,VE030100
서울특별시 동작구 여의대방로20나길 16 (신대방동),,1091608,12,20100914225216,http://tong.visitkorea.or.kr/cms/resource/47/3499947_image2_1.jpg,http://tong.visitkorea.or.kr/cms/resource/47/3499947_image3_1.jpg,126.9170398124,37.4928228216,20250623110448,,보라매안전체험관,07062,11,590,EX,EX07,EX070200
서울특별시 성북구 보문사길 20 (보문동3가),,316104,12,20071203234013,http://tong.visitkorea.or.kr/cms/resource/19/3393219_image2_1.JPG,http://tong.visitkorea.or.kr/cms/resource/19/3393219_image3_1.JPG,127.0166614803,37.5844334073,20250318211152,,보문사(서울),02874,11,290,HS,HS03,HS030100
서울특별시 종로구 수송동,,605497,12,20080807003957,http://tong.visitkorea.or.kr/cms/resource/50/2031850_image2_1.jpg,http://tong.visitkorea.or.kr/cms/resource/50/2031850_image3_1.jpg,126.9811622368,37.5739062155,20241213100626,,보성사터,03144,11,110,HS,HS01,HS011100
서울특별시 종로구 종로 54,,126516,12,20041230090000,http://tong.visitkorea.or.kr/cms/resource/74/1568174_image2_1.jpg,http://tong.visitkorea.or.kr/cms/resource/74/1568174_image3_1.jpg,126.9835760212,37.5698150675,20250729092240,,보신각 터,03189,11,110,HS,HS01,HS010700
서울특별시 강북구 삼각산로 1,(수유동),316294,12,20071204010819,http://tong.visitkorea.or.kr/cms/resource/82/3466082_image2_1.jpg,http://tong.visitkorea.or.kr/cms/resource/82/3466082_image3_1.jpg,127.0052887931,37.6372881685,20250109135707,,본원정사(서울),01019,11,305,HS,HS03,HS030100
서울특별시 은평구 통일로 1050 (진관동),롯데몰은평점 3층,3076259,12,20231205144857,http://tong.visitkorea.or.kr/cms/resource/43/3497543_image2_1.jpg,http://tong.visitkorea.or.kr/cms/resource/43/3497543_image3_1.jpg,126.9179162000,37.6375893423,20250612101839,,볼베어파크 롯데몰 은평점,03306,11,380,EX,EX07,EX070200
서울특별시 성북구 정릉로 202 (정릉동),,316295,12,20071204011216,http://tong.visitkorea.or.kr/cms/resource/43/3524143_image2_1.jpg,http://tong.visitkorea.or.kr/cms/resource/43/3524143_image3_1.jpg,127.0068811920,37.6064140095,20250820144750,,봉국사(서울),02813,11,290,HS,HS03,HS030100
서울특별시 서대문구 봉원사길 120 (봉원동),,126503,12,20041230090000,http://tong.visitkorea.or.kr/cms/resource/22/3509922_image2_1.jpg,http://tong.visitkorea.or.kr/cms/resource/22/3509922_image3_1.jpg,126.9472292784,37.5717780764,20250724133731,,봉원사(서울),03721,11,410,HS,HS03,HS030100
서울특별시 강남구 봉은사로 531 (삼성동),,126504,12,20041230090000,http://tong.visitkorea.or.kr/cms/resource/70/3422470_image2_1.jpg,http://tong.visitkorea.or.kr/cms/resource/70/3422470_image3_1.jpg,127.0581013679,37.5141034337,20250526180842,,봉은사(서울),06087,11,680,HS,HS03,HS030100
서울특별시 강서구 화곡동,산5-6,3082002,12,20231204135434,http://tong.visitkorea.or.kr/cms/resource/94/3081994_image2_1.JPG,http://tong.visitkorea.or.kr/cms/resource/94/3081994_image3_1.JPG,126.8524637493,37.5423381374,20250818163112,,봉제산공원,07720,11,500,VE,VE03,VE030400
서울특별시 관악구 낙성대로15길 56-39,,126912,12,20020510090000,,,126.9630530001,37.4675599107,20240828113056,,봉천동 마애미륵불좌상,08800,11,620,HS,HS02,HS020300
서울특별시 중랑구 신내로21길,(신내동),1115042,12,20101021235034,http://tong.visitkorea.or.kr/cms/resource/36/1894536_image2_1.jpg,http://tong.visitkorea.or.kr/cms/resource/36/1894536_image3_1.jpg,127.0866155277,37.6086568514,20240828174910,,봉화산(서울),02041,11,260,NA,NA01,NA010100
서울특별시 중랑구 봉화산로45길,(묵동),1115299,12,20101022013529,http://tong.visitkorea.or.kr/cms/resource/31/2350531_image2_1.jpg,http://tong.visitkorea.or.kr/cms/resource/31/2350531_image3_1.jpg,127.0922455148,37.6106095040,20250331133306,,봉화산근린공원,02040,11,260,VE,VE03,VE030400
서울특별시 중랑구 신내로21길 116 (신내동),,3013027,12,20230920122416,http://tong.visitkorea.or.kr/cms/resource/87/3012987_image2_1.jpg,http://tong.visitkorea.or.kr/cms/resource/87/3012987_image3_1.jpg,127.0885346818,37.6127064158,20250723181907,,봉화산옹기테마공원,02041,11,260,VE,VE02,VE020100
서울특별시 종로구 창의문로 145,,1367251,12,20110819182238,http://tong.visitkorea.or.kr/cms/resource/19/3109519_image2_1.JPG,http://tong.visitkorea.or.kr/cms/resource/19/3109519_image3_1.JPG,126.9640854894,37.5924870824,20250314095710,,부암동,03022,11,110,EX,EX07,EX070200
서울특별시 강북구 월계로 173 (번동),,822384,12,20091017024859,http://tong.visitkorea.or.kr/cms/resource/44/3540144_image2_1.jpg,http://tong.visitkorea.or.kr/cms/resource/44/3540144_image3_1.jpg,127.0445440464,37.6197242510,20250917164646,,북서울꿈의숲,01228,11,305,VE,VE03,VE030500
서울특별시 강북구 월계로 173,,3112044,12,20240328194744,,,127.0445440464,37.6197242510,20240328202609,02-901-6463,북서울꿈의숲 강북구 반려견 놀이터,01228,11,305,VE,VE03,VE030500
서울특별시 종로구 청운동,,809190,12,20090924204331,,,126.9737151476,37.5931538442,20240605100629,,북악산,03048,11,110,NA,NA01,NA010100
서울특별시 종로구 삼청동,,129500,12,20070403090000,http://tong.visitkorea.or.kr/cms/resource/41/3350341_image2_1.jpg,http://tong.visitkorea.or.kr/cms/resource/41/3350341_image3_1.jpg,126.9811144048,37.5955536984,20250318205923,,북악산 숙정문,03053,11,110,HS,HS01,HS010300
서울특별시 종로구 북악산로 267 (평창동),,126943,12,20020510090000,http://tong.visitkorea.or.kr/cms/resource/33/2667333_image2_1.jpg,http://tong.visitkorea.or.kr/cms/resource/33/2667333_image3_1.jpg,126.9805642714,37.6020279351,20250425143725,,북악스카이 팔각정,03010,11,110,VE,VE03,VE030100
서울특별시 성북구 성북로23길 132-3,,2661492,12,20200630023540,,,126.9910580174,37.5929152943,20241206132802,,북정마을,02879,11,290,VE,VE04,VE040200
서울특별시 종로구 계동길 37,(계동),1100498,12,20100928193253,http://tong.visitkorea.or.kr/cms/resource/81/933781_image2_1.jpg,http://tong.visitkorea.or.kr/cms/resource/81/933781_image3_1.jpg,126.9864254967,37.5791612548,20241205133428,,북촌 8경,03059,11,110,HS,HS01,HS010600
서울특별시 종로구 북촌로12길 29-1 (가회동),,3025266,12,20230921100415,http://tong.visitkorea.or.kr/cms/resource/45/3025245_image2_1.jpg,http://tong.visitkorea.or.kr/cms/resource/45/3025245_image3_1.jpg,126.9856671302,37.5827747096,20250811095822,,북촌 한옥청,03056,11,110,VE,VE12,VE120300
서울특별시 종로구 계동길 37 (계동),,130903,12,20070404090000,http://tong.visitkorea.or.kr/cms/resource/09/3339109_image2_1.jpg,http://tong.visitkorea.or.kr/cms/resource/09/3339109_image3_1.jpg,126.9867060298,37.5790529392,20250403100630,,북촌문화센터,03059,11,110,VE,VE12,VE120300
서울특별시 종로구 북촌로11다길 22-3 (삼청동),,3056278,12,20231204104534,http://tong.visitkorea.or.kr/cms/resource/39/3056239_image2_1.jpg,http://tong.visitkorea.or.kr/cms/resource/39/3056239_image3_1.jpg,126.9828007145,37.5831329500,20250718090000,,북촌전망대,03052,11,110,VE,VE01,VE010200
서울특별시 종로구 북촌로12길 24-5 (가회동),,2993183,12,20230710150414,http://tong.visitkorea.or.kr/cms/resource/57/3540857_image2_1.jpg,http://tong.visitkorea.or.kr/cms/resource/57/3540857_image3_1.jpg,126.9861254303,37.5824719752,20250918150928,,북촌전통공예체험관,03056,11,110,EX,EX02,EX020400
서울특별시 종로구 북촌로12길 5-12 (가회동),,3085314,12,20231207151120,http://tong.visitkorea.or.kr/cms/resource/46/3084046_image2_1.JPG,http://tong.visitkorea.or.kr/cms/resource/46/3084046_image3_1.JPG,126.9855171542,37.5824025279,20250626165646,,북촌전통발효공방 빚담,03056,11,110,EX,EX01,EX010100
서울특별시 종로구 계동길 37 (계동),,126537,12,20021120090000,http://tong.visitkorea.or.kr/cms/resource/04/3304404_image2_1.jpg,http://tong.visitkorea.or.kr/cms/resource/04/3304404_image3_1.jpg,126.9867060298,37.5790529392,20250312153104,,북촌한옥마을,03059,11,110,HS,HS01,HS010600
서울특별시 종로구 송현동,34-2,2946075,12,20230128185633,http://tong.visitkorea.or.kr/cms/resource/07/2947307_image2_1.jpg,http://tong.visitkorea.or.kr/cms/resource/07/2947307_image3_1.jpg,126.9824147854,37.5779529898,20240816094507,,북촌한옥마을 감고당길,03062,11,110,VE,VE04,VE040100
서울특별시 용산구 이태원로 294 (한남동),블루스퀘어 3층,3339374,12,20240729161611,http://tong.visitkorea.or.kr/cms/resource/41/3339341_image2_1.jpg,http://tong.visitkorea.or.kr/cms/resource/41/3339341_image3_1.jpg,127.0025028924,37.5409243201,20250307110914,,북파크라운지,04399,11,170,VE,VE12,VE120300
서울특별시 강북구 도선사길 234 (우이동),,2783363,12,20211130185331,http://tong.visitkorea.or.kr/cms/resource/83/2795083_image2_1.jpeg,http://tong.visitkorea.or.kr/cms/resource/83/2795083_image2_1.jpeg,126.9909450591,37.6583104651,20250721151519,,북한산 백운대(우이동),01002,11,305,NA,NA01,NA010100
서울특별시 도봉구 도봉산길 86 (도봉동),,3407173,12,20241105180346,http://tong.visitkorea.or.kr/cms/resource/53/3405153_image2_1.JPG,http://tong.visitkorea.or.kr/cms/resource/53/3405153_image3_1.JPG,127.0351735342,37.6871579053,20250317102939,,북한산 생태탐방원,01300,11,320,NA,NA04,NA040500
서울특별시 은평구 진흥로 325 (불광동),,2779558,12,20211125200128,http://tong.visitkorea.or.kr/cms/resource/13/2796513_image2_1.jpg,http://tong.visitkorea.or.kr/cms/resource/13/2796513_image2_1.jpg,126.9449506033,37.6108068309,20250721151439,,북한산 족두리봉,03361,11,380,NA,NA01,NA010100
서울특별시 성북구 보국문로 262 (정릉동),,127220,12,20040216090000,http://tong.visitkorea.or.kr/cms/resource/53/3493353_image2_1.jpg,http://tong.visitkorea.or.kr/cms/resource/53/3493353_image3_1.jpg,126.9939708373,37.6212287215,20250721151225,,북한산국립공원(서울),02700,11,290,NA,NA04,NA040100
서울특별시 송파구 백제고분로39길 35,(석촌동),2758170,12,20211018225726,http://tong.visitkorea.or.kr/cms/resource/03/3468103_image2_1.jpg,http://tong.visitkorea.or.kr/cms/resource/03/3468103_image3_1.jpg,127.1028863751,37.5072494804,20250611103417,,불광사,05610,11,710,HS,HS03,HS030100
서울특별시 은평구 증산로 478 (응암동),,3385992,12,20241011161837,http://tong.visitkorea.or.kr/cms/resource/77/3383077_image2_1.JPG,http://tong.visitkorea.or.kr/cms/resource/77/3383077_image3_1.JPG,126.9159452531,37.5989021399,20250325112237,,불광천,03449,11,380,NA,NA02,NA020100
서울특별시 강남구 도곡로25길 35,(역삼동),2782188,12,20211126233418,http://tong.visitkorea.or.kr/cms/resource/18/2782218_image2_1.jpg,http://tong.visitkorea.or.kr/cms/resource/18/2782218_image3_1.jpg,127.0403007532,37.4949275628,20250115160740,,불교총지종,06227,11,680,HS,HS03,HS030100
서울특별시 강남구 광평로10길 30-71,,1603100,12,20120416191223,http://tong.visitkorea.or.kr/cms/resource/82/3508082_image2_1.jpg,http://tong.visitkorea.or.kr/cms/resource/82/3508082_image3_1.jpg,127.0750814116,37.4775996438,20250717091922,,불국사(서울),06359,11,680,HS,HS03,HS030100
서울특별시 노원구 상계동,,126482,12,20040227090000,,,127.0949159758,37.6637533728,20250316215554,,불암산,01645,11,350,NA,NA01,NA010100
서울특별시 노원구 한글비석로12길 51-27 (중계동),,2733975,12,20210817190618,http://tong.visitkorea.or.kr/cms/resource/75/2767875_image2_1.jpg,http://tong.visitkorea.or.kr/cms/resource/75/2767875_image2_1.jpg,127.0806480674,37.6555346269,20250331172014,,불암산나비정원,01719,11,350,VE,VE03,VE030500
서울특별시 강남구 봉은사로 524 (삼성동),지하1층,2559938,12,20180907015112,http://tong.visitkorea.or.kr/cms/resource/86/3494686_image2_1.jpg,http://tong.visitkorea.or.kr/cms/resource/86/3494686_image3_1.jpg,127.0571487082,37.5129952125,20250530113940,,브이알존 코엑스,06164,11,680,EX,EX07,EX070200
서울특별시 종로구 창신동,9-471,3044038,12,20231120140935,http://tong.visitkorea.or.kr/cms/resource/24/3044024_image2_1.jpg,http://tong.visitkorea.or.kr/cms/resource/24/3044024_image3_1.jpg,127.0130591253,37.5811198387,20250804092805,,비우당,03097,11,110,HS,HS01,HS011200
서울특별시 동작구 상도동,296-6,3057979,12,20231205100700,http://tong.visitkorea.or.kr/cms/resource/62/3057962_image2_1.jpg,http://tong.visitkorea.or.kr/cms/resource/62/3057962_image3_1.jpg,126.9322744267,37.4967059765,20250717173946,,빙수골마을공원,06960,11,590,VE,VE03,VE030200
서울특별시 강북구 수유동 산127-1,,2773346,12,20211111191251,http://tong.visitkorea.or.kr/cms/resource/53/3468053_image2_1.jpg,http://tong.visitkorea.or.kr/cms/resource/53/3468053_image3_1.jpg,127.0019471132,37.6484562534,20250610092111,,빨래골,01012,11,305,HS,HS01,HS010600
서울특별시 마포구 성산로 128 (성산동),마포중앙도서관 1층,3076206,12,20231207143316,,,126.9082163928,37.5638477441,20250912153737,,쁘띠몽드 마포중앙도서관점,03965,11,440,EX,EX07,EX070200
서울특별시 중랑구 사가정로72길 47,(면목동),1117141,12,20101027004146,http://tong.visitkorea.or.kr/cms/resource/80/3412280_image2_1.JPG,http://tong.visitkorea.or.kr/cms/resource/80/3412280_image3_1.JPG,127.0957821951,37.5793243143,20250729084320,,사가정공원,02261,11,260,VE,VE03,VE030100
서울특별시 동작구 노량진로 191 (노량진동),,126523,12,20041230090000,http://tong.visitkorea.or.kr/cms/resource/01/3530101_image2_1.jpg,http://tong.visitkorea.or.kr/cms/resource/01/3530101_image3_1.jpg,126.9493751733,37.5135098862,20250917141104,,사육신공원,06902,11,590,VE,VE03,VE030500
서울특별시 종로구 사직로 89,(사직동),127942,12,20031030090000,http://tong.visitkorea.or.kr/cms/resource/83/3400583_image2_1.JPG,http://tong.visitkorea.or.kr/cms/resource/83/3400583_image3_1.JPG,126.9676800810,37.5757085419,20241213174859,,사직공원(서울),03027,11,110,VE,VE03,VE030100
서울특별시 종로구 사직로 89,,2992891,12,20230707145804,,,126.9672773318,37.5759890576,20241210171333,,사직단,03027,11,110,HS,HS01,HS010700
서울특별시 금천구 독산로54길 6-1,(시흥동),2756150,12,20211013191909,http://tong.visitkorea.or.kr/cms/resource/74/3452574_image2_1.jpg,http://tong.visitkorea.or.kr/cms/resource/74/3452574_image3_1.jpg,126.9071498849,37.4630149950,20250107142106,,산기슭 공원,08563,11,545,NA,NA04,NA040500
서울특별시 종로구 창신6가길 39 (창신동),,2638477,12,20191125183840,,,127.0123621185,37.5757454507,20250313171156,,산마루놀이터,03096,11,110,VE,VE02,VE020100
서울특별시 마포구 하늘공원로 112,,3106562,12,20240227152533,http://tong.visitkorea.or.kr/cms/resource/72/3095672_image2_1.jpg,http://tong.visitkorea.or.kr/cms/resource/72/3095672_image3_1.jpg,126.8799549236,37.5694299229,20250801154020,,산악문화체험센터,03900,11,440,EX,EX07,EX070200
서울특별시 성동구 사근동길 16-18,(사근동),753994,12,20090617202654,http://tong.visitkorea.or.kr/cms/resource/35/755735_image2_1.jpg,http://tong.visitkorea.or.kr/cms/resource/35/755735_image3_1.jpg,127.0431430874,37.5602422502,20240827111950,,살곶이체육공원,04762,11,200,VE,VE03,VE030500
서울특별시 강북구 삼양로173길 460,(탐방지원센터),128933,12,20060424090000,,,126.9909006206,37.6582465830,20240822165726,,삼각산,01002,11,305,NA,NA01,NA010100
서울특별시 구로구 구로동,47,2773287,12,20211111185218,http://tong.visitkorea.or.kr/cms/resource/27/2780827_image2_1.png,http://tong.visitkorea.or.kr/cms/resource/27/2780827_image2_1.png,126.8920140718,37.5014519273,20250331143545,,삼각어린이공원,08297,11,530,VE,VE03,VE030100
서울특별시 중랑구 용마산로112나길 41,(망우동),2774468,12,20211115235839,http://tong.visitkorea.or.kr/cms/resource/68/3509868_image2_1.jpg,http://tong.visitkorea.or.kr/cms/resource/68/3509868_image3_1.jpg,127.1017033858,37.5966057467,20250724111321,,삼룡사,02180,11,260,HS,HS03,HS030100
서울특별시 서초구 강남대로 411 (서초동),,805403,12,20090917231917,,,127.0265268856,37.4992101516,20250425140419,,삼성 강남,06615,11,650,EX,EX06,EX060200
서울특별시 관악구 호암로 454-16,,756600,12,20090623235902,http://tong.visitkorea.or.kr/cms/resource/37/3526737_image2_1.JPG,http://tong.visitkorea.or.kr/cms/resource/37/3526737_image3_1.JPG,126.9291258310,37.4569855320,20250826162725,,삼성산성지,08822,11,620,HS,HS03,HS030200
서울특별시 강남구 영동대로128길 39 (삼성동),,3342991,12,20240805141018,http://tong.visitkorea.or.kr/cms/resource/85/3342985_image2_1.jpg,http://tong.visitkorea.or.kr/cms/resource/85/3342985_image3_1.jpg,117.9925662504,19.6944274800,20250319162031,,삼성해맞이공원,06079,11,680,NA,NA04,NA040100
서울특별시 은평구 연서로54길 127 (진관동),,127557,12,20030702090000,http://tong.visitkorea.or.kr/cms/resource/96/2047996_image2_1.jpg,http://tong.visitkorea.or.kr/cms/resource/96/2047996_image3_1.jpg,126.9524990219,37.6423033033,20250408103550,,삼천사(서울),03308,11,380,HS,HS03,HS030100
서울특별시 종로구 북촌로 134-3,(삼청동),126488,12,20031106090000,http://tong.visitkorea.or.kr/cms/resource/69/3400069_image2_1.JPG,http://tong.visitkorea.or.kr/cms/resource/69/3400069_image3_1.JPG,126.9840699056,37.5879851865,20241101164408,,삼청공원,03050,11,110,VE,VE03,VE030100
서울특별시 종로구 삼청로 156 (삼청동),,250147,12,20060731090000,http://tong.visitkorea.or.kr/cms/resource/82/3498982_image2_1.jpg,http://tong.visitkorea.or.kr/cms/resource/82/3498982_image3_1.jpg,126.9828199930,37.5889267212,20250618134243,,삼청동거리,03050,11,110,VE,VE04,VE040100
서울특별시 중구 퇴계로34길 28,(필동2가),1606009,12,20120418223043,http://tong.visitkorea.or.kr/cms/resource/63/2031863_image2_1.jpg,http://tong.visitkorea.or.kr/cms/resource/63/2031863_image3_1.jpg,126.9939920541,37.5586776601,20241205105656,,삼청동오위장김춘영가옥,04626,11,140,HS,HS01,HS010400
서울특별시 마포구 월드컵북로 109 (성산동),지하1호,2507433,12,20170913005852,http://tong.visitkorea.or.kr/cms/resource/70/3506570_image2_1.jpg,http://tong.visitkorea.or.kr/cms/resource/70/3506570_image3_1.jpg,126.9135964825,37.5629646096,20250721163650,,삼해소주,03966,11,440,EX,EX07,EX070200
서울특별시 노원구 한글비석로 346 노원구어린이도서관,,3006983,12,20230904165917,http://tong.visitkorea.or.kr/cms/resource/71/3006971_image2_1.jpg,http://tong.visitkorea.or.kr/cms/resource/71/3006971_image3_1.jpg,127.0763178356,37.6580231480,20250721144501,,삿갓봉근린공원,01715,11,350,VE,VE03,VE030200
서울특별시 중구 남대문로 30,(남창동),2373328,12,20160317184558,,,126.9790294682,37.5608243642,20240527102711,,상동교회,04529,11,140,HS,HS03,HS030200
서울특별시 마포구 상수동,,2500207,12,20170718201029,,,126.9214545083,37.5484886553,20250317205914,,상수동 카페거리,04074,11,440,VE,VE04,VE040100
서울특별시 종로구 자하문로17길 12-11 (옥인동),상촌재,2993396,12,20230711164536,http://tong.visitkorea.or.kr/cms/resource/04/3056504_image2_1.jpg,http://tong.visitkorea.or.kr/cms/resource/04/3056504_image3_1.jpg,126.9697547156,37.5819273005,20250714164851,,상촌재,03035,11,110,EX,EX01,EX010100
서울특별시 용산구 이촌로 80-8,,126529,12,20041230090000,,,126.9567186255,37.5249586869,20241118181736,,새남터기념성당,04374,11,170,HS,HS03,HS030200
서울특별시 종로구 북촌로12길 17 (가회동),,3085307,12,20231212165247,http://tong.visitkorea.or.kr/cms/resource/24/3084024_image2_1.JPG,http://tong.visitkorea.or.kr/cms/resource/24/3084024_image3_1.JPG,126.9857421399,37.5821775587,20240122192553,,색실문양누비공방,03056,11,110,EX,EX02,EX020400
서울특별시 종로구 새문안로5길 31 (도렴동),3층,2455084,12,20161214003734,http://tong.visitkorea.or.kr/cms/resource/87/2672787_image2_1.jpg,http://tong.visitkorea.or.kr/cms/resource/87/2672787_image3_1.jpg,126.9743656585,37.5730284176,20250410142615,,생명보험교육문화센터,03173,11,110,EX,EX06,EX061000
서울특별시 관악구 봉천동,,3056985,12,20231204122421,http://tong.visitkorea.or.kr/cms/resource/16/3540916_image2_1.jpg,http://tong.visitkorea.or.kr/cms/resource/16/3540916_image3_1.jpg,126.9556311429,37.4785946078,20250918155007,,샤로수길,08833,11,620,VE,VE04,VE040100
서울특별시 서대문구 봉원동,,2661502,12,20200630181158,http://tong.visitkorea.or.kr/cms/resource/25/3509925_image2_1.jpg,http://tong.visitkorea.or.kr/cms/resource/25/3509925_image3_1.jpg,126.9452154267,37.5769524388,20250723113415,,서대문 안산,03721,11,410,NA,NA01,NA010100
서울특별시 서대문구 통일로 251 (현저동),,128622,12,20050929090000,,,126.9573421635,37.5746723659,20250317205440,,서대문독립공원,03732,11,410,VE,VE03,VE030500
서울특별시 서초구 반포동,,1021339,12,20100514014128,http://tong.visitkorea.or.kr/cms/resource/19/2658219_image2_1.jpg,http://tong.visitkorea.or.kr/cms/resource/19/2658219_image3_1.jpg,126.9981601041,37.4963433090,20241209153347,,서래마을,06577,11,650,VE,VE04,VE040200
서울특별시 서초구 서초동,산 160-24,2773409,12,20211111200206,http://tong.visitkorea.or.kr/cms/resource/16/3540716_image2_1.jpg,http://tong.visitkorea.or.kr/cms/resource/16/3540716_image3_1.jpg,126.9997156731,37.4908523076,20250918132517,,서리풀공원,06710,11,650,VE,VE03,VE030100
서울특별시 용산구 서빙고로59길 3-6,(서빙고동),1603296,12,20120416223743,http://tong.visitkorea.or.kr/cms/resource/28/1985228_image2_1.jpg,http://tong.visitkorea.or.kr/cms/resource/28/1985228_image3_1.jpg,126.9930487758,37.5204876354,20241205112512,,서빙고동 부군당,04384,11,170,HS,HS03,HS030400
서울특별시 양천구 남부순환로64길 20 (신월동),,1265735,12,20110428003448,http://tong.visitkorea.or.kr/cms/resource/15/2611715_image2_1.bmp,http://tong.visitkorea.or.kr/cms/resource/15/2611715_image2_1.bmp,126.8300995393,37.5274839100,20250319192422,,서서울호수공원,07916,11,470,VE,VE03,VE030500
서울특별시 중구 칠패로 5 (의주로2가),,1605977,12,20120418203817,http://tong.visitkorea.or.kr/cms/resource/82/3384982_image2_1.JPG,http://tong.visitkorea.or.kr/cms/resource/82/3384982_image3_1.JPG,126.9693637143,37.5596854342,20250319171901,,서소문역사공원,04510,11,140,VE,VE03,VE030500
서울특별시 종로구 종로 150-3 (종로3가),,3019162,12,20231011160909,http://tong.visitkorea.or.kr/cms/resource/56/3019156_image2_1.jpg,http://tong.visitkorea.or.kr/cms/resource/56/3019156_image3_1.jpg,126.9942167014,37.5704207437,20250109100604,,서순라길,03193,11,110,VE,VE04,VE040100
서울특별시 종로구 새문안로 29 (평동),,945824,12,20100205201731,http://tong.visitkorea.or.kr/cms/resource/70/3081470_image2_1.jpeg,http://tong.visitkorea.or.kr/cms/resource/70/3081470_image3_1.jpeg,126.9686079871,37.5681816549,20250722133245,,서울 경교장,03181,11,110,HS,HS01,HS011100
서울특별시 종로구 대학로 103 (연건동),,231938,12,20071015090000,http://tong.visitkorea.or.kr/cms/resource/30/1984630_image2_1.jpg,http://tong.visitkorea.or.kr/cms/resource/30/1984630_image3_1.jpg,127.0018851600,37.5805308178,20241021164640,,서울 경모궁지,03080,11,110,HS,HS01,HS010400
서울특별시 성북구 안암로 145,(안암동5가),252527,12,20071024090000,http://tong.visitkorea.or.kr/cms/resource/18/2736318_image2_1.jpg,http://tong.visitkorea.or.kr/cms/resource/18/2736318_image3_1.jpg,127.0322710260,37.5894664364,20250404101354,,서울 고려대학교 본관,02841,11,290,HS,HS01,HS011100
서울특별시 성북구 안암로 145,(안암동5가),250470,12,20071024090000,http://tong.visitkorea.or.kr/cms/resource/47/2953247_image2_1.jpg,http://tong.visitkorea.or.kr/cms/resource/47/2953247_image3_1.jpg,127.0317877244,37.5898997105,20240531145129,,서울 고려대학교 중앙도서관,02841,11,290,HS,HS01,HS011100
서울특별시 종로구 원서동,,250338,12,20071023090000,http://tong.visitkorea.or.kr/cms/resource/49/1984649_image2_1.jpg,http://tong.visitkorea.or.kr/cms/resource/49/1984649_image3_1.jpg,126.9880281575,37.5781419576,20241206104350,,서울 관상감 관천대,03058,11,110,HS,HS01,HS011200
서울특별시 중구 정동길 21-18,정동공원,250362,12,20071024090000,http://tong.visitkorea.or.kr/cms/resource/54/1569254_image2_1.jpg,http://tong.visitkorea.or.kr/cms/resource/54/1569254_image3_1.jpg,126.9714160575,37.5684261216,20250725092604,,서울 구 러시아공사관,04518,11,140,HS,HS01,HS011100
서울특별시 관악구 남부순환로 2076,,126909,12,20020510090000,,,126.9795345921,37.4761175459,20250319193233,,서울 구 벨기에영사관 (현 서울시립 남서울미술관),08806,11,620,HS,HS01,HS011100
서울특별시 관악구 남현3길 60 (남현동),,126911,12,20020510090000,http://tong.visitkorea.or.kr/cms/resource/46/2014946_image2_1.jpg,http://tong.visitkorea.or.kr/cms/resource/46/2014946_image3_1.jpg,126.9798734785,37.4751232230,20250826101315,,서울 남현동 요지,08807,11,620,HS,HS01,HS011200
서울특별시 종로구 난계로27길 84,,126522,12,20041230090000,,,127.0184394274,37.5727625733,20241118183120,,서울 동관왕묘,03115,11,110,HS,HS01,HS010800
서울특별시 종로구 종로40가길 14,,704507,12,20090310214032,http://tong.visitkorea.or.kr/cms/resource/53/2601453_image2_1.jpg,http://tong.visitkorea.or.kr/cms/resource/53/2601453_image3_1.jpg,127.0058684191,37.5703487391,20250806150056,,서울 동대문 닭한마리 골목,03197,11,110,VE,VE04,VE040100
서울특별시 중구 명동길 74,(명동2가),126804,12,20040203090000,http://tong.visitkorea.or.kr/cms/resource/84/3082884_image2_1.png,http://tong.visitkorea.or.kr/cms/resource/84/3082884_image3_1.png,126.9872814233,37.5633131117,20250811174638,,서울 명동성당,04537,11,140,HS,HS03,HS030200
서울특별시 종로구 성균관로 31 (명륜3가),,126517,12,20020510090000,http://tong.visitkorea.or.kr/cms/resource/39/3421439_image2_1.jpg,http://tong.visitkorea.or.kr/cms/resource/39/3421439_image3_1.jpg,126.9967188220,37.5855384759,20250529145638,,서울 문묘와 성균관,03063,11,110,HS,HS01,HS010800
서울특별시 송파구 오금로 219 (방이동),,126515,12,20020510090000,http://tong.visitkorea.or.kr/cms/resource/06/3454106_image2_1.jpg,http://tong.visitkorea.or.kr/cms/resource/06/3454106_image3_1.jpg,127.1181655365,37.5074052930,20250410152359,,서울 방이동 고분군,05644,11,710,HS,HS01,HS010800
서울특별시 성동구 성수동,,753989,12,20090617202027,http://tong.visitkorea.or.kr/cms/resource/20/3530320_image2_1.JPG,http://tong.visitkorea.or.kr/cms/resource/20/3530320_image3_1.JPG,127.0459874565,37.5537847183,20250902130644,,서울 살곶이 다리,04763,11,200,VE,VE01,VE010300
서울특별시 용산구 한강대로 182,(한강로1가),704506,12,20090310213644,http://tong.visitkorea.or.kr/cms/resource/96/712496_image2_1.jpg,http://tong.visitkorea.or.kr/cms/resource/96/712496_image3_1.jpg,126.9735279372,37.5344523297,20241111140803,,서울 삼각지 대구탕 골목,04382,11,170,VE,VE04,VE040100
서울특별시 송파구 삼학사로 136 (잠실동),,231897,12,20071004090000,http://tong.visitkorea.or.kr/cms/resource/47/3401547_image2_1.JPG,http://tong.visitkorea.or.kr/cms/resource/47/3401547_image3_1.JPG,127.0978839997,37.5091158401,20250721104930,,서울 삼전도비,05608,11,710,HS,HS02,HS020100
서울특별시 송파구 가락로7길 21 (석촌동),,127466,12,20030630090000,,,127.1028642979,37.5022111756,20250903183122,,서울 석촌동 고분군,05682,11,710,HS,HS01,HS010800
서울특별시 강남구 선릉로100길 1,,126525,12,20020510090000,,,127.0471803291,37.5074206801,20250902112114,,서울 선릉과 정릉,06153,11,680,HS,HS01,HS010800
서울특별시 중구 다산로36가길 25 (신당동),,2764329,12,20211028183405,http://tong.visitkorea.or.kr/cms/resource/52/3467852_image2_1.jpg,http://tong.visitkorea.or.kr/cms/resource/52/3467852_image3_1.jpg,127.0198701715,37.5615194612,20250829101851,,서울 신당동 박정희 가옥,04584,11,140,HS,HS01,HS010500
서울특별시 관악구 난곡로35길 28-7,,126919,12,20020510090000,http://tong.visitkorea.or.kr/cms/resource/24/3526724_image2_1.JPG,http://tong.visitkorea.or.kr/cms/resource/24/3526724_image3_1.JPG,126.9169737649,37.4710197967,20250826171507,,서울 신림동 굴참나무,08858,11,620,NA,NA03,NA030200
서울특별시 관악구 신림로59길 14,(신림동),128015,12,20031209090000,http://tong.visitkorea.or.kr/cms/resource/35/3526735_image2_1.JPG,http://tong.visitkorea.or.kr/cms/resource/35/3526735_image3_1.JPG,126.9287890094,37.4833519091,20250826170725,,서울 신림동 민속순대타운,08776,11,620,VE,VE04,VE040100
서울특별시 강동구 올림픽로 875 (암사동),,126519,12,20040227090000,http://tong.visitkorea.or.kr/cms/resource/19/204019_image2_1.jpg,http://tong.visitkorea.or.kr/cms/resource/19/204019_image3_1.jpg,127.1306157102,37.5591134023,20250315131151,,서울 암사동 유적,05239,11,740,HS,HS01,HS011200
서울특별시 중구 소공로 48 (회현동2가),,2553892,12,20180717182022,http://tong.visitkorea.or.kr/cms/resource/02/1895102_image2_1.jpg,http://tong.visitkorea.or.kr/cms/resource/02/1895102_image3_1.jpg,126.9830902358,37.5598773249,20250421150257,,서울 애니메이션센터,04631,11,140,EX,EX06,EX061000
서울특별시 중구 청파로 447-1,(중림동),250330,12,20071023090000,http://tong.visitkorea.or.kr/cms/resource/93/3463493_image2_1.jpg,http://tong.visitkorea.or.kr/cms/resource/93/3463493_image3_1.jpg,126.9674194623,37.5591437954,20250709172145,,서울 약현성당,04506,11,140,HS,HS03,HS030200
서울특별시 강서구 가양동,,127216,12,20020510090000,http://tong.visitkorea.or.kr/cms/resource/62/3526762_image2_1.jpg,http://tong.visitkorea.or.kr/cms/resource/62/3526762_image3_1.jpg,126.8408278075,37.5740425776,20250826160309,,서울 양천고성지,07521,11,500,HS,HS01,HS010200
서울특별시 도봉구 방학로17길 46 (방학동),,3057803,12,20231205094016,http://tong.visitkorea.or.kr/cms/resource/92/3057792_image2_1.jpg,http://tong.visitkorea.or.kr/cms/resource/92/3057792_image3_1.jpg,127.0218060429,37.6614439896,20250624172941,,서울 연산군묘,01360,11,320,HS,HS01,HS010800
서울특별시 서대문구 연세로 50 (신촌동),,252532,12,20071025090000,http://tong.visitkorea.or.kr/cms/resource/24/2736324_image2_1.jpg,http://tong.visitkorea.or.kr/cms/resource/24/2736324_image3_1.jpg,126.9367638823,37.5605791904,20250402163736,,서울 연세대학교 스팀슨관,03722,11,410,HS,HS01,HS011100
서울특별시 서대문구 연세로 50,,252534,12,20071025090000,,,126.9381636030,37.5659535914,20241022155829,,서울 연세대학교 아펜젤러관,03722,11,410,HS,HS01,HS011100
서울특별시 서대문구 연세로 50,(신촌동),252533,12,20071025090000,http://tong.visitkorea.or.kr/cms/resource/81/1505581_image2_1.jpg,http://tong.visitkorea.or.kr/cms/resource/81/1505581_image3_1.jpg,126.9383080636,37.5649231574,20241128151335,,서울 연세대학교 언더우드관,03722,11,410,HS,HS01,HS011100
서울특별시 동대문구 홍릉로 90,(청량리동),126527,12,20020510090000,http://tong.visitkorea.or.kr/cms/resource/46/3055946_image2_1.JPG,http://tong.visitkorea.or.kr/cms/resource/46/3055946_image3_1.JPG,127.0435644361,37.5896471740,20250805111232,,서울 영휘원(순헌황귀비)과 숭인원(이진),02456,11,230,HS,HS01,HS010800
서울특별시 종로구 우정국로 59 (견지동),,250358,12,20071024090000,,,126.9827287456,37.5744228499,20250313174316,,서울 우정총국,03144,11,110,HS,HS01,HS011100
서울특별시 종로구 삼일대로 464,,127454,12,20041230090000,http://tong.visitkorea.or.kr/cms/resource/89/1568389_image2_1.jpg,http://tong.visitkorea.or.kr/cms/resource/89/1568389_image3_1.jpg,126.9871421746,37.5764588036,20250725093207,,서울 운현궁,03131,11,110,HS,HS01,HS010100
서울특별시 성북구 화랑로32길 146-20 (석관동),,250396,12,20071025090000,,,127.0594514371,37.6051289940,20250902164935,,서울 의릉(경종·선의왕후) [유네스코 세계유산],02789,11,290,HS,HS01,HS010800
서울특별시 마포구 양화로 176 (동교동),"(동교동, 와이즈파크) 8층",3425093,12,20241126170649,http://tong.visitkorea.or.kr/cms/resource/40/3430640_image2_1.JPG,http://tong.visitkorea.or.kr/cms/resource/40/3430640_image3_1.JPG,126.9250122694,37.5572849188,20250725093435,02-738-0366,서울 인디스페이스,04051,11,440,VE,VE12,VE120300
서울특별시 중구 정동길 46 (정동),,250325,12,20071023090000,http://tong.visitkorea.or.kr/cms/resource/07/3510507_image2_1.jpg,http://tong.visitkorea.or.kr/cms/resource/07/3510507_image3_1.jpg,126.9729410025,37.5654570500,20250722153502,,서울 정동교회,04516,11,140,HS,HS03,HS030200
서울특별시 성북구 아리랑로19길 116 (정릉동),,127616,12,20030630090000,,,127.0076090491,37.6012757310,20250902164558,,서울 정릉(신덕황후) [유네스코 세계유산],02813,11,290,HS,HS01,HS010800
서울특별시 종로구 종로 19 (종로1가),,735749,12,20090518192216,http://tong.visitkorea.or.kr/cms/resource/46/3478546_image2_1.jpg,http://tong.visitkorea.or.kr/cms/resource/46/3478546_image3_1.jpg,126.9799374337,37.5708982096,20250319184249,,서울 종로 낙지볶음 골목,03157,11,110,VE,VE04,VE040100
서울특별시 노원구 화랑로 681,,126526,12,20040227090000,,,127.0971582841,37.6341401904,20250903180658,,서울 태릉(문정왕후)과 강릉(명종·인순왕후) [유네스코 세계유산],01794,11,350,HS,HS01,HS010800
서울특별시 송파구 풍납동,73-1,126520,12,20020402090000,,,127.1207171711,37.5394516183,20250903193339,,서울 풍납동 토성,05512,11,710,HS,HS01,HS010200
서울특별시 서초구 헌인릉길 34 (내곡동),,126530,12,20020510090000,http://tong.visitkorea.or.kr/cms/resource/76/3530376_image2_1.jpg,http://tong.visitkorea.or.kr/cms/resource/76/3530376_image3_1.jpg,127.0823644560,37.4644151940,20250902133435,,서울 헌릉(태종·원경왕후)과 인릉(순조·순원황후) [유네스코 세계유산],06795,11,650,HS,HS01,HS010800
서울특별시 용산구 효창원로 177-18 (효창동),,127643,12,20030630090000,http://tong.visitkorea.or.kr/cms/resource/87/3505687_image2_1.jpg,http://tong.visitkorea.or.kr/cms/resource/87/3505687_image3_1.jpg,126.9618926006,37.5445620575,20250725093819,,서울 효창공원,04311,11,170,VE,VE03,VE030500
서울특별시 중구 을지로 지하12 (을지로1가),,128968,12,20060517090000,http://tong.visitkorea.or.kr/cms/resource/13/3510513_image2_1.jpg,http://tong.visitkorea.or.kr/cms/resource/13/3510513_image3_1.jpg,126.9787960237,37.5655015943,20250723172444,,서울광장,04533,11,140,VE,VE03,VE030500
서울특별시 강동구 아리수로87길 32 (고덕동),,2554065,12,20180718002953,,,127.1717395873,37.5646551683,20250318192809,,서울교통공사 고덕차량사업소,05202,11,740,EX,EX06,EX060600
서울특별시 성동구 천호대로 346,,1845253,12,20130914014841,http://tong.visitkorea.or.kr/cms/resource/98/2034198_image2_1.jpg,http://tong.visitkorea.or.kr/cms/resource/98/2034198_image3_1.jpg,127.0572167398,37.5625755656,20241021170259,,"서울교통공사 차량기지(신정, 수서, 천왕기지)",04806,11,200,EX,EX07,EX070200
서울특별시 영등포구 여의공원로 68-1 (여의도동),,3487744,12,20250422101601,http://tong.visitkorea.or.kr/cms/resource/27/3487727_image2_1.jpg,http://tong.visitkorea.or.kr/cms/resource/27/3487727_image3_1.jpg,126.9222661688,37.5263912372,20250422103623,,서울달,07243,11,560,EX,EX07,EX070200
서울특별시 종로구 삼청로 88 (삼청동),,3102534,12,20240219183318,http://tong.visitkorea.or.kr/cms/resource/31/3102531_image2_1.jpg,http://tong.visitkorea.or.kr/cms/resource/31/3102531_image3_1.jpg,126.9819868962,37.5832579211,20250725094115,,서울도심등산관광센터(북악산),03053,11,110,EX,EX07,EX070200
서울특별시 강북구 삼양로173길 52 (우이동),5층,2989244,12,20230523175746,,,127.0097376704,37.6624742078,20250528132559,,서울도심등산관광센터(북한산),01002,11,305,EX,EX07,EX070200
서울특별시 중구 한강대로 405,,2495561,12,20170609195058,http://tong.visitkorea.or.kr/cms/resource/09/3081409_image2_1.jpg,http://tong.visitkorea.or.kr/cms/resource/09/3081409_image3_1.jpg,126.9706609645,37.5545193912,20250714142516,,서울로 7017,04509,11,170,VE,VE03,VE030100
서울특별시 강서구 양천로 201 (마곡동),,2993173,12,20230710140444,http://tong.visitkorea.or.kr/cms/resource/51/3458051_image2_1.JPG,http://tong.visitkorea.or.kr/cms/resource/51/3458051_image3_1.JPG,117.9925662504,19.6944274800,20250114113758,,서울물재생체험관,07520,11,500,EX,EX07,EX070200
서울특별시 성동구 자동차시장길 49 (용답동),,2553908,12,20180717185713,http://tong.visitkorea.or.kr/cms/resource/08/3486408_image2_1.png,http://tong.visitkorea.or.kr/cms/resource/08/3486408_image3_1.png,127.0578667897,37.5587371344,20250417134311,,서울새활용플라자,04807,11,200,EX,EX06,EX061000
서울특별시 영등포구 여의도동,,1369066,12,20110823230647,,,126.9307152844,37.5304520284,20250306132953,,서울색공원,07240,11,560,VE,VE03,VE030100
서울특별시 광진구 강변북로 2202 (자양동),,3060895,12,20231129171957,http://tong.visitkorea.or.kr/cms/resource/36/3052736_image2_1.jpg,http://tong.visitkorea.or.kr/cms/resource/36/3052736_image3_1.jpg,127.0655391172,37.5304044529,20250818153311,,서울생각마루(뚝섬 자벌레),05089,11,215,VE,VE12,VE120300
서울특별시 종로구 체부동 187 성결교회,,3013269,12,20230920144722,http://tong.visitkorea.or.kr/cms/resource/99/3012999_image2_1.jpg,http://tong.visitkorea.or.kr/cms/resource/99/3012999_image3_1.jpg,126.9715074797,37.5767640432,20250818091357,,서울생활문화센터 체부,03041,11,110,VE,VE12,VE120300
서울특별시 성북구 길음로7길 20 (길음동),,2773558,12,20211111205339,http://tong.visitkorea.or.kr/cms/resource/75/3467575_image2_1.jpg,http://tong.visitkorea.or.kr/cms/resource/75/3467575_image3_1.jpg,127.0222187566,37.6038090327,20250725094746,,서울성북 미디어문화마루,02721,11,290,VE,VE12,VE120300
서울특별시 성동구 뚝섬로 273,,128611,12,20050927090000,http://tong.visitkorea.or.kr/cms/resource/01/3532301_image2_1.jpg,http://tong.visitkorea.or.kr/cms/resource/01/3532301_image3_1.jpg,127.0418131384,37.5431247707,20250905142226,,서울숲,04770,11,200,VE,VE03,VE030100
서울특별시 성동구 뚝섬로 273 (성수동1가),,3442142,12,20241211134647,http://tong.visitkorea.or.kr/cms/resource/17/3442117_image2_1.JPG,http://tong.visitkorea.or.kr/cms/resource/17/3442117_image3_1.JPG,127.0418131384,37.5431247707,20250725094923,,서울숲 곤충식물원,04770,11,200,EX,EX07,EX070200
서울특별시 강서구 마곡동로 161 (마곡동),,2589349,12,20190124194713,http://tong.visitkorea.or.kr/cms/resource/60/2658460_image2_1.jpg,http://tong.visitkorea.or.kr/cms/resource/60/2658460_image3_1.jpg,126.8360144928,37.5692236076,20250319185241,,서울식물원,07789,11,500,NA,NA04,NA040700
서울특별시 강서구 마곡동로 161 (마곡동),,2733983,12,20210817192742,http://tong.visitkorea.or.kr/cms/resource/07/3509807_image2_1.jpg,http://tong.visitkorea.or.kr/cms/resource/07/3509807_image3_1.jpg,126.8360144928,37.5692236076,20250724102713,,서울식물원 호수공원,07789,11,500,VE,VE03,VE030100
서울특별시 구로구 경인로 430 (고척동),,3060967,12,20231127131757,http://tong.visitkorea.or.kr/cms/resource/41/3540341_image2_1.jpg,http://tong.visitkorea.or.kr/cms/resource/41/3540341_image3_1.jpg,126.8668969788,37.4992128511,20250917181113,,서울아트책보고,08275,11,530,VE,VE12,VE120300
서울특별시 광진구 능동로 216 (능동),,126490,12,20041230090000,http://tong.visitkorea.or.kr/cms/resource/61/3355161_image2_1.JPG,http://tong.visitkorea.or.kr/cms/resource/61/3355161_image3_1.JPG,127.0762792676,37.5493552228,20250316120429,,서울어린이대공원,04991,11,215,VE,VE02,VE020100
서울특별시 중구 한강대로 405 (봉래동2가),4층 옥외주차장 왼편,3399181,12,20241028142052,http://tong.visitkorea.or.kr/cms/resource/37/3399137_image2_1.jpg,http://tong.visitkorea.or.kr/cms/resource/37/3399137_image3_1.jpg,126.9717664185,37.5545416306,20250319143106,,서울역 옥상정원(The Roof),04509,11,140,VE,VE03,VE030500
서울특별시 서초구 잠원로 145-35 (잠원동),,2718257,12,20210526032327,http://tong.visitkorea.or.kr/cms/resource/30/3096830_image2_1.jpg,http://tong.visitkorea.or.kr/cms/resource/30/3096830_image3_1.jpg,127.0072975370,37.5184409070,20250317223816,,서울웨이브아트센터,06513,11,650,VE,VE12,VE120300
서울특별시 도봉구 마들로 916,,749216,12,20090608190951,http://tong.visitkorea.or.kr/cms/resource/23/2356723_image2_1.jpg,http://tong.visitkorea.or.kr/cms/resource/23/2356723_image3_1.jpg,127.0481278444,37.6893801026,20240731165447,,서울창포원,01318,11,320,NA,NA04,NA040700
서울특별시 강서구 마곡중앙5로 지하9 (마곡동),지하 1층,3036898,12,20231110182109,http://tong.visitkorea.or.kr/cms/resource/08/3451708_image2_1.JPEG,http://tong.visitkorea.or.kr/cms/resource/08/3451708_image3_1.JPEG,126.8269404101,37.5660654800,20250612113942,,서울퓨처랩,07797,11,500,EX,EX07,EX070200
서울특별시 용산구 두텁바위로 60 (용산동2가),,1829573,12,20130723010550,http://tong.visitkorea.or.kr/cms/resource/99/3465699_image2_1.jpg,http://tong.visitkorea.or.kr/cms/resource/99/3465699_image3_1.jpg,126.9787771355,37.5459094260,20250703110159,,서울학도병참전기념비,04353,11,170,HS,HS02,HS020100
서울특별시 마포구 마포나루길 407,,2661506,12,20200630182244,,,126.8939818053,37.5558484197,20250912170540,,서울함공원,03954,11,440,VE,VE03,VE030100
서울특별시 서초구 바우뫼로12길 40 (양재동),,3351700,12,20240821163839,http://tong.visitkorea.or.kr/cms/resource/16/3515016_image2_1.jpg,http://tong.visitkorea.or.kr/cms/resource/16/3515016_image3_1.jpg,127.0321021982,37.4701886207,20250731193149,,서초문화예술공원,06769,11,650,VE,VE03,VE030500
서울특별시 종로구 필운대로 45 (누하동),,2037020,12,20151029231910,http://tong.visitkorea.or.kr/cms/resource/97/3497497_image2_1.jpg,http://tong.visitkorea.or.kr/cms/resource/97/3497497_image3_1.jpg,126.9685215424,37.5802469183,20250611175407,,서촌마을,03037,11,110,VE,VE04,VE040200
서울특별시 용산구 한강대로23길 55 (한강로3가),,1987566,12,20150209185702,http://tong.visitkorea.or.kr/cms/resource/89/3304789_image2_1.JPG,http://tong.visitkorea.or.kr/cms/resource/89/3304789_image3_1.JPG,126.9647566449,37.5298249324,20250307092051,,서해금빛열차,04377,11,170,EX,EX07,EX070200
서울특별시 종로구 계동길 112 (계동),,3045027,12,20231121111353,http://tong.visitkorea.or.kr/cms/resource/23/3045023_image2_1.jpg,http://tong.visitkorea.or.kr/cms/resource/23/3045023_image3_1.jpg,126.9869670217,37.5824081089,20250818134150,,석정보름우물,03057,11,110,HS,HS01,HS011000
서울특별시 송파구 삼학사로 136,,754052,12,20090617225826,http://tong.visitkorea.or.kr/cms/resource/76/3500876_image2_1.jpg,http://tong.visitkorea.or.kr/cms/resource/76/3500876_image3_1.jpg,127.0979728676,37.5095713442,20250702101800,,석촌호수,05608,11,710,VE,VE03,VE030500
서울특별시 종로구 창의문로11길 4-1 (부암동),,3449598,12,20241218152258,http://tong.visitkorea.or.kr/cms/resource/32/3449432_image2_1.JPG,http://tong.visitkorea.or.kr/cms/resource/32/3449432_image3_1.JPG,126.9627744300,37.5948701151,20250107100457,,석파정,03021,11,110,HS,HS04,HS040400
서울특별시 종로구 통일로18가길 26,(무악동),2774283,12,20211115183901,http://tong.visitkorea.or.kr/cms/resource/55/3412155_image2_1.JPG,http://tong.visitkorea.or.kr/cms/resource/55/3412155_image3_1.JPG,126.9589446749,37.5789274555,20241203150152,,선바위(선암),03023,11,110,NA,NA03,NA030300
서울특별시 영등포구 선유로 343 (당산동),,2661405,12,20200629200717,http://tong.visitkorea.or.kr/cms/resource/83/3512483_image2_1.jpg,http://tong.visitkorea.or.kr/cms/resource/83/3512483_image3_1.jpg,126.9024425270,37.5422918129,20250805090457,,선유도공원,07200,11,560,VE,VE03,VE030100
서울특별시 강남구 도산대로45길 18,,2660725,12,20200623183835,,,127.0355003778,37.5236074796,20250319163516,,설화수 플래그십 스토어,06021,11,680,EX,EX05,EX050100
서울특별시 종로구 명륜3가,,3418283,12,20241118105813,,,126.9957161181,37.5861522755,20250311175513,,성균관 명륜당,03064,11,110,HS,HS01,HS011200
서울특별시 중랑구 봉화산로 109-8,,1606096,12,20120418233723,http://tong.visitkorea.or.kr/cms/resource/39/2350539_image2_1.jpg,http://tong.visitkorea.or.kr/cms/resource/39/2350539_image3_1.jpg,127.0867351085,37.6034935650,20241030174037,,성덕사,02048,11,260,HS,HS03,HS030100
서울특별시 성동구 살곶이길 327 (행당동),,2553911,12,20180717190724,,,127.0405045954,37.5547261769,20250418142448,,성동 AI·미래기술체험센터,04765,11,200,EX,EX06,EX061000
서울특별시 성북구 성북동,일원,3043900,12,20231120120639,http://tong.visitkorea.or.kr/cms/resource/84/3043884_image2_1.jpg,http://tong.visitkorea.or.kr/cms/resource/84/3043884_image3_1.jpg,126.9978351117,37.5952429230,20250714112252,,성북동고택북촌산책길,02823,11,290,VE,VE04,VE040300
서울특별시 성북구 선잠로 28 (성북동),,2733963,12,20210817182833,http://tong.visitkorea.or.kr/cms/resource/63/3393263_image2_1.JPG,http://tong.visitkorea.or.kr/cms/resource/63/3393263_image3_1.JPG,126.9980073172,37.5952790333,20250318212110,,성북동성당,02823,11,290,HS,HS03,HS030200
서울특별시 성북구 성북로21길 31 (성북동),,3043953,12,20231120133133,http://tong.visitkorea.or.kr/cms/resource/15/3043915_image2_1.jpg,http://tong.visitkorea.or.kr/cms/resource/15/3043915_image3_1.jpg,126.9975046591,37.5926904364,20250723133644,,성북역사문화공원,02879,11,290,VE,VE03,VE030100
서울특별시 성동구 성수동2가,289-30,2650231,12,20200324022553,http://tong.visitkorea.or.kr/cms/resource/78/2933778_image2_1.bmp,http://tong.visitkorea.or.kr/cms/resource/78/2933778_image3_1.bmp,127.0572144762,37.5444526709,20250626112104,,성수동 수제화거리,04793,11,200,VE,VE04,VE040100
서울특별시 성동구 성수동2가,,2930901,12,20221206180354,,,127.0566145649,37.5432527996,20250730141740,,성수동 카페거리,04795,11,200,VE,VE04,VE040100
서울특별시 성동구 성수이로14길 14,(성수동2가),2745594,12,20210915234112,,,127.0568784737,37.5417140944,20241205120057,,성수연방,04784,11,200,VE,VE12,VE120300
서울특별시 강서구 곰달래로35길 64,(화곡동),2759973,12,20211020231906,http://tong.visitkorea.or.kr/cms/resource/75/3467775_image2_1.jpg,http://tong.visitkorea.or.kr/cms/resource/75/3467775_image3_1.jpg,126.8539749564,37.5340113551,20250610093045,,성심사,07744,11,500,HS,HS03,HS030100
서울특별시 중구 회현동1가,100-115,1829589,12,20130723020619,http://tong.visitkorea.or.kr/cms/resource/72/3504772_image2_1.jpg,http://tong.visitkorea.or.kr/cms/resource/72/3504772_image3_1.jpg,126.9792157139,37.5554527695,20250711134353,,성재 이시영선생 동상,04635,11,140,VE,VE01,VE010500
서울특별시 강서구 가양동,146-65,3520431,12,20250812152636,http://tong.visitkorea.or.kr/cms/resource/80/3520380_image2_1.jpg,http://tong.visitkorea.or.kr/cms/resource/80/3520380_image3_1.jpg,126.8429138401,37.5700541895,20250812155936,,성주우물터 은행나무,07527,11,500,NA,NA05,NA050100
서울특별시 용산구 이촌로 124 (이촌동),,2760249,12,20211021011310,http://tong.visitkorea.or.kr/cms/resource/93/3468093_image2_1.jpg,http://tong.visitkorea.or.kr/cms/resource/93/3468093_image3_1.jpg,117.9925662504,19.6944274800,20250703101500,,성촌공원,04381,11,170,VE,VE03,VE030100
서울특별시 종로구 세검정로 244 (신영동),,126494,12,20020510090000,,,126.9597189808,37.6009471313,20250312164023,,세검정 터,03018,11,110,HS,HS01,HS011200
서울특별시 강남구 신사동,,3030336,12,20230925110254,http://tong.visitkorea.or.kr/cms/resource/53/3511153_image2_1.jpg,http://tong.visitkorea.or.kr/cms/resource/53/3511153_image3_1.jpg,127.0223572804,37.5183106366,20250722160838,,세로수길,06028,11,680,VE,VE04,VE040100
서울특별시 서초구 올림픽대로 2085-14 (반포동),,970052,12,20100310003045,http://tong.visitkorea.or.kr/cms/resource/10/3515810_image2_1.jpg,http://tong.visitkorea.or.kr/cms/resource/10/3515810_image3_1.jpg,126.9965764639,37.5123025381,20250731201530,,세빛섬,06500,11,650,VE,VE02,VE020100
서울특별시 종로구 청계천로 159,(장사동),2553876,12,20180717023419,http://tong.visitkorea.or.kr/cms/resource/51/2947851_image2_1.jpg,http://tong.visitkorea.or.kr/cms/resource/51/2947851_image3_1.jpg,126.9952249747,37.5692681185,20240829171355,,세운상가,03194,11,110,EX,EX06,EX061000
서울특별시 종로구 세종로,1-68,1364932,12,20110817221753,http://tong.visitkorea.or.kr/cms/resource/09/3083709_image2_1.JPG,http://tong.visitkorea.or.kr/cms/resource/09/3083709_image3_1.JPG,126.9769154284,37.5729534722,20250414175340,,세종대왕 동상,03172,11,110,VE,VE01,VE010500
서울특별시 종로구 세종대로 지하 189,,1604697,12,20120417204043,http://tong.visitkorea.or.kr/cms/resource/51/3412051_image2_1.JPG,http://tong.visitkorea.or.kr/cms/resource/51/3412051_image3_1.JPG,126.9760710456,37.5734839509,20241120160753,,세종로공원,03172,11,110,VE,VE03,VE030100
서울특별시 종로구 자하문로1길 24 (체부동),,2992822,12,20230706134332,http://tong.visitkorea.or.kr/cms/resource/62/3535062_image2_1.jpg,http://tong.visitkorea.or.kr/cms/resource/62/3535062_image3_1.jpg,126.9710825243,37.5765696140,20250910190527,,세종마을 음식문화거리,03041,11,110,VE,VE04,VE040100
서울특별시 종로구 세검정로 241-3 (홍지동),,319578,12,20071207230634,http://tong.visitkorea.or.kr/cms/resource/00/3481900_image2_1.jpg,http://tong.visitkorea.or.kr/cms/resource/00/3481900_image3_1.jpg,126.9589190430,37.6013165189,20250311164844,,소림사(서울),03015,11,110,HS,HS03,HS030100
서울특별시 중구 손기정로 101-4 (만리동2가),손기정공원,3056155,12,20231204100219,http://tong.visitkorea.or.kr/cms/resource/76/3458176_image2_1.JPG,http://tong.visitkorea.or.kr/cms/resource/76/3458176_image3_1.JPG,126.9647225790,37.5558524631,20250717180205,,손기정체육공원,04501,11,140,VE,VE03,VE030400
서울특별시 강북구 삼양로 561 (우이동),,3354733,12,20240827160011,http://tong.visitkorea.or.kr/cms/resource/29/3354729_image2_1.jpg,http://tong.visitkorea.or.kr/cms/resource/29/3354729_image3_1.jpg,127.0122682634,37.6530586820,20250728145321,,솔밭근린공원,01007,11,305,NA,NA04,NA040100
서울특별시 송파구 백제고분로43길 23,,2994877,12,20230720161035,http://tong.visitkorea.or.kr/cms/resource/19/2995119_image2_1.jpg,http://tong.visitkorea.or.kr/cms/resource/19/2995119_image3_1.jpg,127.1082358354,37.5091382462,20250103172737,,송리단길,05622,11,710,VE,VE04,VE040100
서울특별시 노원구 덕릉로145길 101,(상계동),750901,12,20090610193703,http://tong.visitkorea.or.kr/cms/resource/88/739088_image2_1.jpg,http://tong.visitkorea.or.kr/cms/resource/88/739088_image3_1.jpg,127.0886465712,37.6823510970,20240902103553,,송암사,01633,11,350,HS,HS03,HS030100
서울특별시 서대문구 통일로 251 (현저동),,1829610,12,20130723022441,http://tong.visitkorea.or.kr/cms/resource/97/3465597_image2_1.jpg,http://tong.visitkorea.or.kr/cms/resource/97/3465597_image3_1.jpg,126.9573421635,37.5746723659,20250611090158,,송재서재필선생상,03732,11,410,VE,VE01,VE010500
서울특별시 송파구 헌릉로 793 (장지동),,2761745,12,20211025233137,http://tong.visitkorea.or.kr/cms/resource/88/3468088_image2_1.jpg,http://tong.visitkorea.or.kr/cms/resource/88/3468088_image3_1.jpg,127.1233521867,37.4717789656,20250611103719,,송파구자원순환공원,05842,11,710,VE,VE03,VE030100
서울특별시 송파구 올림픽로35다길 33 (신천동),,126489,12,20031106090000,,,127.1018917872,37.5155012825,20250305092740,,송파어린이교통공원 교통안전교육장,05510,11,710,VE,VE02,VE020100
서울특별시 송파구 백제고분로42길 5 (송파동),,2465130,12,20161220200415,http://tong.visitkorea.or.kr/cms/resource/69/3500969_image2_1.jpg,http://tong.visitkorea.or.kr/cms/resource/69/3500969_image3_1.jpg,127.1097468982,37.5059830842,20250627133831,,송파여성문화회관,05666,11,710,VE,VE12,VE120300
서울특별시 은평구 서오릉로23길 8-5 (구산동),,127219,12,20070922090000,http://tong.visitkorea.or.kr/cms/resource/18/3505518_image2_1.jpg,http://tong.visitkorea.or.kr/cms/resource/18/3505518_image3_1.jpg,126.9062400856,37.6164749224,20250711162154,,수국사(서울),03424,11,380,HS,HS03,HS030100
서울특별시 노원구 덕릉로145길 108 (상계동),,3504884,12,20250710154059,http://tong.visitkorea.or.kr/cms/resource/09/3504909_image2_1.jpg,http://tong.visitkorea.or.kr/cms/resource/09/3504909_image3_1.jpg,127.0899687061,37.6811901448,20250718101426,,수락 휴(수락산 동막골 자연휴양림),01633,11,350,NA,NA04,NA040600
서울특별시 노원구 상계동 산1-1,,126483,12,20040227090000,,,127.0732589963,37.6854837875,20250316215216,,수락산,01622,11,350,NA,NA01,NA010100
서울특별시 노원구 상계로 273,,736370,12,20090520002629,http://tong.visitkorea.or.kr/cms/resource/04/739104_image2_1.jpg,http://tong.visitkorea.or.kr/cms/resource/04/739104_image3_1.jpg,127.0758064644,37.6687552242,20240829112455,,수락산 당고개지구 공원,01639,11,350,NA,NA04,NA040500
서울특별시 노원구 덕릉로129가길 241,(상계동),485685,12,20080225175630,http://tong.visitkorea.or.kr/cms/resource/26/2675526_image2_1.jpg,http://tong.visitkorea.or.kr/cms/resource/26/2675526_image2_1.jpg,127.0773476077,37.6821398057,20240826095311,,수락산 학림사,01632,11,350,HS,HS03,HS030100
서울특별시 종로구 옥인동 185-3,(옥인동),2733962,12,20210817182300,,,126.9631997475,37.5822799198,20250314093336,,수성동계곡,03034,11,110,NA,NA01,NA010400
서울특별시 서초구 효령로68길 30,(서초동),2759905,12,20211020224739,http://tong.visitkorea.or.kr/cms/resource/53/3467653_image2_1.jpg,http://tong.visitkorea.or.kr/cms/resource/53/3467653_image3_1.jpg,127.0231081164,37.4863171426,20250611091544,,수안사,06722,11,650,HS,HS03,HS030100
서울특별시 노원구 상계동 산153-1,,761264,12,20090701030925,http://tong.visitkorea.or.kr/cms/resource/17/739117_image2_1.jpg,http://tong.visitkorea.or.kr/cms/resource/17/739117_image3_1.jpg,127.0849276385,37.6763239530,20250331171556,,수암사(서울),01633,11,350,HS,HS03,HS030100
서울특별시 서대문구 현저동,101,1829735,12,20130723221943,http://tong.visitkorea.or.kr/cms/resource/07/3515207_image2_1.jpg,http://tong.visitkorea.or.kr/cms/resource/07/3515207_image3_1.jpg,126.9568144774,37.5731530883,20250731112243,,순국선열추념탑,03733,11,410,HS,HS02,HS020100
서울특별시 광진구 능동,(어린이대공원 내),753964,12,20090617193155,,,127.0778152567,37.5487525422,20250730104015,,순명비 유강원 석물,04991,11,215,HS,HS02,HS020100
서울특별시 중구 퇴계로34길 28,,1606014,12,20120418223741,http://tong.visitkorea.or.kr/cms/resource/00/3083100_image2_1.JPG,http://tong.visitkorea.or.kr/cms/resource/00/3083100_image3_1.JPG,126.9939920541,37.5586776601,20250820100753,,순정효황후윤씨친가,04626,11,140,HS,HS01,HS010400
서울특별시 중구 세종대로 40,,128162,12,20040604090000,http://tong.visitkorea.or.kr/cms/resource/39/2612539_image2_1.jpg,http://tong.visitkorea.or.kr/cms/resource/39/2612539_image3_1.jpg,126.9752992762,37.5599855058,20250729145534,,숭례문,04528,11,140,HS,HS01,HS010300
서울특별시 종로구 숭인동,58-70,1604733,12,20120417222809,http://tong.visitkorea.or.kr/cms/resource/45/3384845_image2_1.JPG,http://tong.visitkorea.or.kr/cms/resource/45/3384845_image3_1.JPG,127.0179143478,37.5772537086,20250314100525,,숭인근린공원,03110,11,110,VE,VE03,VE030400
서울특별시 성동구 아차산로 104 (성수동2가),스탈릿성수,2850614,12,20220906173912,http://tong.visitkorea.or.kr/cms/resource/67/2849767_image2_1.jpg,http://tong.visitkorea.or.kr/cms/resource/67/2849767_image3_1.jpg,127.0554729674,37.5444943013,20250829131857,,스탈릿성수,04782,11,200,VE,VE12,VE120300
서울특별시 관악구 양녕로1길 48,,2988927,12,20230522143328,,,126.9438404021,37.4838521198,20250107174622,010-5145-9546,스튜디오 호테노,08752,11,620,EX,EX07,EX070200
서울특별시 서초구 강남대로107길 5 (잠원동),,584698,12,20080709222510,http://tong.visitkorea.or.kr/cms/resource/72/2024972_image2_1.jpg,http://tong.visitkorea.or.kr/cms/resource/72/2024972_image3_1.jpg,127.0182965393,37.5182911216,20250402171616,,스파레이,06524,11,650,EX,EX05,EX050200
서울특별시 동작구 노량진로 10 (대방동),,3083482,12,20231205140450,http://tong.visitkorea.or.kr/cms/resource/75/3083475_image2_1.jpg,http://tong.visitkorea.or.kr/cms/resource/75/3083475_image3_1.jpg,126.9272883264,37.5124457253,20250813131851,,스페이스살림,06938,11,590,VE,VE12,VE120300
서울특별시 종로구 비봉4길 213 (구기동),,126505,12,20030919090000,,,126.9608598127,37.6267191549,20250721151311,,승가사(서울),03001,11,110,HS,HS03,HS030100
서울특별시 종로구 인사동길 7-1,(인사동),605445,12,20080807001903,,,126.9863146199,37.5712538383,20250313143040,,승동교회,03164,11,110,HS,HS03,HS030200
서울특별시 송파구 올림픽로 300,86층,2794934,12,20211214053726,http://tong.visitkorea.or.kr/cms/resource/53/2951753_image2_1.jpg,http://tong.visitkorea.or.kr/cms/resource/53/2951753_image3_1.jpg,127.1025779177,37.5126238510,20250404112030,,시그니엘 서울 리트릿 시그니엘 스파,05551,11,710,EX,EX05,EX050100
서울특별시 서대문구 홍제동,산 41-29,2783484,12,20211130195550,http://tong.visitkorea.or.kr/cms/resource/89/2787789_image2_1.jpg,http://tong.visitkorea.or.kr/cms/resource/89/2787789_image2_1.jpg,126.9385157917,37.5856540854,20250402163553,,신기한놀이터 떼굴떼굴,03644,11,410,EX,EX07,EX070200
서울특별시 중구 다산로33길 10-18 (신당동),,699249,12,20090225203258,http://tong.visitkorea.or.kr/cms/resource/81/3083181_image2_1.JPG,http://tong.visitkorea.or.kr/cms/resource/81/3083181_image3_1.JPG,127.0146067184,37.5630580770,20250414174049,,신당동 떡볶이타운,04611,11,140,VE,VE04,VE040100
서울특별시 구로구 새말로 107-32 (구로동),,3447960,12,20241217231134,http://tong.visitkorea.or.kr/cms/resource/31/3455931_image2_1.jpg,http://tong.visitkorea.or.kr/cms/resource/31/3455931_image3_1.jpg,126.8908862075,37.5081705717,20241222223427,,신도림테크노근린공원,08288,11,530,NA,NA05,NA050100
서울특별시 관악구 신림동,808-126,2755451,12,20211012183019,http://tong.visitkorea.or.kr/cms/resource/27/3521427_image2_1.jpg,http://tong.visitkorea.or.kr/cms/resource/27/3521427_image3_1.jpg,126.9478157357,37.4591522814,20250818142534,,신림계곡,08826,11,620,NA,NA01,NA010400
서울특별시 강남구 압구정동,422,2752552,12,20211001231443,http://tong.visitkorea.or.kr/cms/resource/26/3397426_image2_1.JPG,http://tong.visitkorea.or.kr/cms/resource/26/3397426_image3_1.JPG,127.0215144312,37.5627526804,20250327133932,,신사공원,06000,11,680,VE,VE03,VE030100
서울특별시 강남구 가로수길 23 (신사동),,987720,12,20100327021416,http://tong.visitkorea.or.kr/cms/resource/50/2933550_image2_1.bmp,http://tong.visitkorea.or.kr/cms/resource/50/2933550_image3_1.bmp,127.0227572041,37.5197049261,20250723100854,,신사동 가로수길,06034,11,680,EX,EX07,EX070200
서울특별시 중구 청계천로 100,(수표동) 부근,2373333,12,20160317191815,http://tong.visitkorea.or.kr/cms/resource/98/3384998_image2_1.JPG,http://tong.visitkorea.or.kr/cms/resource/98/3384998_image3_1.JPG,126.9884423006,37.5678348289,20250319174206,,신석구 사택 터,04542,11,140,HS,HS03,HS030200
서울특별시 송파구 동남로 263,(오금동),754003,12,20090617203844,http://tong.visitkorea.or.kr/cms/resource/53/755753_image2_1.jpg,http://tong.visitkorea.or.kr/cms/resource/53/755753_image3_1.jpg,127.1327087891,37.5027894247,20241022100119,,신선경과 류인호 묘역,05725,11,710,HS,HS01,HS010800
서울특별시 서대문구 대현동,121-23,3082166,12,20231204143423,http://tong.visitkorea.or.kr/cms/resource/60/3082160_image2_1.JPG,http://tong.visitkorea.or.kr/cms/resource/60/3082160_image3_1.JPG,126.9424050556,37.5598543760,20250818164009,,신촌그래피티벽화터널,03766,11,410,EX,EX07,EX070200
서울특별시 양천구 신정동,310-7,2611887,12,20190719013240,http://tong.visitkorea.or.kr/cms/resource/79/2611879_image2_1.bmp,http://tong.visitkorea.or.kr/cms/resource/79/2611879_image2_1.bmp,126.8565141583,37.5146525388,20250404155658,,신트리공원(서울),08091,11,470,VE,VE03,VE030500
서울특별시 서초구 사평대로 55 (반포동),,1245865,12,20110330233307,http://tong.visitkorea.or.kr/cms/resource/88/3540488_image2_1.jpg,http://tong.visitkorea.or.kr/cms/resource/88/3540488_image3_1.jpg,126.9907301631,37.4985345878,20250918095341,,심산기념문화센터,06550,11,650,VE,VE12,VE120300
서울특별시 금천구 독산로76길 47,,2756153,12,20211013192040,http://tong.visitkorea.or.kr/cms/resource/29/3468029_image2_1.jpg,http://tong.visitkorea.or.kr/cms/resource/29/3468029_image3_1.jpg,126.8970561551,37.4702973029,20250610104436,,쌈지 어린이공원,08557,11,545,VE,VE03,VE030300
서울특별시 종로구 인사동길 44 (관훈동),,128553,12,20050610090000,http://tong.visitkorea.or.kr/cms/resource/72/3348672_image2_1.JPG,http://tong.visitkorea.or.kr/cms/resource/72/3348672_image3_1.JPG,126.9848674428,37.5743062352,20250731134731,,쌈지길,03146,11,110,VE,VE04,VE040100
서울특별시 영등포구 문래로 164,(문래동3가),591603,12,20080722024601,http://tong.visitkorea.or.kr/cms/resource/47/1985547_image2_1.jpg,http://tong.visitkorea.or.kr/cms/resource/47/1985547_image3_1.jpg,126.9000712095,37.5178529443,20241016174900,,씨랄라 워터파크,07297,11,560,VE,VE02,VE020200
서울특별시 종로구 북촌로5길 43 (화동),,2373420,12,20160318023333,http://tong.visitkorea.or.kr/cms/resource/93/3427393_image2_1.jpg,http://tong.visitkorea.or.kr/cms/resource/93/3427393_image3_1.jpg,126.9825591760,37.5793889366,20250410142323,,아띠인력거,03061,11,110,EX,EX07,EX070200
서울특별시 강남구 강남대로162길 41-4,,3074727,12,20230906185208,,,127.0217322519,37.5213269415,20250526161119,,아로마티카 신사,06028,11,680,EX,EX06,EX060800
서울특별시 광진구 능동로 216 (능동),,2452842,12,20161212231621,http://tong.visitkorea.or.kr/cms/resource/23/3540023_image2_1.jpg,http://tong.visitkorea.or.kr/cms/resource/23/3540023_image3_1.jpg,127.0762792676,37.5493552228,20250917162102,,아리수나라,04991,11,215,EX,EX06,EX061000
서울특별시 성동구 아차산로11길 7,(성수동2가),2722936,12,20210623225030,http://tong.visitkorea.or.kr/cms/resource/23/2994423_image2_1.jpg,http://tong.visitkorea.or.kr/cms/resource/23/2994423_image3_1.jpg,127.0590698587,37.5446026871,20250814143500,,아모레 성수,04797,11,200,EX,EX07,EX070200
서울특별시 송파구 올림픽로 44,,1603175,12,20120416201347,http://tong.visitkorea.or.kr/cms/resource/37/3401537_image2_1.JPG,http://tong.visitkorea.or.kr/cms/resource/37/3401537_image3_1.JPG,127.0767025661,37.5100820131,20250404135449,,아시아공원,05572,11,710,VE,VE03,VE030100
서울특별시 마포구 연남로 86 (연남동),,3357819,12,20240902165305,http://tong.visitkorea.or.kr/cms/resource/23/3526623_image2_1.jpg,http://tong.visitkorea.or.kr/cms/resource/23/3526623_image3_1.jpg,126.9187236902,37.5666087219,20250829153351,,아이아이 연남,03976,11,440,EX,EX07,EX070200
서울특별시 광진구 긴고랑로 213 (중곡동),,129552,12,20070514090000,http://tong.visitkorea.or.kr/cms/resource/37/3499237_image2_1.jpg,http://tong.visitkorea.or.kr/cms/resource/37/3499237_image3_1.jpg,127.0956965713,37.5624651612,20250619110201,,아차산,04947,11,215,NA,NA01,NA010100
서울특별시 광진구 구의동,3-3,2779539,12,20211125195822,http://tong.visitkorea.or.kr/cms/resource/29/3499229_image2_1.jpg,http://tong.visitkorea.or.kr/cms/resource/29/3499229_image3_1.jpg,127.1023155306,37.5583518691,20250619105223,,아차산 고구려정,04948,11,215,NA,NA01,NA010100
서울특별시 중랑구 묵동,산 46-19,250352,12,20071024090000,http://tong.visitkorea.or.kr/cms/resource/41/3494741_image2_1.jpg,http://tong.visitkorea.or.kr/cms/resource/41/3494741_image3_1.jpg,127.0874154552,37.6086540883,20250530134736,,아차산 봉수대 터,02040,11,260,HS,HS01,HS010200
서울특별시 광진구 워커힐로 127,,742972,12,20090528014758,http://tong.visitkorea.or.kr/cms/resource/35/3499235_image2_1.jpg,http://tong.visitkorea.or.kr/cms/resource/35/3499235_image3_1.jpg,127.1012880282,37.5519609256,20250619111543,,아차산 어울림정원,04965,11,215,NA,NA04,NA040500
서울특별시 광진구 천호대로 731 (구의동),,2773309,12,20211111190052,http://tong.visitkorea.or.kr/cms/resource/08/3401708_image2_1.JPG,http://tong.visitkorea.or.kr/cms/resource/08/3401708_image3_1.JPG,117.9925662504,19.6944274800,20250331113056,,아차산배수지체육공원,04958,11,215,VE,VE03,VE030500
서울특별시 광진구 광장동,,126518,12,20020402090000,http://tong.visitkorea.or.kr/cms/resource/57/3514057_image2_1.jpg,http://tong.visitkorea.or.kr/cms/resource/57/3514057_image3_1.jpg,127.1029155869,37.5544523327,20250729103659,,아차산성,04967,11,215,HS,HS01,HS010200
서울특별시 용산구 신흥로36길 7 (후암동),,3523287,12,20250819133222,http://tong.visitkorea.or.kr/cms/resource/82/3523282_image2_1.jpg,http://tong.visitkorea.or.kr/cms/resource/82/3523282_image3_1.jpg,126.9821240366,37.5464677550,20250819133234,,아티스푼(ARTEASPOON),04337,11,170,EX,EX02,EX020400
서울특별시 마포구 굴레방로9길 17,(아현동),749280,12,20090608192449,http://tong.visitkorea.or.kr/cms/resource/98/3465898_image2_1.jpg,http://tong.visitkorea.or.kr/cms/resource/98/3465898_image3_1.jpg,126.9547068001,37.5567327368,20250109110739,,아현동 전골목,04116,11,440,VE,VE04,VE040100
서울특별시 관악구 낙성대로 77 (봉천동),,3450146,12,20241218164019,http://tong.visitkorea.or.kr/cms/resource/35/3450135_image2_1.jpg,http://tong.visitkorea.or.kr/cms/resource/35/3450135_image3_1.jpg,126.9587338341,37.4716399155,20250731115405,,안국사,08799,11,620,HS,HS04,HS040400
서울특별시 종로구 북촌로 70 (가회동),,2774286,12,20211115184643,http://tong.visitkorea.or.kr/cms/resource/47/3481947_image2_1.jpg,http://tong.visitkorea.or.kr/cms/resource/47/3481947_image3_1.jpg,126.9854227017,37.5829885693,20250311173726,,안국선원(서울),03056,11,110,HS,HS03,HS030100
서울특별시 종로구 인사동길 49,,2666751,12,20200810233229,http://tong.visitkorea.or.kr/cms/resource/36/2666736_image2_1.jpg,http://tong.visitkorea.or.kr/cms/resource/36/2666736_image2_1.jpg,126.9835620013,37.5744839692,20250731115314,,안녕인사동,03145,11,110,VE,VE01,VE010100
서울특별시 종로구 창신5길 61 (창신동),,337413,12,20071217225214,,,127.0133453781,37.5751955324,20250410145754,,안양암(서울),03103,11,110,HS,HS03,HS030100
서울특별시 양천구 신정동,,2612095,12,20190719232331,http://tong.visitkorea.or.kr/cms/resource/64/3399364_image2_1.JPG,http://tong.visitkorea.or.kr/cms/resource/64/3399364_image3_1.JPG,126.8787480766,37.5205772468,20250319191444,,안양천 사계절 테마원,08008,11,470,VE,VE03,VE030100
서울특별시 양천구 안양천로 812 (신정동),,3056724,12,20231204115439,http://tong.visitkorea.or.kr/cms/resource/84/3056684_image2_1.jpg,http://tong.visitkorea.or.kr/cms/resource/84/3056684_image3_1.jpg,126.8777037872,37.5184274782,20250717175542,,안양천가족정원,08008,11,470,VE,VE03,VE030400
서울특별시 영등포구 양평동1가,,2774291,12,20211115185110,http://tong.visitkorea.or.kr/cms/resource/44/3540444_image2_1.jpg,http://tong.visitkorea.or.kr/cms/resource/44/3540444_image3_1.jpg,126.8812144059,37.5245518290,20250918094114,,안양천제방벚꽃길,07262,11,560,NA,NA05,NA050100
서울특별시 중구 남대문로5가,471,1829741,12,20130723223814,http://tong.visitkorea.or.kr/cms/resource/02/3506302_image2_1.jpg,http://tong.visitkorea.or.kr/cms/resource/02/3506302_image3_1.jpg,126.9811155917,37.5536530127,20250731113751,,안중근의사 동상,04527,11,140,VE,VE01,VE010500
서울특별시 강남구 압구정동,일대,126823,12,20041230090000,http://tong.visitkorea.or.kr/cms/resource/84/3393784_image2_1.JPG,http://tong.visitkorea.or.kr/cms/resource/84/3393784_image3_1.JPG,127.0388971983,37.5268766055,20250315085834,,압구정 로데오거리,06017,11,680,EX,EX07,EX070200
서울특별시 강서구 금낭화로17길 261,,337422,12,20071217235427,http://tong.visitkorea.or.kr/cms/resource/40/3506340_image2_1.jpg,http://tong.visitkorea.or.kr/cms/resource/40/3506340_image3_1.jpg,126.8029808981,37.5869209605,20250718090000,,약사사(서울),07501,11,500,HS,HS03,HS030100
서울특별시 관악구 약수암1길 28 약수사,,126918,12,20020402090000,http://tong.visitkorea.or.kr/cms/resource/67/2363167_image2_1.jpg,http://tong.visitkorea.or.kr/cms/resource/67/2363167_image3_1.jpg,126.9344613837,37.4595603285,20250626093550,,약수사(서울),08823,11,620,HS,HS03,HS030100
서울특별시 서초구 동산로 35 (양재동),,2773271,12,20211111184345,http://tong.visitkorea.or.kr/cms/resource/05/3540705_image2_1.jpg,http://tong.visitkorea.or.kr/cms/resource/05/3540705_image3_1.jpg,127.0424567609,37.4719802653,20250918132027,,양재근린공원,06780,11,650,VE,VE03,VE030400
서울특별시 서초구 양재동,261-23,827585,12,20091027015344,http://tong.visitkorea.or.kr/cms/resource/88/3540688_image2_1.jpg,http://tong.visitkorea.or.kr/cms/resource/88/3540688_image3_1.jpg,127.0417150330,37.4765519436,20250918131050,,양재천 근린공원,06777,11,650,NA,NA04,NA040500
서울특별시 양천구 목동동로 지하111 (신정동),,2612214,12,20190720012452,,,126.8681268851,37.5183356508,20250305144033,,양천공원,08013,11,470,VE,VE03,VE030100
서울특별시 양천구 목동로25길 23 (신정동),,2612107,12,20190719234921,http://tong.visitkorea.or.kr/cms/resource/87/3467787_image2_1.jpg,http://tong.visitkorea.or.kr/cms/resource/87/3467787_image3_1.jpg,126.8614744420,37.5279899658,20250624095916,,양천구 로데오거리,07938,11,470,VE,VE04,VE040100
서울특별시 양천구 목동남로 106-23 (신정동),,1105980,12,20101011224025,http://tong.visitkorea.or.kr/cms/resource/40/3399340_image2_1.JPG,http://tong.visitkorea.or.kr/cms/resource/40/3399340_image3_1.JPG,126.8700352822,37.5098672244,20250404164219,,양천구어린이교통안전교육장,08102,11,470,EX,EX07,EX070200
서울특별시 양천구 중앙로 250,(신정동),2611669,12,20190718014602,http://tong.visitkorea.or.kr/cms/resource/64/2611664_image2_1.bmp,http://tong.visitkorea.or.kr/cms/resource/64/2611664_image2_1.bmp,126.8537726200,37.5189714323,20250103133139,,양천나눔누리타운,08082,11,470,EX,EX07,EX070200
서울특별시 양천구 목동서로 363 (신정동),,2611575,12,20190718004915,http://tong.visitkorea.or.kr/cms/resource/69/2611569_image2_1.bmp,http://tong.visitkorea.or.kr/cms/resource/69/2611569_image2_1.bmp,126.8637439953,37.5167801982,20250407100812,,양천생활안전체험교육관,08094,11,470,EX,EX07,EX070200
서울특별시 양천구 신정동,330-4,2751345,12,20210929233709,,,126.8723127996,37.5117531568,20250319192810,,양천해누리체육공원,08018,11,470,VE,VE03,VE030500
서울특별시 강서구 양천로47나길 53,,127215,12,20020612090000,,,126.8400029129,37.5729593554,20240822173431,,양천향교,07521,11,500,HS,HS01,HS010900
서울특별시 마포구 양화진길 46,,126938,12,20020510090000,http://tong.visitkorea.or.kr/cms/resource/36/3384436_image2_1.JPG,http://tong.visitkorea.or.kr/cms/resource/36/3384436_image3_1.JPG,126.9111804997,37.5465275879,20250317211346,,양화진외국인선교사묘원(외인묘지),04084,11,440,HS,HS01,HS010800
서울특별시 영등포구 노들로 221 (당산동),,1059877,12,20100715005127,http://tong.visitkorea.or.kr/cms/resource/85/2530785_image2_1.jpg,http://tong.visitkorea.or.kr/cms/resource/85/2530785_image2_1.jpg,126.9023815332,37.5383339387,20250409092142,,양화한강공원,07231,11,560,VE,VE03,VE030100
서울특별시 마포구 월드컵로 386 (상암동),"상암동, 박정희 대통령 기념도서관",3433029,12,20241202164437,,,126.8863069637,37.5750349409,20241227101929,,어깨동무스토리움,03906,11,440,EX,EX07,EX070200
서울특별시 중구 을지로 281,동대문디자인플라자 배움터 4층,2561208,12,20180921025812,http://tong.visitkorea.or.kr/cms/resource/46/2561246_image2_1.jpg,http://tong.visitkorea.or.kr/cms/resource/46/2561246_image2_1.jpg,127.0103125191,37.5681962916,20250328154243,,어린이 감각놀이터 디키디키,04566,11,140,EX,EX07,EX070200
서울특별시 성동구 고산자로10길 18 (행당동),,3442375,12,20241211152431,,,127.0361132208,37.5585339890,20241226110512,,어린이꿈공원,04745,11,200,VE,VE03,VE030300
서울특별시 마포구 와우산로21길 20-5 (서교동),홍대프라자 3층,3082398,12,20231207142152,http://tong.visitkorea.or.kr/cms/resource/95/3082395_image2_1.jpg,http://tong.visitkorea.or.kr/cms/resource/95/3082395_image3_1.jpg,126.9226848333,37.5526881889,20250818164738,,엑스이스케이프 홍대놀이터점,04040,11,440,EX,EX07,EX070200
서울특별시 강남구 도산대로15길 41,1층,2592885,12,20190322021918,,,127.0232182384,37.5209353470,20250319170422,,엘크레,06033,11,680,EX,EX07,EX070200
서울특별시 구로구 고척동,산6-3,2591819,12,20190313232852,http://tong.visitkorea.or.kr/cms/resource/90/3539390_image2_1.jpg,http://tong.visitkorea.or.kr/cms/resource/90/3539390_image3_1.jpg,126.8560838482,37.5073006073,20250917132025,,여계묘역,08248,11,530,HS,HS01,HS010800
서울특별시 영등포구 여의공원로 68 여의도공원관리사무소,,127955,12,20041230090000,,,126.9222939310,37.5268578503,20240524144446,,여의도공원,07243,11,560,VE,VE03,VE030100
서울특별시 영등포구 여의도동,17,2774305,12,20211115190049,http://tong.visitkorea.or.kr/cms/resource/00/3399700_image2_1.JPG,http://tong.visitkorea.or.kr/cms/resource/00/3399700_image3_1.JPG,126.9202136244,37.5247525022,20250407111051,,여의도공원 문화의마당,07236,11,560,VE,VE03,VE030100
서울특별시 영등포구 여의동로 48,,809596,12,20090925025525,,,126.9218442005,37.5187393412,20240514101946,,여의도샛강생태공원,07323,11,560,NA,NA04,NA040500
서울특별시 영등포구 여의동로 330,,1059479,12,20100714190336,http://tong.visitkorea.or.kr/cms/resource/49/3096149_image2_1.jpg,http://tong.visitkorea.or.kr/cms/resource/49/3096149_image3_1.jpg,126.9336123570,37.5263886632,20250731102332,,여의도한강공원,07337,11,560,VE,VE03,VE030100
서울특별시 영등포구 여의도동 84-4,,2760268,12,20211021013451,,,126.9325207380,37.5282273186,20250408100415,,여의도한강공원 멀티프라자,,11,560,VE,VE03,VE030100
서울특별시 서초구 양재동,,2391348,12,20160704233337,http://tong.visitkorea.or.kr/cms/resource/49/3540649_image2_1.jpg,http://tong.visitkorea.or.kr/cms/resource/49/3540649_image3_1.jpg,127.0379155335,37.4710525137,20250918111214,,여의천,06774,11,650,NA,NA02,NA020100
서울특별시 강남구 논현로79길 24,(역삼동),2752545,12,20211001230007,http://tong.visitkorea.or.kr/cms/resource/86/3463086_image2_1.jpg,http://tong.visitkorea.or.kr/cms/resource/86/3463086_image3_1.jpg,127.0363010397,37.4976521744,20250102141242,,역삼개나리공원,06237,11,680,VE,VE03,VE030100
서울특별시 강남구 언주로85길 23-11 (역삼동),,2733864,12,20210813222255,http://tong.visitkorea.or.kr/cms/resource/97/3397497_image2_1.JPG,http://tong.visitkorea.or.kr/cms/resource/97/3397497_image3_1.JPG,127.0417060293,37.5002575249,20250327111832,,역삼동성당,06222,11,680,HS,HS03,HS030200
서울특별시 마포구 성미산로28길 18,,2500201,12,20170718194621,,,126.9236205874,37.5623009774,20250402153449,,연남동 공방거리,03984,11,440,VE,VE04,VE040100
서울특별시 마포구 성미산로17길,(연남동),2784040,12,20211201004741,http://tong.visitkorea.or.kr/cms/resource/63/3467763_image2_1.jpg,http://tong.visitkorea.or.kr/cms/resource/63/3467763_image3_1.jpg,126.9170794124,37.5660143173,20250610113145,,연남동끝자락길,03974,11,440,VE,VE04,VE040100
서울특별시 서대문구 연세로 일대,,264375,12,20030814231500,http://tong.visitkorea.or.kr/cms/resource/73/3466373_image2_1.jpg,http://tong.visitkorea.or.kr/cms/resource/73/3466373_image3_1.jpg,126.9365529264,37.5557797448,20250109164344,,연세로,03789,11,410,VE,VE04,VE040100
서울특별시 양천구 신정이펜1로 12 (신정동),,2611679,12,20190718020720,http://tong.visitkorea.or.kr/cms/resource/09/3488509_image2_1.jpg,http://tong.visitkorea.or.kr/cms/resource/09/3488509_image3_1.jpg,126.8342218274,37.5117497010,20250731095100,,연의근린공원,08049,11,470,VE,VE03,VE030400
서울특별시 중구 퇴계로20길 50,(남산동2가) 삼중빌딩 1층,2553888,12,20180717181140,,,126.9862372210,37.5581192524,20250422170947,,연필로 명상하기,04630,11,140,EX,EX06,EX061000
서울특별시 동대문구 경희대로3길 56 (회기동),,337508,12,20071218193756,http://tong.visitkorea.or.kr/cms/resource/23/3050123_image2_1.JPG,http://tong.visitkorea.or.kr/cms/resource/23/3050123_image3_1.JPG,127.0504775718,37.5939856831,20250724175931,,연화사(서울),02454,11,230,HS,HS03,HS030100
서울특별시 종로구 송현동,48-9,3056152,12,20231204102352,http://tong.visitkorea.or.kr/cms/resource/47/3083147_image2_1.JPG,http://tong.visitkorea.or.kr/cms/resource/47/3083147_image3_1.JPG,126.9814149133,37.5766531228,20250609114103,,열린송현 녹지광장,03062,11,110,VE,VE03,VE030100
서울특별시 영등포구 신길로 200-20,(신길동),749355,12,20090608193507,http://tong.visitkorea.or.kr/cms/resource/25/3464425_image2_1.jpg,http://tong.visitkorea.or.kr/cms/resource/25/3464425_image3_1.jpg,126.9115453697,37.5105456646,20250108131422,,영등포 신길동 홍어거리,07347,11,560,VE,VE04,VE040100
서울특별시 영등포구 신길로 275 (영등포동),,1603237,12,20120416205302,http://tong.visitkorea.or.kr/cms/resource/59/3497559_image2_1.jpg,http://tong.visitkorea.or.kr/cms/resource/59/3497559_image3_1.jpg,126.9122840318,37.5162061316,20250612104808,,영등포공원,07307,11,560,VE,VE03,VE030100
서울특별시 중구 수표로 33 (저동2가),,3094687,12,20240202174719,,,126.9900144792,37.5643158222,20250423143756,,영락교회,04552,11,140,HS,HS03,HS030200
서울특별시 성동구 성수이로18길 32 (성수동2가),1층,3413573,12,20241113100431,http://tong.visitkorea.or.kr/cms/resource/09/3413109_image2_1.png,http://tong.visitkorea.or.kr/cms/resource/09/3413109_image3_1.png,127.0604087098,37.5416336115,20241113100457,,영카이브 성수점,04787,11,200,EX,EX07,EX070200
서울특별시 광진구 영화사로 107,,337546,12,20071219010657,http://tong.visitkorea.or.kr/cms/resource/06/3506706_image2_1.jpg,http://tong.visitkorea.or.kr/cms/resource/06/3506706_image3_1.jpg,127.0982604590,37.5543189309,20250718090000,,영화사(서울),04948,11,215,HS,HS03,HS030100
서울특별시 용산구 원효로19길 49 (원효로4가),,127016,12,20020402090000,http://tong.visitkorea.or.kr/cms/resource/76/3536976_image2_1.jpg,http://tong.visitkorea.or.kr/cms/resource/76/3536976_image3_1.jpg,126.9544963652,37.5334771025,20250915133347,,옛 용산신학교와 원효로 예수성심성당,04361,11,170,HS,HS03,HS030200
서울특별시 송파구 오금로 363,(오금동),754063,12,20090617231424,http://tong.visitkorea.or.kr/cms/resource/89/3526789_image2_1.jpg,http://tong.visitkorea.or.kr/cms/resource/89/3526789_image3_1.jpg,127.1316810347,37.5052557863,20250827164200,,오금공원,05725,11,710,VE,VE03,VE030100
서울특별시 강북구 번동,산 20-1,866393,12,20091117024754,http://tong.visitkorea.or.kr/cms/resource/56/3540156_image2_1.jpg,http://tong.visitkorea.or.kr/cms/resource/56/3540156_image3_1.jpg,127.0334142261,37.6295534635,20250917165555,,오동근린공원,01143,11,305,VE,VE03,VE030400
서울특별시 강북구 덕릉로42길 49 (번동),,3085458,12,20231120141217,http://tong.visitkorea.or.kr/cms/resource/70/3084470_image2_1.JPG,http://tong.visitkorea.or.kr/cms/resource/70/3084470_image3_1.JPG,127.0322420107,37.6330697001,20250731133326,,오동근린공원 유아숲체험장,01139,11,305,NA,NA01,NA010200
서울특별시 구로구 오류동,65-6,2778135,12,20211123201534,http://tong.visitkorea.or.kr/cms/resource/10/3401710_image2_1.JPG,http://tong.visitkorea.or.kr/cms/resource/10/3401710_image3_1.JPG,126.8440130701,37.4950518158,20250331144445,,오류동역 광장,08272,11,530,VE,VE03,VE030500
서울특별시 양천구 목동서로 159-2 (목동),,2611735,12,20190718201237,http://tong.visitkorea.or.kr/cms/resource/78/3384678_image2_1.JPG,http://tong.visitkorea.or.kr/cms/resource/78/3384678_image3_1.JPG,126.8736427870,37.5276541111,20250305171815,,오목공원,07996,11,470,VE,VE03,VE030100
서울특별시 동대문구 약령시로 97-1 (제기동),1층,2029564,12,20150917185538,http://tong.visitkorea.or.kr/cms/resource/34/3428434_image2_1.JPG,http://tong.visitkorea.or.kr/cms/resource/34/3428434_image3_1.JPG,127.0409426362,37.5832062084,20250401094415,,오미요리연구소,02482,11,230,EX,EX01,EX010100
서울특별시 중구 명동10길 41,5층,2518733,12,20171201225938,http://tong.visitkorea.or.kr/cms/resource/27/2826027_image2_1.jpg,http://tong.visitkorea.or.kr/cms/resource/27/2826027_image3_1.jpg,126.9858871398,37.5621104492,20250519093529,,오휘&후스파 명동,04537,11,140,EX,EX05,EX050500
서울특별시 서대문구 홍지문길 1-38 (홍은동),,337557,12,20071219013150,http://tong.visitkorea.or.kr/cms/resource/86/2531186_image2_1.jpg,http://tong.visitkorea.or.kr/cms/resource/86/2531186_image2_1.jpg,126.9539196180,37.5971141398,20250317212826,,옥천암(서울),03608,11,410,HS,HS03,HS030100
서울특별시 구로구 고척로21나길 103 (개봉동),,814255,12,20091006234818,http://tong.visitkorea.or.kr/cms/resource/95/3467295_image2_1.jpg,http://tong.visitkorea.or.kr/cms/resource/95/3467295_image3_1.jpg,126.8397382631,37.5020481486,20250610101729,,온수공원,08250,11,530,VE,VE03,VE030100
서울특별시 구로구 고척로21나길 103 (개봉동),,2591824,12,20190313233912,,,126.8397382631,37.5020481486,20250316194926,,온수도시자연공원(잣절공원),08250,11,530,NA,NA04,NA040500
서울특별시 종로구 통일로16길 4-1 (무악동),,2589659,12,20190130232125,http://tong.visitkorea.or.kr/cms/resource/98/3521798_image2_1.jpg,http://tong.visitkorea.or.kr/cms/resource/98/3521798_image3_1.jpg,126.9576059961,37.5758166818,20250818131312,,올리바인 스파,03030,11,110,EX,EX05,EX050500
서울특별시 송파구 올림픽로 424 (방이동),,126532,12,20031105090000,http://tong.visitkorea.or.kr/cms/resource/59/3527359_image2_1.jpg,http://tong.visitkorea.or.kr/cms/resource/59/3527359_image3_1.jpg,127.1150682209,37.5206092598,20250827095920,,올림픽공원,05540,11,710,VE,VE03,VE030100
서울특별시 송파구 올림픽로 424 (방이동),,2758192,12,20211018231607,http://tong.visitkorea.or.kr/cms/resource/53/3516653_image2_1.jpg,http://tong.visitkorea.or.kr/cms/resource/53/3516653_image3_1.jpg,127.1150682209,37.5206092598,20250804165816,,올림픽공원 들꽃마루,05540,11,710,NA,NA05,NA050100
서울특별시 송파구 올림픽로 424 (방이동),,2761797,12,20211025235105,http://tong.visitkorea.or.kr/cms/resource/93/3467493_image2_1.jpg,http://tong.visitkorea.or.kr/cms/resource/93/3467493_image3_1.jpg,127.1150682209,37.5206092598,20250611104106,,올림픽공원피크닉장,05540,11,710,VE,VE03,VE030100
서울특별시 송파구 신천동,,250131,12,20060728090000,http://tong.visitkorea.or.kr/cms/resource/54/3393354_image2_1.JPG,http://tong.visitkorea.or.kr/cms/resource/54/3393354_image3_1.JPG,127.1053604352,37.5324160470,20250305093353,,올림픽대교,05505,11,710,VE,VE01,VE010300
서울특별시 종로구 와룡공원길 192,,1019041,12,20100512005514,http://tong.visitkorea.or.kr/cms/resource/93/1395493_image2_1.jpg,http://tong.visitkorea.or.kr/cms/resource/93/1395493_image3_1.jpg,126.9901581479,37.5912265856,20250417092152,,와룡공원,03063,11,110,VE,VE03,VE030100
서울특별시 성동구 왕십리로10길 5-6 (성수동1가),,2946110,12,20230128201402,http://tong.visitkorea.or.kr/cms/resource/87/2947487_image2_1.jpg,http://tong.visitkorea.or.kr/cms/resource/87/2947487_image3_1.jpg,127.0454599134,37.5471938074,20250708173344,,와플목공방,04778,11,200,EX,EX02,EX020400
서울특별시 성동구 마조로 17 (행당동),,3444605,12,20241213135851,http://tong.visitkorea.or.kr/cms/resource/01/3444601_image2_1.jpeg,http://tong.visitkorea.or.kr/cms/resource/01/3444601_image3_1.jpeg,127.0408710950,37.5594339699,20241226130915,,왕십리맛골목,04760,11,200,VE,VE04,VE040100
서울특별시 용산구 한강대로40길 46 (용산동5가),,2758125,12,20211018222833,,,126.9717476685,37.5300444768,20250408131935,,왜고개,04383,11,170,HS,HS03,HS030200
서울특별시 노원구 덕릉로129가길 242,(상계동),337562,12,20071219020532,http://tong.visitkorea.or.kr/cms/resource/86/1806286_image2_1.jpg,http://tong.visitkorea.or.kr/cms/resource/86/1806286_image3_1.jpg,127.0822469969,37.6878781158,20241205131231,,용굴암(서울),01633,11,350,HS,HS03,HS030100
서울특별시 동대문구 용두동,,2721231,12,20210616001152,,,127.0372154044,37.5759403196,20240607160208,,용두동 쭈꾸미골목,,11,230,VE,VE04,VE040100
서울특별시 중랑구 망우로70길 118 (망우동),,2761437,12,20211025183919,,,127.1049059157,37.5950643172,20250320095355,,용마공원놀이동산(용마랜드),02180,11,260,VE,VE02,VE020100
서울특별시 중랑구 면목동,,814123,12,20091006021100,,,127.0958157577,37.5711530424,20250808172000,,용마산,02257,11,260,NA,NA01,NA010100
서울특별시 중랑구 용마산로 250-12 (면목동),,126825,12,20031029090000,,,127.0891385242,37.5734054382,20250825180201,,용마폭포공원,02257,11,260,VE,VE03,VE030100
서울특별시 용산구 서빙고로 185 (용산동6가),,126499,12,20041230090000,http://tong.visitkorea.or.kr/cms/resource/49/3507949_image2_1.jpg,http://tong.visitkorea.or.kr/cms/resource/49/3507949_image3_1.jpg,126.9832663463,37.5200458446,20250718090000,,용산가족공원,04383,11,170,VE,VE03,VE030500
서울특별시 용산구 이태원로 274 (한남동),,2560227,12,20180911203636,,,127.0020918711,37.5390800824,20250627104400,,용산공예관,04399,11,170,EX,EX01,EX010100
서울특별시 용산구 서빙고로 221,,2783317,12,20211130181639,http://tong.visitkorea.or.kr/cms/resource/27/3535027_image2_1.jpg,http://tong.visitkorea.or.kr/cms/resource/27/3535027_image3_1.jpg,126.9891990540,37.5230622673,20250910184434,,용산공원 부분개방부지,04383,11,170,VE,VE03,VE030500
서울특별시 용산구 서빙고로 238 (서빙고동),,3458416,12,20241223165221,http://tong.visitkorea.or.kr/cms/resource/53/3458353_image2_1.jpg,http://tong.visitkorea.or.kr/cms/resource/53/3458353_image3_1.jpg,126.9900629507,37.5200070821,20241224105854,,용산공원 부분개방부지,04428,11,170,NA,NA05,NA050100
서울특별시 용산구 효창원로15길 37,,1103054,12,20101001184929,,,126.9522742511,37.5368266731,20241118181540,,용산성당,04357,11,170,HS,HS03,HS030200
서울특별시 용산구 용산동5가,2-1,3400843,12,20241029171030,http://tong.visitkorea.or.kr/cms/resource/25/3400825_image2_1.png,http://tong.visitkorea.or.kr/cms/resource/25/3400825_image3_1.png,126.9709144758,37.5277530614,20250307091733,,용산어린이정원,04383,11,170,VE,VE03,VE030400
서울특별시 용산구 한강대로23길 55 (한강로3가),,2758150,12,20211018224854,http://tong.visitkorea.or.kr/cms/resource/04/3467504_image2_1.jpg,http://tong.visitkorea.or.kr/cms/resource/04/3467504_image3_1.jpg,126.9647566449,37.5298249324,20250703102144,,용산역광장,04377,11,170,VE,VE03,VE030500
서울특별시 동작구 본동,산 3-9,2714856,12,20210429031829,http://tong.visitkorea.or.kr/cms/resource/32/3493732_image2_1.jpg,http://tong.visitkorea.or.kr/cms/resource/32/3493732_image3_1.jpg,126.9585160542,37.5118519087,20250527141246,,용양봉저정공원,06908,11,590,VE,VE03,VE030100
서울특별시 양천구 용왕정길 30 (목동),,1116877,12,20101026204130,http://tong.visitkorea.or.kr/cms/resource/78/3347178_image2_1.jpg,http://tong.visitkorea.or.kr/cms/resource/78/3347178_image3_1.jpg,117.9925662504,19.6944274800,20250909130827,,용왕산근린공원,07969,11,470,VE,VE03,VE030400
서울특별시 양천구 목동중앙로9길 40 (목동),,1116758,12,20101026193648,http://tong.visitkorea.or.kr/cms/resource/58/3509858_image2_1.jpg,http://tong.visitkorea.or.kr/cms/resource/58/3509858_image3_1.jpg,126.8733535790,37.5399221246,20250724110959,,용왕정,07976,11,470,VE,VE01,VE010100
서울특별시 강동구 고덕로 227 (고덕동),배재중고등학교 내,1829744,12,20130723224350,http://tong.visitkorea.or.kr/cms/resource/87/3413887_image2_1.jpg,http://tong.visitkorea.or.kr/cms/resource/87/3413887_image3_1.jpg,127.1508556544,37.5549198104,20250814103204,,우남 이승만박사 동상,05234,11,740,VE,VE01,VE010500
서울특별시 중구 명동11길 20,(명동1가),2373360,12,20160317194208,http://tong.visitkorea.or.kr/cms/resource/94/3412194_image2_1.JPG,http://tong.visitkorea.or.kr/cms/resource/94/3412194_image3_1.JPG,126.9861287059,37.5648934636,20250313221516,,우당 이회영 선생 흉상,04538,11,140,VE,VE01,VE010500
"서울특별시 광진구 자양로5길 33 (자양동, 와이엠프라젠스파)",지하 2층,2756589,12,20211013230520,,,127.0841596279,37.5309880533,20250331134545,,우리유황온천,05102,11,215,EX,EX05,EX050100
서울특별시 서초구 서초동 419-3,,2779508,12,20211125192807,http://tong.visitkorea.or.kr/cms/resource/59/3467859_image2_1.jpg,http://tong.visitkorea.or.kr/cms/resource/59/3467859_image3_1.jpg,127.0181503561,37.4820092204,20250611091312,,우면산 소망탑,,11,650,VE,VE01,VE010200
서울특별시 서초구 우면동,산 34-1,2757831,12,20211016004034,http://tong.visitkorea.or.kr/cms/resource/96/3540696_image2_1.jpg,http://tong.visitkorea.or.kr/cms/resource/96/3540696_image3_1.jpg,127.0171146993,37.4692523493,20250918131622,,우면산자연생태공원,06765,11,650,NA,NA04,NA040500
서울특별시 강북구 우이동,일대,758299,12,20090625190922,,,127.0047072778,37.6728562427,20240510172022,,우이동계곡,"142-090,1",11,305,NA,NA01,NA010400
서울특별시 강북구 우이동,186-5,3065955,12,20231211180101,http://tong.visitkorea.or.kr/cms/resource/52/3065952_image2_1.jpg,http://tong.visitkorea.or.kr/cms/resource/52/3065952_image3_1.jpg,127.0077295370,37.6618909066,20250807144347,,우이동만남의광장,01000,11,305,VE,VE03,VE030400
서울특별시 강북구 삼양로181길 202 (우이동),,126495,12,20031029090000,http://tong.visitkorea.or.kr/cms/resource/31/3393931_image2_1.JPG,http://tong.visitkorea.or.kr/cms/resource/31/3393931_image3_1.JPG,127.0062266164,37.6717008489,20250321112000,,우이령 숲속문화마을(구 우이동 먹거리마을),01000,11,305,VE,VE04,VE040100
서울특별시 강서구 공항대로42길 51-22 (내발산동),강서청소년회관,3076160,12,20231204135000,http://tong.visitkorea.or.kr/cms/resource/00/3509800_image2_1.jpg,http://tong.visitkorea.or.kr/cms/resource/00/3509800_image3_1.jpg,126.8438946993,37.5560752768,20250724101950,,우장산공원,07647,11,500,VE,VE03,VE030400
서울특별시 도봉구 해등로32가길 16,(방학동),2675091,12,20201007055313,,,127.0222976961,37.6603469037,20240517102157,,원당샘공원,01360,11,320,VE,VE03,VE030100
서울특별시 도봉구 도봉로169길 520 (도봉동),,346995,12,20071221195858,http://tong.visitkorea.or.kr/cms/resource/16/3467616_image2_1.jpg,http://tong.visitkorea.or.kr/cms/resource/16/3467616_image3_1.jpg,127.0116396916,37.6829135306,20250718173750,,원통사(서울),01313,11,320,HS,HS03,HS030100
서울특별시 마포구 월드컵로 243-60 (성산동),,128021,12,20031215090000,http://tong.visitkorea.or.kr/cms/resource/91/3500991_image2_1.jpg,http://tong.visitkorea.or.kr/cms/resource/91/3500991_image3_1.jpg,126.8984506241,37.5635809341,20250627141010,,월드컵공원,03901,11,440,VE,VE03,VE030100
서울특별시 마포구 월드컵로 365 (상암동),난지천공원,3058015,12,20231205101409,http://tong.visitkorea.or.kr/cms/resource/90/3057990_image2_1.jpg,http://tong.visitkorea.or.kr/cms/resource/90/3057990_image3_1.jpg,126.8870625217,37.5725158027,20250724131538,,월드컵공원 유아숲체험원,03900,11,440,NA,NA05,NA050100
서울특별시 중구 청계천로 40 (다동),한국관광공사 서울센터,2993194,12,20230710152420,http://tong.visitkorea.or.kr/cms/resource/11/2987811_image2_1.jpg,http://tong.visitkorea.or.kr/cms/resource/11/2987811_image3_1.jpg,126.9816428989,37.5685818430,20250626162711,070-7722-9284,위라이드 서울전차,04521,11,140,EX,EX07,EX070200
서울특별시 은평구 응암로 376,(녹번동) 부근,1829586,12,20130723015212,http://tong.visitkorea.or.kr/cms/resource/76/2047976_image2_1.jpg,http://tong.visitkorea.or.kr/cms/resource/76/2047976_image3_1.jpg,126.9229971951,37.6056986983,20241028154658,,윌리엄해밀턴쇼 동상,03459,11,380,HS,HS02,HS020400
서울특별시 중구 장충단로 101,(장충동2가),1828605,12,20130717195240,http://tong.visitkorea.or.kr/cms/resource/01/3083901_image2_1.JPG,http://tong.visitkorea.or.kr/cms/resource/01/3083901_image3_1.JPG,127.0010470557,37.5555392622,20240531102706,,유관순동상,04621,11,140,VE,VE01,VE010500
"서울특별시 광진구 능동로 18 (자양동, 이튼타워리버3차)",,1829821,12,20130724000703,http://tong.visitkorea.or.kr/cms/resource/98/2031398_image2_1.jpg,http://tong.visitkorea.or.kr/cms/resource/98/2031398_image3_1.jpg,127.0677499556,37.5329264215,20250730112741,,유관순열사상,05096,11,215,VE,VE01,VE010500
서울특별시 종로구 계동길 92-3,,605539,12,20080807011928,http://tong.visitkorea.or.kr/cms/resource/14/3481914_image2_1.jpg,http://tong.visitkorea.or.kr/cms/resource/14/3481914_image3_1.jpg,126.9870198203,37.5815082151,20250311171613,,유심사 터,03057,11,110,HS,HS01,HS010900
서울특별시 광진구 광나루로 441,,2743740,12,20210913194300,http://tong.visitkorea.or.kr/cms/resource/37/3393937_image2_1.JPG,http://tong.visitkorea.or.kr/cms/resource/37/3393937_image3_1.JPG,127.0781902704,37.5470527467,20250316120453,,육영재단 어린이회관,04991,11,215,EX,EX07,EX070200
서울특별시 강북구 인수봉로84길 5 (수유동),,2777943,12,20211123190117,http://tong.visitkorea.or.kr/cms/resource/75/3467875_image2_1.jpg,http://tong.visitkorea.or.kr/cms/resource/75/3467875_image3_1.jpg,127.0108963517,37.6465233063,20250610092631,,윤극영가옥,01026,11,305,HS,HS01,HS010500
서울특별시 종로구 옥인길 57,,2993372,12,20230711153325,http://tong.visitkorea.or.kr/cms/resource/61/3536361_image2_1.jpg,http://tong.visitkorea.or.kr/cms/resource/61/3536361_image3_1.jpg,126.9656884317,37.5815022773,20250915132124,,윤동주 하숙집 터,03038,11,110,HS,HS01,HS011200
서울특별시 종로구 청운동,,2787181,12,20211207185451,http://tong.visitkorea.or.kr/cms/resource/39/3354039_image2_1.jpg,http://tong.visitkorea.or.kr/cms/resource/39/3354039_image3_1.jpg,126.9662158908,37.5910539539,20250313141252,,윤동주시인의언덕,03046,11,110,VE,VE03,VE030500
서울특별시 종로구 율곡로,(원남동) 일대,250134,12,20060731090000,http://tong.visitkorea.or.kr/cms/resource/49/1985649_image2_1.jpg,http://tong.visitkorea.or.kr/cms/resource/49/1985649_image3_1.jpg,126.9944914897,37.5769838749,20240822174614,,율곡로,03136,11,110,HS,HS01,HS011200
서울특별시 강남구 율현동,77-2,2754732,12,20211007234908,http://tong.visitkorea.or.kr/cms/resource/83/3515783_image2_1.jpg,http://tong.visitkorea.or.kr/cms/resource/83/3515783_image3_1.jpg,127.1157167480,37.4725537381,20250731184712,,율현공원,06370,11,680,VE,VE03,VE030100
서울특별시 서대문구 북가좌동,,2759917,12,20211020225155,http://tong.visitkorea.or.kr/cms/resource/52/3509952_image2_1.jpg,http://tong.visitkorea.or.kr/cms/resource/52/3509952_image3_1.jpg,126.9195148287,37.5827540816,20250723093909,,은가어린이공원,03714,11,410,VE,VE03,VE030300
서울특별시 강남구 세곡동 369-3,,2751890,12,20210930193531,http://tong.visitkorea.or.kr/cms/resource/60/3397460_image2_1.JPG,http://tong.visitkorea.or.kr/cms/resource/60/3397460_image3_1.JPG,127.1004821483,37.4681123124,20250327111304,,은곡마을공원,,11,680,VE,VE03,VE030100
서울특별시 은평구 진관동,,2724392,12,20210705220048,http://tong.visitkorea.or.kr/cms/resource/24/3530324_image2_1.JPG,http://tong.visitkorea.or.kr/cms/resource/24/3530324_image3_1.JPG,126.9377142893,37.6412531600,20250902131741,,은평한옥마을,03308,11,380,HS,HS01,HS010600
서울특별시 중구 을지로 129 을지로3가역 3호선,,2994062,12,20230717143727,http://tong.visitkorea.or.kr/cms/resource/53/2995253_image2_1.jpg,http://tong.visitkorea.or.kr/cms/resource/53/2995253_image3_1.jpg,126.9926641809,37.5663295246,20250721142539,,을지로 노가리골목,04549,11,140,VE,VE04,VE040100
서울특별시 구로구 디지털로32길 97-21,,2591826,12,20190313234126,http://tong.visitkorea.or.kr/cms/resource/54/3392954_image2_1.JPG,http://tong.visitkorea.or.kr/cms/resource/54/3392954_image3_1.JPG,126.9008665369,37.4838874594,20250316161439,,음식문화특화거리(깔깔거리),08391,11,530,VE,VE04,VE040100
서울특별시 성동구 응봉동,,1874105,12,20131220001142,http://tong.visitkorea.or.kr/cms/resource/82/3510882_image2_1.jpg,http://tong.visitkorea.or.kr/cms/resource/82/3510882_image3_1.jpg,127.0298140866,37.5482517369,20250723130936,,응봉산(서울),04742,11,200,NA,NA01,NA010100
서울특별시 성동구 응봉동,,2757822,12,20211016002017,http://tong.visitkorea.or.kr/cms/resource/53/3455553_image2_1.JPG,http://tong.visitkorea.or.kr/cms/resource/53/3455553_image3_1.JPG,127.0374160667,37.5519542217,20250318193142,,응봉체육공원,04765,11,200,VE,VE03,VE030500
서울특별시 은평구 응암로 172,(응암동),713110,12,20090328005343,http://tong.visitkorea.or.kr/cms/resource/38/3465038_image2_1.jpg,http://tong.visitkorea.or.kr/cms/resource/38/3465038_image3_1.jpg,126.9166871824,37.5872146236,20250108165724,,응암동 감자국 거리,03478,11,380,VE,VE04,VE040100
서울특별시 용산구 효창원로 177-18,,1829827,12,20130724001318,http://tong.visitkorea.or.kr/cms/resource/60/3511760_image2_1.jpg,http://tong.visitkorea.or.kr/cms/resource/60/3511760_image3_1.jpg,126.9605427036,37.5452647296,20250723161624,,의열사(용산),04311,11,170,HS,HS01,HS010900
서울특별시 서대문구 대현동,,2667611,12,20200818233748,http://tong.visitkorea.or.kr/cms/resource/29/3467629_image2_1.jpg,http://tong.visitkorea.or.kr/cms/resource/29/3467629_image3_1.jpg,126.9424606606,37.5579323782,20250610170036,,이대거리,03767,11,410,VE,VE04,VE040100
서울특별시 영등포구 여의동로 290 (여의도동),,126701,12,20060705090000,,,126.9384174889,37.5258888069,20250306133031,,이랜드크루즈(한강유람선),07337,11,560,EX,EX07,EX070100
서울특별시 용산구 효창원로 177-18 (효창동),,1835181,12,20130808000235,http://tong.visitkorea.or.kr/cms/resource/97/3502997_image2_1.jpg,http://tong.visitkorea.or.kr/cms/resource/97/3502997_image3_1.jpg,126.9618926006,37.5445620575,20250730105800,,이봉창 의사 동상,04311,11,170,VE,VE01,VE010500
서울특별시 종로구 자하문로7길 18 (통인동),,3044977,12,20231121102735,http://tong.visitkorea.or.kr/cms/resource/05/3429305_image2_1.jpeg,http://tong.visitkorea.or.kr/cms/resource/05/3429305_image3_1.jpeg,126.9708769273,37.5786971402,20250519140234,,이상의집,03040,11,110,HS,HS01,HS011200
서울특별시 용산구 양녕로 446 (이촌동),,1835201,12,20130808002601,http://tong.visitkorea.or.kr/cms/resource/72/3517372_image2_1.jpg,http://tong.visitkorea.or.kr/cms/resource/72/3517372_image3_1.jpg,126.9592824935,37.5174179428,20250806093215,,이원등 상사상,04427,11,170,VE,VE01,VE010500
서울특별시 중구 명동길 74,(명동2가),2373363,12,20160317195156,http://tong.visitkorea.or.kr/cms/resource/05/3412205_image2_1.JPG,http://tong.visitkorea.or.kr/cms/resource/05/3412205_image3_1.JPG,126.9866120317,37.5636019553,20250328144447,,이재명 의거지,04537,11,140,HS,HS01,HS011200
서울특별시 성북구 성북로 131 (성북동),,3043967,12,20231120134111,http://tong.visitkorea.or.kr/cms/resource/54/3043954_image2_1.jpg,http://tong.visitkorea.or.kr/cms/resource/54/3043954_image3_1.jpg,126.9950103900,37.5944901822,20250728130758,,이종석별장,02879,11,290,HS,HS04,HS040400
서울특별시 용산구 이촌로72길 62 (이촌동),,970636,12,20100310224944,http://tong.visitkorea.or.kr/cms/resource/15/2531015_image2_1.jpg,http://tong.visitkorea.or.kr/cms/resource/15/2531015_image2_1.jpg,126.9708647593,37.5178736527,20250307105503,,이촌한강공원,04427,11,170,VE,VE03,VE030100
서울특별시 중구 서소문로 88 (순화동),,2373364,12,20160317200734,http://tong.visitkorea.or.kr/cms/resource/13/3385013_image2_1.JPG,http://tong.visitkorea.or.kr/cms/resource/13/3385013_image3_1.JPG,126.9710107321,37.5616074626,20250319174128,,이충순 자결 터,04511,11,140,HS,HS01,HS011200
서울특별시 영등포구 신길로 190 (신길동),,1835206,12,20130808003116,http://tong.visitkorea.or.kr/cms/resource/62/3476962_image2_1.JPG,http://tong.visitkorea.or.kr/cms/resource/62/3476962_image3_1.JPG,126.9110621200,37.5091235992,20250410154448,,이탈리아 의무부대 6·25전쟁 참전기념비,07347,11,560,HS,HS02,HS020100
서울특별시 용산구 이태원로 150-1 (이태원동),,126999,12,20071016090000,http://tong.visitkorea.or.kr/cms/resource/49/3517449_image2_1.jpg,http://tong.visitkorea.or.kr/cms/resource/49/3517449_image3_1.jpg,126.9906708338,37.5339776925,20250806100501,,이태원 관광특구,04391,11,170,VE,VE05,VE050100
서울특별시 용산구 보광로 109-1,,1019182,12,20100512015254,http://tong.visitkorea.or.kr/cms/resource/18/3520218_image2_1.jpg,http://tong.visitkorea.or.kr/cms/resource/18/3520218_image3_1.jpg,126.9944149759,37.5326056972,20250812095557,,이태원 앤틱 가구 거리,04391,11,170,VE,VE04,VE040100
서울특별시 용산구 한남동,,2650771,12,20200330222017,http://tong.visitkorea.or.kr/cms/resource/39/3467539_image2_1.jpg,http://tong.visitkorea.or.kr/cms/resource/39/3467539_image3_1.jpg,126.9984451642,37.5326085465,20250113141129,,이태원 우사단길,04407,11,170,VE,VE04,VE040100
서울특별시 용산구 우사단로,일대,2401910,12,20160818030046,http://tong.visitkorea.or.kr/cms/resource/97/3520197_image2_1.jpg,http://tong.visitkorea.or.kr/cms/resource/97/3520197_image3_1.jpg,126.9975035607,37.5334001039,20250812110503,,이태원 이슬람거리,04405,11,170,EX,EX07,EX070200
서울특별시 종로구 익선동,,2650046,12,20200317201806,http://tong.visitkorea.or.kr/cms/resource/54/3497254_image2_1.jpg,http://tong.visitkorea.or.kr/cms/resource/54/3497254_image3_1.jpg,126.9897920161,37.5735203041,20250611103218,,익선동 한옥거리,03133,11,110,VE,VE04,VE040100
,서울시 종로구 익선동,2946228,12,20230129225959,http://tong.visitkorea.or.kr/cms/resource/22/2947522_image2_1.jpg,http://tong.visitkorea.or.kr/cms/resource/22/2947522_image3_1.jpg,126.9901419773,37.5737675037,20241209121807,,익선동 한옥거리,,11,110,VE,VE04,VE040100
서울특별시 종로구 인사동길 62,(관훈동) 일대,264353,12,20021218231629,http://tong.visitkorea.or.kr/cms/resource/03/3412103_image2_1.JPG,http://tong.visitkorea.or.kr/cms/resource/03/3412103_image3_1.JPG,126.9833758804,37.5754310780,20241209101304,,인사동,03146,11,110,EX,EX07,EX070200
서울특별시 종로구 통일로18가길 16-1,(무악동),348804,12,20071224191321,http://tong.visitkorea.or.kr/cms/resource/01/1568101_image2_1.jpg,http://tong.visitkorea.or.kr/cms/resource/01/1568101_image3_1.jpg,126.9597168346,37.5786358368,20241111151402,,인왕사(서울),03023,11,110,HS,HS03,HS030100
서울특별시 종로구 옥인동,,126479,12,20031007090000,http://tong.visitkorea.or.kr/cms/resource/78/3493378_image2_1.jpg,http://tong.visitkorea.or.kr/cms/resource/78/3493378_image3_1.jpg,126.9593139127,37.5850545270,20250527110131,,인왕산,03034,11,110,NA,NA01,NA010100
서울특별시 종로구 통일로18가길 20 (무악동),,2764331,12,20211028183611,http://tong.visitkorea.or.kr/cms/resource/58/3481958_image2_1.jpg,http://tong.visitkorea.or.kr/cms/resource/58/3481958_image3_1.jpg,126.9595390652,37.5789191341,20250312095857,,인왕산 국사당,03023,11,110,HS,HS03,HS030100
서울특별시 종로구 청운동,산4-36,3354488,12,20240827142606,http://tong.visitkorea.or.kr/cms/resource/90/3540890_image2_1.jpg,http://tong.visitkorea.or.kr/cms/resource/90/3540890_image3_1.jpg,126.9624135734,37.5870543505,20250918153635,,인왕산 숲속쉼터,03031,11,110,VE,VE12,VE120300
서울특별시 강남구 강남대로 426 (역삼동),,2994661,12,20230719163613,http://tong.visitkorea.or.kr/cms/resource/10/3354010_image2_1.jpg,http://tong.visitkorea.or.kr/cms/resource/10/3354010_image3_1.jpg,127.0267851551,37.5006405461,20250319190351,,일상비일상의틈,06129,11,680,VE,VE12,VE120300
서울특별시 중구 동호로 257-8,,1835256,12,20130808010404,http://tong.visitkorea.or.kr/cms/resource/04/3077804_image2_1.JPG,http://tong.visitkorea.or.kr/cms/resource/04/3077804_image3_1.JPG,127.0038300502,37.5585528510,20240611103114,,일성이준열사동상,04620,11,140,VE,VE01,VE010500
서울특별시 강남구 일원동 641-3,,2773291,12,20211111185548,http://tong.visitkorea.or.kr/cms/resource/66/3507966_image2_1.jpg,http://tong.visitkorea.or.kr/cms/resource/66/3507966_image3_1.jpg,127.0865660200,37.4937896376,20250718090000,,일원에코파크,06339,11,680,VE,VE03,VE030500
서울특별시 강동구 둔촌동 산86,(둔촌동),2773317,12,20211111190432,http://tong.visitkorea.or.kr/cms/resource/49/2780649_image2_1.png,http://tong.visitkorea.or.kr/cms/resource/49/2780649_image3_1.png,127.1542252927,37.5373496895,20250312144155,,일자산 허브천문공원,05357,11,740,VE,VE03,VE030100
서울특별시 강동구 동남로 660 (둔촌동),,127378,12,20031107090000,http://tong.visitkorea.or.kr/cms/resource/40/3513440_image2_1.jpg,http://tong.visitkorea.or.kr/cms/resource/40/3513440_image3_1.jpg,127.1513728964,37.5330723568,20250728134822,,일자산근린공원,05357,11,740,NA,NA04,NA040600
서울특별시 광진구 광장동,401-14,3043794,12,20231120111042,http://tong.visitkorea.or.kr/cms/resource/72/3526872_image2_1.jpg,http://tong.visitkorea.or.kr/cms/resource/72/3526872_image3_1.jpg,127.0977856934,37.5475808166,20250827174048,,자라나는 숲(광진숲 나루 전망대),04969,11,215,VE,VE01,VE010200
서울특별시 영등포구 여의대방로 372-1,(여의도동),331506,12,20050819192933,http://tong.visitkorea.or.kr/cms/resource/07/3526907_image2_1.jpg,http://tong.visitkorea.or.kr/cms/resource/07/3526907_image3_1.jpg,126.9310100514,37.5180729154,20250827174933,,자매공원,07342,11,560,VE,VE03,VE030100
서울특별시 광진구 자양동,,2401757,12,20160818005737,http://tong.visitkorea.or.kr/cms/resource/63/2372563_image2_1.jpg,http://tong.visitkorea.or.kr/cms/resource/63/2372563_image3_1.jpg,127.0651972268,37.5393839589,20250102134120,,자양동 양꼬치거리 (중국음식문화거리),05079,11,215,VE,VE04,VE040100
서울특별시 관악구 관악로 1 (신림동),,126917,12,20020402090000,http://tong.visitkorea.or.kr/cms/resource/44/2363144_image2_1.jpg,http://tong.visitkorea.or.kr/cms/resource/44/2363144_image3_1.jpg,126.9483849253,37.4663514558,20250319190932,,자운암(서울),08826,11,620,HS,HS03,HS030100
서울특별시 송파구 도곡로62길 10 (잠실동),,2774464,12,20211115235540,http://tong.visitkorea.or.kr/cms/resource/87/3500387_image2_1.jpg,http://tong.visitkorea.or.kr/cms/resource/87/3500387_image3_1.jpg,127.0773610154,37.5039049645,20250624134410,,잠실유수지공원,05573,11,710,VE,VE03,VE030100
서울특별시 송파구 한가람로 65 (잠실동),,970460,12,20100310194326,http://tong.visitkorea.or.kr/cms/resource/10/3500910_image2_1.jpg,http://tong.visitkorea.or.kr/cms/resource/10/3500910_image3_1.jpg,127.0867514361,37.5176813118,20250702102052,,잠실한강공원,05502,11,710,VE,VE03,VE030100
서울특별시 서초구 잠원로 221-124 (잠원동),,970342,12,20100310181515,http://tong.visitkorea.or.kr/cms/resource/29/3515029_image2_1.jpg,http://tong.visitkorea.or.kr/cms/resource/29/3515029_image3_1.jpg,127.0122886815,37.5208073879,20250731193450,,잠원한강공원,06513,11,650,VE,VE03,VE030100
서울특별시 양천구 신월동,893,2611601,12,20190718011515,http://tong.visitkorea.or.kr/cms/resource/90/3467790_image2_1.jpg,http://tong.visitkorea.or.kr/cms/resource/90/3467790_image3_1.jpg,126.8476147422,37.5227542163,20250624095458,,장수공원(열녀문),08028,11,470,VE,VE03,VE030100
서울특별시 성북구 삼선교로4길 186 (삼선동1가),,3043878,12,20231120115215,http://tong.visitkorea.or.kr/cms/resource/72/3043872_image2_1.jpg,http://tong.visitkorea.or.kr/cms/resource/72/3043872_image3_1.jpg,127.0101344058,37.5806031793,20250617182741,,장수마을,02877,11,290,VE,VE04,VE040200
서울특별시 동대문구 장한로 191 (장안동),,2763675,12,20211027223323,http://tong.visitkorea.or.kr/cms/resource/94/3505494_image2_1.jpg,http://tong.visitkorea.or.kr/cms/resource/94/3505494_image3_1.jpg,127.0719344152,37.5776490794,20250711161615,,장안근린공원,02526,11,230,VE,VE03,VE030400
서울특별시 중구 동호로 261 (장충동2가),,126491,12,20031107090000,http://tong.visitkorea.or.kr/cms/resource/56/3077756_image2_1.JPG,http://tong.visitkorea.or.kr/cms/resource/56/3077756_image3_1.JPG,127.0048160637,37.5588195041,20250730084301,,장충단공원,04620,11,140,VE,VE03,VE030100
서울특별시 중구 장충단로 174 (장충동1가),,699279,12,20090225211815,http://tong.visitkorea.or.kr/cms/resource/78/3083078_image2_1.JPG,http://tong.visitkorea.or.kr/cms/resource/78/3083078_image3_1.JPG,127.0058964795,37.5602915750,20250805165004,,장충동 족발 골목,04606,11,140,VE,VE04,VE040100
서울특별시 성북구 흥천사길 49-23 (돈암동),,479649,12,20080220014444,http://tong.visitkorea.or.kr/cms/resource/45/3524145_image2_1.jpg,http://tong.visitkorea.or.kr/cms/resource/45/3524145_image3_1.jpg,127.0073785903,37.5986288127,20250820144111,,적조사(서울),02825,11,290,HS,HS03,HS030100
서울특별시 강남구 광평로31길 20 (수서동),,753954,12,20090617191910,http://tong.visitkorea.or.kr/cms/resource/93/3511193_image2_1.jpg,http://tong.visitkorea.or.kr/cms/resource/93/3511193_image3_1.jpg,127.0919074297,37.4857073390,20250722162546,,전주이씨광평대군파묘역,06353,11,680,HS,HS01,HS010800
서울특별시 종로구 종로5가,411-1,2762867,12,20211027000819,http://tong.visitkorea.or.kr/cms/resource/09/3499609_image2_1.jpg,http://tong.visitkorea.or.kr/cms/resource/09/3499609_image3_1.jpg,127.0067155808,37.5697543789,20250620095909,,전태일동상,03195,11,110,VE,VE01,VE010500
서울특별시 마포구 토정로 6,,126528,12,20021101090000,http://tong.visitkorea.or.kr/cms/resource/80/2530780_image2_1.jpg,http://tong.visitkorea.or.kr/cms/resource/80/2530780_image2_1.jpg,126.9117221843,37.5441500963,20250317212813,,절두산 순교성지,04085,11,440,HS,HS03,HS030200
서울특별시 중구 정동길 46,(정동),2373370,12,20160317202321,http://tong.visitkorea.or.kr/cms/resource/00/2373200_image2_1.jpg,http://tong.visitkorea.or.kr/cms/resource/00/2373200_image2_1.jpg,126.9723466121,37.5654653714,20250328145710,,정동교회 이필주 사택 터,04516,11,140,HS,HS03,HS030200
서울특별시 중구 덕수궁길 15 (서소문동),,2015800,12,20150713202506,,,126.9758657534,37.5648655043,20250319175825,,정동전망대,04515,11,140,VE,VE01,VE010200
서울특별시 마포구 합정동,,127308,12,20020419090000,http://tong.visitkorea.or.kr/cms/resource/92/3401392_image2_1.JPG,http://tong.visitkorea.or.kr/cms/resource/92/3401392_image3_1.JPG,126.9097666887,37.5483329084,20250402160611,,정몽주 동상,04084,11,440,VE,VE01,VE010500
서울특별시 성북구 대사관로13길 44 (성북동),,479778,12,20080220175828,http://tong.visitkorea.or.kr/cms/resource/94/2031894_image2_1.jpg,http://tong.visitkorea.or.kr/cms/resource/94/2031894_image3_1.jpg,126.9910688864,37.6014226386,20250318211147,,정법사(서울),02822,11,290,HS,HS03,HS030100
서울특별시 구로구 궁동,산1-66,2591833,12,20190313235628,,,126.8278087964,37.5020034970,20240612131523,,정선옹주 묘역,08248,11,530,HS,HS01,HS010800
서울특별시 노원구 덕릉로94길 127,(중계동),750927,12,20090610195541,http://tong.visitkorea.or.kr/cms/resource/21/739121_image2_1.jpg,http://tong.visitkorea.or.kr/cms/resource/21/739121_image3_1.jpg,127.0849474931,37.6619117410,20240823135835,,정암사,01716,11,350,HS,HS03,HS030100
서울특별시 관악구 신림동,산107-2,126913,12,20020510090000,http://tong.visitkorea.or.kr/cms/resource/62/3466362_image2_1.jpg,http://tong.visitkorea.or.kr/cms/resource/62/3466362_image3_1.jpg,126.9182154525,37.4662537053,20250610095255,,정정공강사상묘역,08859,11,620,HS,HS01,HS010800
서울특별시 종로구 우정국로 55 (견지동),,128144,12,20040520090000,http://tong.visitkorea.or.kr/cms/resource/13/3533413_image2_1.jpg,http://tong.visitkorea.or.kr/cms/resource/13/3533413_image3_1.jpg,126.9827509785,37.5739784579,20250909134517,,조계사(서울),03144,11,110,HS,HS03,HS030100
서울특별시 동작구 현충로 124,,2553942,12,20180717195936,http://tong.visitkorea.or.kr/cms/resource/74/3414974_image2_1.jpg,http://tong.visitkorea.or.kr/cms/resource/74/3414974_image3_1.jpg,126.9671293186,37.5061749444,20250401112812,,조선일보 뉴지엄,06982,11,590,EX,EX06,EX061000
서울특별시 광진구 능동로 216,(능동) 서울어린이대공원 내,1836254,12,20130809195249,http://tong.visitkorea.or.kr/cms/resource/82/1985982_image2_1.jpg,http://tong.visitkorea.or.kr/cms/resource/82/1985982_image3_1.jpg,127.0762931559,37.5493607781,20250729153201,,존비코올터장군상,04991,11,215,VE,VE01,VE010500
서울특별시 종로구 창의문로11길 4-1 (부암동),,3424542,12,20241126161710,http://tong.visitkorea.or.kr/cms/resource/35/3424735_image2_1.jpeg,http://tong.visitkorea.or.kr/cms/resource/35/3424735_image3_1.jpeg,126.9627744300,37.5948701151,20241226150904,0237971312,종로 무계원,03021,11,110,HS,HS01,HS010600
서울특별시 종로구 무교로 37 (서린동),,1957671,12,20141021013607,http://tong.visitkorea.or.kr/cms/resource/53/3499653_image2_1.jpg,http://tong.visitkorea.or.kr/cms/resource/53/3499653_image3_1.jpg,126.9791236596,37.5694594734,20250620104638,,종로 청계 관광특구,03187,11,110,VE,VE05,VE050100
서울특별시 종로구 관수동,"종로 3가역 1호선, 5호선 출구 부근",3056463,12,20231204111822,http://tong.visitkorea.or.kr/cms/resource/49/3056449_image2_1.jpg,http://tong.visitkorea.or.kr/cms/resource/49/3056449_image3_1.jpg,126.9890977460,37.5696013025,20250718090000,,종로3가 포장마차 거리,03192,11,110,VE,VE04,VE040100
서울특별시 종로구 종로 157 (훈정동),,126510,12,20031202090000,http://tong.visitkorea.or.kr/cms/resource/15/3535215_image2_1.jpg,http://tong.visitkorea.or.kr/cms/resource/15/3535215_image3_1.jpg,126.9951471543,37.5710345779,20250911102149,,종묘 [유네스코 세계유산],03135,11,110,HS,HS01,HS010800
서울특별시 종로구 종로 157,(훈정동),126492,12,20031107090000,http://tong.visitkorea.or.kr/cms/resource/98/3413898_image2_1.jpg,http://tong.visitkorea.or.kr/cms/resource/98/3413898_image3_1.jpg,126.9944166605,37.5711956572,20250718100950,,종묘광장공원,03135,11,110,VE,VE03,VE030500
서울특별시 중랑구 묵동,375,3056156,12,20231204095518,http://tong.visitkorea.or.kr/cms/resource/00/3056000_image2_1.jpg,http://tong.visitkorea.or.kr/cms/resource/00/3056000_image3_1.jpg,127.0729832624,37.6147725614,20250620155136,,중랑장미공원,02031,11,260,VE,VE03,VE030100
서울특별시 중구 정동길 41-11,(정동),1017547,12,20100510190347,,,126.9725215638,37.5666207957,20241008154919,,중명전,04518,11,140,HS,HS01,HS010100
서울특별시 종로구 창덕궁길 164,,252529,12,20071024090000,,,126.9868503170,37.5841440162,20240828141522,,중앙고등학교,03051,11,110,HS,HS01,HS011100
서울특별시 은평구 증산로5길 35-27 (증산동),,2758161,12,20211018225317,http://tong.visitkorea.or.kr/cms/resource/88/3399888_image2_1.JPG,http://tong.visitkorea.or.kr/cms/resource/88/3399888_image3_1.JPG,117.9925662504,19.6944274800,20250409091856,,증산체육공원,03493,11,380,VE,VE03,VE030500
서울특별시 양천구 지양로7길 28-29 (신월동),,2612198,12,20190720011457,http://tong.visitkorea.or.kr/cms/resource/28/3539028_image2_1.jpg,http://tong.visitkorea.or.kr/cms/resource/28/3539028_image3_1.jpg,126.8296969684,37.5214151638,20250917195833,,지양산,08037,11,470,NA,NA04,NA040500
서울특별시 은평구 진관길 73,,127558,12,20030702090000,http://tong.visitkorea.or.kr/cms/resource/28/3429428_image2_1.JPG,http://tong.visitkorea.or.kr/cms/resource/28/3429428_image3_1.JPG,126.9469052095,37.6380064804,20241129115329,,진관사(서울),03308,11,380,HS,HS03,HS030100
서울특별시 은평구 진관길 73,(진관동),827515,12,20091027012100,,,126.9465496889,37.6379287052,20250714132105,,진관사계곡,03308,11,380,NA,NA01,NA010400
서울특별시 종로구 창경궁로 185 (와룡동),,126511,12,20030507090000,http://tong.visitkorea.or.kr/cms/resource/94/3536794_image2_1.jpg,http://tong.visitkorea.or.kr/cms/resource/94/3536794_image3_1.jpg,126.9964634775,37.5789336838,20250915094624,,창경궁,03072,11,110,HS,HS01,HS010100
서울특별시 종로구 창경궁로 185 (와룡동),,2606158,12,20190613001125,http://tong.visitkorea.or.kr/cms/resource/30/2616930_image2_1.jpg,http://tong.visitkorea.or.kr/cms/resource/30/2616930_image3_1.jpg,126.9964634775,37.5789336838,20250312135019,,창경궁 명정전,03072,11,110,HS,HS01,HS010100
서울특별시 종로구 창경궁로 185 (와룡동),,1605036,12,20120418021540,http://tong.visitkorea.or.kr/cms/resource/64/3481964_image2_1.jpg,http://tong.visitkorea.or.kr/cms/resource/64/3481964_image3_1.jpg,126.9964634775,37.5789336838,20250312102003,,창경궁 자생식물학습장,03072,11,110,NA,NA04,NA040700
서울특별시 종로구 창경궁로 185 (와룡동),,1605009,12,20120418020110,http://tong.visitkorea.or.kr/cms/resource/96/3384896_image2_1.JPG,http://tong.visitkorea.or.kr/cms/resource/96/3384896_image3_1.JPG,126.9964634775,37.5789336838,20250313140549,,창경궁 홍화문,03072,11,110,HS,HS01,HS010300
서울특별시 종로구 창경궁로 185 (와룡동),창경궁,3056662,12,20231204114759,http://tong.visitkorea.or.kr/cms/resource/45/3056645_image2_1.jpg,http://tong.visitkorea.or.kr/cms/resource/45/3056645_image3_1.jpg,126.9964634775,37.5789336838,20250724102658,,창경궁대온실,03072,11,110,NA,NA04,NA040700
서울특별시 종로구 율곡로 99 (와룡동),,1604941,12,20120418010644,,,126.9902446339,37.5777031595,20250730164818,,창덕궁 낙선재,03072,11,110,HS,HS01,HS010100
서울특별시 종로구 율곡로 99,(와룡동),1605920,12,20120418192300,http://tong.visitkorea.or.kr/cms/resource/85/1568385_image2_1.jpg,http://tong.visitkorea.or.kr/cms/resource/85/1568385_image3_1.jpg,126.9892416983,37.5865076734,20240905134014,,창덕궁 다래나무,03072,11,110,NA,NA03,NA030200
서울특별시 종로구 율곡로 99,,1604953,12,20120418011934,http://tong.visitkorea.or.kr/cms/resource/78/3384878_image2_1.JPG,http://tong.visitkorea.or.kr/cms/resource/78/3384878_image3_1.JPG,126.9911806294,37.5787974932,20250313135513,,창덕궁 인정문,03072,11,110,HS,HS01,HS010300
서울특별시 종로구 율곡로 99,(와룡동),1605908,12,20120418191653,http://tong.visitkorea.or.kr/cms/resource/47/2031847_image2_1.jpg,http://tong.visitkorea.or.kr/cms/resource/47/2031847_image3_1.jpg,126.9894641053,37.5792862950,20241206103436,,창덕궁 향나무,03072,11,110,NA,NA03,NA030200
서울특별시 종로구 율곡로 99 (와룡동),,127642,12,20040119090000,http://tong.visitkorea.or.kr/cms/resource/03/3092503_image2_1.jpg,http://tong.visitkorea.or.kr/cms/resource/03/3092503_image3_1.jpg,126.9902446339,37.5777031595,20250402143632,,창덕궁과 후원 [유네스코 세계유산],03072,11,110,HS,HS01,HS010100
서울특별시 종로구 창신동 23-268,,2946517,12,20230131113226,http://tong.visitkorea.or.kr/cms/resource/32/2947132_image2_1.jpg,http://tong.visitkorea.or.kr/cms/resource/32/2947132_image3_1.jpg,127.0134286483,37.5771453074,20240827150246,,창신동골목길,03095,11,110,VE,VE04,VE040100
서울특별시 종로구 창의문로 118 (부암동),,252547,12,20071031090000,http://tong.visitkorea.or.kr/cms/resource/88/3353988_image2_1.jpg,http://tong.visitkorea.or.kr/cms/resource/88/3353988_image3_1.jpg,126.9665102630,37.5926565508,20250313162740,,창의문(자하문),03020,11,110,HS,HS01,HS010300
서울특별시 서대문구 연세로2라길 19 (창천동),,3456475,12,20241220175741,http://tong.visitkorea.or.kr/cms/resource/50/3456450_image2_1.jpg,http://tong.visitkorea.or.kr/cms/resource/50/3456450_image3_1.jpg,126.9403164215,37.5575684928,20250729115246,,창천근린공원,03778,11,410,VE,VE03,VE030400
서울특별시 종로구 낙산5길 51 (창신동),,2657713,12,20200529184634,http://tong.visitkorea.or.kr/cms/resource/03/3384903_image2_1.JPG,http://tong.visitkorea.or.kr/cms/resource/03/3384903_image3_1.JPG,127.0116121139,37.5783090280,20250314095947,,채석장 전망대,03091,11,110,VE,VE01,VE010200
서울특별시 용산구 한강대로23길 55 (한강로3가),아이파크몰 리빙파크 6층,2545035,12,20180427201143,,,126.9647566449,37.5298249324,20250307104243,,챔피언1250X 아이파크몰 용산점,04377,11,170,EX,EX07,EX070200
서울특별시 은평구 불광로10길 20-8,(불광동),1579548,12,20120327192917,,,126.9341958425,37.6173975381,20241014163341,,천간사,03363,11,380,HS,HS03,HS030100
서울특별시 종로구 삼일대로 457 (경운동),,250323,12,20071023090000,http://tong.visitkorea.or.kr/cms/resource/64/3300764_image2_1.jpg,http://tong.visitkorea.or.kr/cms/resource/64/3300764_image3_1.jpg,126.9865255983,37.5752617096,20250313111246,,천도교 중앙대교당,03147,11,110,HS,HS03,HS030400
서울특별시 송파구 성내천로35길 53 (마천동),,3060931,12,20231130134501,http://tong.visitkorea.or.kr/cms/resource/55/3054055_image2_1.jpg,http://tong.visitkorea.or.kr/cms/resource/55/3054055_image3_1.jpg,127.1588287023,37.5004373909,20250718090000,,천마근린공원,05747,11,710,VE,VE03,VE030400
서울특별시 구로구 천왕동,878,2591838,12,20190314000448,http://tong.visitkorea.or.kr/cms/resource/16/3393016_image2_1.JPG,http://tong.visitkorea.or.kr/cms/resource/16/3393016_image3_1.JPG,126.8418082369,37.4764678238,20250319193308,,천왕근린공원,08366,11,530,VE,VE03,VE030400
서울특별시 구로구 연동로12길 150 (항동),,3351658,12,20240821151511,,,126.8309119459,37.4786340452,20250316125332,,천왕산 책쉼터,08368,11,530,VE,VE12,VE120300
서울특별시 도봉구 도봉산길 92-2 (도봉동),,482112,12,20080222225019,,,127.0203413497,37.6943234707,20250910200757,,천축사(서울),01300,11,320,HS,HS03,HS030100
서울특별시 강동구 올림픽로 702,,127376,12,20031107090000,http://tong.visitkorea.or.kr/cms/resource/30/3393830_image2_1.JPG,http://tong.visitkorea.or.kr/cms/resource/30/3393830_image3_1.JPG,127.1269358994,37.5447233407,20250319170558,,천호공원,05324,11,740,VE,VE03,VE030100
서울특별시 강동구 천호동,,2741610,12,20210908224811,http://tong.visitkorea.or.kr/cms/resource/18/2779618_image2_1.png,http://tong.visitkorea.or.kr/cms/resource/18/2779618_image2_1.png,127.1221585024,37.5466313659,20250327163029,,천호자전거거리,,11,740,VE,VE04,VE040100
서울특별시 성동구 용답동,179,827494,12,20091027005652,http://tong.visitkorea.or.kr/cms/resource/08/3050108_image2_1.JPG,http://tong.visitkorea.or.kr/cms/resource/08/3050108_image3_1.JPG,127.0384153941,37.5724518576,20250617180314,,청계8경 버들습지,04805,11,200,NA,NA03,NA030400
서울특별시 중구 태평로1가,1,2765510,12,20211102003309,http://tong.visitkorea.or.kr/cms/resource/55/3385055_image2_1.JPG,http://tong.visitkorea.or.kr/cms/resource/55/3385055_image3_1.JPG,126.9775154812,37.5691539240,20250319171354,,청계광장,04524,11,140,VE,VE03,VE030500
서울특별시 서초구 원지동,,125452,12,20040204090000,http://tong.visitkorea.or.kr/cms/resource/25/1796725_image2_1.jpg,http://tong.visitkorea.or.kr/cms/resource/25/1796725_image3_1.jpg,127.0553147223,37.4437532162,20250902140626,,청계산,06806,11,650,NA,NA01,NA010100
서울특별시 종로구 창신동,,129507,12,20070404090000,http://tong.visitkorea.or.kr/cms/resource/80/3083780_image2_1.jpg,http://tong.visitkorea.or.kr/cms/resource/80/3083780_image3_1.jpg,127.0050907302,37.5697015781,20250414112049,,청계천,04563,11,110,VE,VE03,VE030100
서울특별시 서초구 효령로 135 (방배동),,3076224,12,20231204150942,,,126.9989465511,37.4819088876,20250605164921,,청권사,06666,11,650,HS,HS03,HS030100
서울특별시 강남구 청담동,66,127269,12,20031110090000,http://tong.visitkorea.or.kr/cms/resource/32/3397532_image2_1.JPG,http://tong.visitkorea.or.kr/cms/resource/32/3397532_image3_1.JPG,127.0526155502,37.5213524935,20250327140022,,청담근린공원,06073,11,680,VE,VE03,VE030100
서울특별시 강남구 삼성동,80,3081985,12,20231211160124,http://tong.visitkorea.or.kr/cms/resource/79/3081979_image2_1.jpg,http://tong.visitkorea.or.kr/cms/resource/79/3081979_image3_1.jpg,127.0628118632,37.5206944200,20240116114255,,청담도로공원,06085,11,680,VE,VE03,VE030400
서울특별시 강남구 청담동,,1310950,12,20110616230258,http://tong.visitkorea.or.kr/cms/resource/40/3397540_image2_1.JPG,http://tong.visitkorea.or.kr/cms/resource/40/3397540_image3_1.JPG,127.0443161870,37.5255518567,20250327135258,,청담패션거리,06016,11,680,VE,VE04,VE040100
서울특별시 동대문구 제기로31길 10-3 청량사,,482126,12,20080222232711,http://tong.visitkorea.or.kr/cms/resource/67/3055867_image2_1.JPG,http://tong.visitkorea.or.kr/cms/resource/67/3055867_image3_1.JPG,127.0472419344,37.5877085767,20250731161029,,청량사(서울),02464,11,230,HS,HS03,HS030100
서울특별시 종로구 동망산길 65 (숭인동),,482153,12,20080223000414,http://tong.visitkorea.or.kr/cms/resource/73/3530773_image2_1.jpg,http://tong.visitkorea.or.kr/cms/resource/73/3530773_image3_1.jpg,127.0168643719,37.5797783958,20250903093446,,청룡사(서울),03107,11,110,HS,HS03,HS030100
서울특별시 종로구 청와대로 1 청와대,,264133,12,20021218235801,http://tong.visitkorea.or.kr/cms/resource/80/2824880_image2_1.JPG,http://tong.visitkorea.or.kr/cms/resource/80/2824880_image3_1.JPG,126.9746792089,37.5839799278,20250819174125,,청와대,03048,11,110,VE,VE01,VE010100
서울특별시 종로구 궁정동,,126533,12,20031030090000,http://tong.visitkorea.or.kr/cms/resource/93/3525393_image2_1.jpg,http://tong.visitkorea.or.kr/cms/resource/93/3525393_image3_1.jpg,126.9737681926,37.5835410742,20250822112654,,청와대 앞길,03042,11,110,VE,VE04,VE040100
서울특별시 종로구 필운동,종로구 세종로 산1-1,2993699,12,20230713155327,,,126.9750151000,37.5906541582,20250822132639,,청와대 전망대,03169,11,110,VE,VE01,VE010200
서울특별시 종로구 창의문로 12 (궁정동),냉천정.칠궁.삼락당,3056238,12,20231204103832,http://tong.visitkorea.or.kr/cms/resource/23/3056223_image2_1.jpg,http://tong.visitkorea.or.kr/cms/resource/23/3056223_image3_1.jpg,126.9729543430,37.5847881362,20250820181000,,청와대칠궁,03048,11,110,HS,HS01,HS010100
서울특별시 종로구 창의문로 119,(청운동),2762885,12,20211027001811,http://tong.visitkorea.or.kr/cms/resource/36/3506736_image2_1.jpg,http://tong.visitkorea.or.kr/cms/resource/36/3506736_image3_1.jpg,126.9664297521,37.5913400353,20250718090000,,청운공원,03046,11,110,VE,VE03,VE030100
서울특별시 노원구 월계동,", 도봉구 창동",2031668,12,20151002010405,http://tong.visitkorea.or.kr/cms/resource/46/3466146_image2_1.jpg,http://tong.visitkorea.or.kr/cms/resource/46/3466146_image3_1.jpg,127.0449906758,37.6391108936,20250109151131,,초안산,01874,11,320,NA,NA01,NA010100
서울특별시 성북구 성북로15길 9 (성북동),,1395270,12,20111005020533,http://tong.visitkorea.or.kr/cms/resource/31/3540431_image2_1.jpg,http://tong.visitkorea.or.kr/cms/resource/31/3540431_image3_1.jpg,127.0003599434,37.5930654442,20250917193529,,최순우 옛집,02880,11,290,HS,HS01,HS010400
서울특별시 중구 다산로 101-3 (신당동),,3463600,12,20250103105520,http://tong.visitkorea.or.kr/cms/resource/64/3463464_image2_1.jpg,http://tong.visitkorea.or.kr/cms/resource/64/3463464_image3_1.jpg,127.0092047089,37.5533202222,20250418145358,,춘풍양조장,04599,11,140,EX,EX07,EX070200
서울특별시 종로구 세종로,1-68,1364975,12,20110817225657,http://tong.visitkorea.or.kr/cms/resource/41/3083741_image2_1.JPG,http://tong.visitkorea.or.kr/cms/resource/41/3083741_image3_1.JPG,126.9769154822,37.5710536930,20250415095528,,충무공 이순신 동상,03172,11,110,VE,VE01,VE010500
서울특별시 중구 충무로 29 아시아미디어타워,"부터 창경궁로(인현동, 예관동) 일대",2865186,12,20221011135049,http://tong.visitkorea.or.kr/cms/resource/70/3456370_image2_1.JPG,http://tong.visitkorea.or.kr/cms/resource/70/3456370_image3_1.JPG,126.9924892656,37.5638936933,20250812151052,,충무로 인쇄골목,04555,11,140,EX,EX06,EX061000
서울특별시 중구 퇴계로 지하214 (필동2가),충무로역사 지하1층,3427223,12,20241127161142,http://tong.visitkorea.or.kr/cms/resource/03/3430803_image2_1.jpg,http://tong.visitkorea.or.kr/cms/resource/03/3430803_image3_1.jpg,126.9942225138,37.5613412436,20250729102504,,충무로영상센터 오재미동,04625,11,140,VE,VE12,VE120300
서울특별시 중랑구 망우로70길 103,(망우동),1114969,12,20101021234258,http://tong.visitkorea.or.kr/cms/resource/20/1986020_image2_1.jpg,http://tong.visitkorea.or.kr/cms/resource/20/1986020_image3_1.jpg,127.1049169938,37.5961975185,20241111174732,,충익공신경진묘역,02179,11,260,HS,HS01,HS010800
서울특별시 중구 명동11길 14 (명동1가),,3070716,12,20230920133823,http://tong.visitkorea.or.kr/cms/resource/09/3070709_image2_1.JPG,http://tong.visitkorea.or.kr/cms/resource/09/3070709_image3_1.JPG,126.9862342571,37.5646990434,20250722172440,,커뮤니티하우스마실,04538,11,140,VE,VE12,VE120300
서울특별시 강남구 영동대로 513,(삼성동),130284,12,20060220090000,http://tong.visitkorea.or.kr/cms/resource/83/3081283_image2_1.jpg,http://tong.visitkorea.or.kr/cms/resource/83/3081283_image3_1.jpg,127.0591318945,37.5118092746,20250723152656,,코엑스 아쿠아리움,06164,11,680,VE,VE02,VE020400
서울특별시 강남구 영동대로 513 (삼성동),,2759626,12,20211020191959,http://tong.visitkorea.or.kr/cms/resource/56/3467556_image2_1.jpg,http://tong.visitkorea.or.kr/cms/resource/56/3467556_image3_1.jpg,127.0592179950,37.5119175967,20250609135524,,코엑스동측광장,06164,11,680,VE,VE03,VE030500
서울특별시 마포구 홍익로3길 20 (서교동),지하 2층,2852296,12,20220908160614,http://tong.visitkorea.or.kr/cms/resource/78/3482078_image2_1.jpg,http://tong.visitkorea.or.kr/cms/resource/78/3482078_image3_1.jpg,126.9217404496,37.5535908451,20250312151951,,코코넛박스,04039,11,440,EX,EX07,EX070200
서울특별시 용산구 한강대로72길 3 (남영동),지하1층,2451912,12,20161212195027,http://tong.visitkorea.or.kr/cms/resource/30/3399730_image2_1.JPG,http://tong.visitkorea.or.kr/cms/resource/30/3399730_image3_1.JPG,126.9736583030,37.5407599328,20250408143951,,크라운해태 키즈뮤지엄,04352,11,170,EX,EX06,EX060800
서울특별시 강남구 선릉로 524 (삼성동),"(B101호, B102호, B201호)",2782132,12,20211126231216,http://tong.visitkorea.or.kr/cms/resource/37/2782237_image2_1.jpg,http://tong.visitkorea.or.kr/cms/resource/37/2782237_image3_1.jpg,127.0483691302,37.5066846760,20250319191213,,클럽케이서울,06161,11,680,VE,VE12,VE120300
서울특별시 송파구 올림픽로 240,,992130,12,20100405233233,http://tong.visitkorea.or.kr/cms/resource/27/3529027_image2_1.JPG,http://tong.visitkorea.or.kr/cms/resource/27/3529027_image3_1.JPG,127.0981394766,37.5110683960,20250829100253,,키자니아 서울,05554,11,710,EX,EX07,EX070200
"서울특별시 양천구 목동동로 401 (목동, 부영그린타운2차)",지하1층 B101호,3540938,12,20250918160555,http://tong.visitkorea.or.kr/cms/resource/28/3540928_image2_1.jpg,http://tong.visitkorea.or.kr/cms/resource/28/3540928_image3_1.jpg,126.8811418565,37.5364282252,20250918170441,,키즈런스포츠파크 목동점,07984,11,470,EX,EX07,EX070200
서울특별시 광진구 능동로 216,(능동),753850,12,20090617015736,http://tong.visitkorea.or.kr/cms/resource/28/1986028_image2_1.jpg,http://tong.visitkorea.or.kr/cms/resource/28/1986028_image3_1.jpg,127.0762931559,37.5493607781,20241018131533,,키즈오토파크,04991,11,215,EX,EX07,EX070200
서울특별시 마포구 독막로20길 42 (창전동),,3082465,12,20231110182719,http://tong.visitkorea.or.kr/cms/resource/61/3082461_image2_1.JPG,http://tong.visitkorea.or.kr/cms/resource/61/3082461_image3_1.JPG,126.9276400976,37.5470083819,20250119162523,,탈영역우정국,04078,11,440,VE,VE12,VE120300
서울특별시 종로구 종로 99 (종로2가),,129534,12,20070430090000,,,126.9886227626,37.5705539611,20250721140227,,탑골공원,03140,11,110,VE,VE03,VE030100
서울특별시 종로구 종로 99 (종로2가),,1605933,12,20120418194503,http://tong.visitkorea.or.kr/cms/resource/19/3414019_image2_1.jpg,http://tong.visitkorea.or.kr/cms/resource/19/3414019_image3_1.jpg,126.9886227626,37.5705539611,20250812095528,,탑골공원 팔각정,03140,11,110,HS,HS01,HS011200
서울특별시 노원구 화랑로 681 (공릉동),,3457334,12,20241223115632,http://tong.visitkorea.or.kr/cms/resource/28/3457328_image2_1.jpg,http://tong.visitkorea.or.kr/cms/resource/28/3457328_image3_1.jpg,127.0975278085,37.6301795469,20250316200317,,태릉강릉,01794,11,350,HS,HS01,HS010800
서울특별시 양천구 목동동로 363 (목동),,1114020,12,20101020014754,http://tong.visitkorea.or.kr/cms/resource/50/3509850_image2_1.jpg,http://tong.visitkorea.or.kr/cms/resource/50/3509850_image3_1.jpg,126.8771644948,37.5345311526,20250724110657,,파리공원,07983,11,470,VE,VE03,VE030100
"서울특별시 송파구 송파대로 111 (문정동, 파크하비오)",,2606150,12,20190613000847,http://tong.visitkorea.or.kr/cms/resource/43/3095643_image2_1.jpg,http://tong.visitkorea.or.kr/cms/resource/43/3095643_image3_1.jpg,127.1232269102,37.4819416730,20250318215720,,파크하비오 워터킹덤&스파,05837,11,710,VE,VE02,VE020200
서울특별시 종로구 경희궁3길 3-5 (신문로2가),,3359034,12,20240904165001,http://tong.visitkorea.or.kr/cms/resource/92/3358992_image2_1.jpg,http://tong.visitkorea.or.kr/cms/resource/92/3358992_image3_1.jpg,126.9681106736,37.5730060858,20250314140727,,팜 시티,03176,11,110,VE,VE12,VE120300
서울특별시 용산구 대사관로11길 41 (한남동),,3492118,12,20250520142834,http://tong.visitkorea.or.kr/cms/resource/06/3492106_image2_1.jpg,http://tong.visitkorea.or.kr/cms/resource/06/3492106_image3_1.jpg,127.0016725625,37.5356276978,20250520145931,,페즈 (FEZH),04400,11,170,VE,VE12,VE120300
서울특별시 종로구 평창32길 8 (평창동),,2605926,12,20190612002513,http://tong.visitkorea.or.kr/cms/resource/76/3499776_image2_1.jpg,http://tong.visitkorea.or.kr/cms/resource/76/3499776_image3_1.jpg,126.9757505309,37.6122905445,20250620132443,,평창동 미술관 거리,03004,11,110,VE,VE04,VE040100
서울특별시 마포구 상암동,,2759900,12,20211020224401,http://tong.visitkorea.or.kr/cms/resource/86/3509986_image2_1.jpg,http://tong.visitkorea.or.kr/cms/resource/86/3509986_image3_1.jpg,126.8908152548,37.5619532089,20250730140449,,평화잔디광장,03900,11,440,VE,VE03,VE030500
서울특별시 구로구 연동로 240,,2675098,12,20201007055358,,,126.8240846662,37.4830806290,20241205161935,,푸른수목원,08361,11,530,NA,NA04,NA040700
서울특별시 송파구 한가람로 14길 16,,3112160,12,20240329152932,,,127.1152983219,37.5358630481,20240731074633,,풍납백제문화공원,05524,11,710,VE,VE03,VE030400
서울특별시 강서구 오정로 375 (오쇠동),,3081993,12,20231205153453,http://tong.visitkorea.or.kr/cms/resource/22/3509822_image2_1.jpg,http://tong.visitkorea.or.kr/cms/resource/22/3509822_image3_1.jpg,126.7965828625,37.5377626741,20250724104106,,플레이스콤마,07505,11,500,EX,EX07,EX070200
서울특별시 서초구 올림픽대로 2085-14 (반포동),,2745583,12,20210915233259,http://tong.visitkorea.or.kr/cms/resource/50/3386650_image2_1.jpg,http://tong.visitkorea.or.kr/cms/resource/50/3386650_image3_1.jpg,126.9965764639,37.5123025381,20250317224234,,플로팅아일랜드,06500,11,650,VE,VE12,VE120300
서울특별시 종로구 인사동길 55-1 (관훈동),,3080583,12,20240111175432,http://tong.visitkorea.or.kr/cms/resource/48/3080548_image2_1.jpg,http://tong.visitkorea.or.kr/cms/resource/48/3080548_image3_1.jpg,126.9836841991,37.5749561384,20250626165259,,필소굿캘리,03145,11,110,EX,EX07,EX070200
서울특별시 종로구 필운대로1길 14-4,(필운동),2783558,12,20211130201430,http://tong.visitkorea.or.kr/cms/resource/50/3535950_image2_1.jpg,http://tong.visitkorea.or.kr/cms/resource/50/3535950_image3_1.jpg,126.9688965725,37.5779721893,20250912153245,,필운동 홍건익 가옥,03039,11,110,HS,HS01,HS010400
서울특별시 노원구 하계동,2동 273-3,3006943,12,20230904164708,http://tong.visitkorea.or.kr/cms/resource/27/3006927_image2_1.jpg,http://tong.visitkorea.or.kr/cms/resource/27/3006927_image3_1.jpg,127.0692081102,37.6321788036,20250811090951,,하계어린이공원,01806,11,350,VE,VE03,VE030300
서울특별시 마포구 하늘공원로 95,,2654607,12,20200428191209,,,126.8863599027,37.5691522918,20250825171629,,하늘공원,03900,11,440,VE,VE03,VE030100
서울특별시 마포구 상암동,,2720179,12,20210609021546,,,126.8834130565,37.5653526819,20250317211739,,하늘공원 메타세쿼이아 숲길,03900,11,440,VE,VE04,VE040300
서울특별시 종로구 인사동길 44 (관훈동),,3413162,12,20241112175930,http://tong.visitkorea.or.kr/cms/resource/94/3413094_image2_1.png,http://tong.visitkorea.or.kr/cms/resource/94/3413094_image3_1.png,126.9848674428,37.5743062352,20241113094902,,하이드앤시크 쌈지길점,03146,11,110,EX,EX07,EX070200
서울특별시 서초구 성촌4길 11 (우면동),,3525664,12,20250822150926,http://tong.visitkorea.or.kr/cms/resource/68/3525668_image2_1.jpg,http://tong.visitkorea.or.kr/cms/resource/68/3525668_image3_1.jpg,127.0218282205,37.4670804638,20250825112048,,하이디하우스,06765,11,650,EX,EX05,EX050100
서울특별시 노원구 중계로14다길 89,,485684,12,20080225174913,http://tong.visitkorea.or.kr/cms/resource/80/3465980_image2_1.jpg,http://tong.visitkorea.or.kr/cms/resource/80/3465980_image3_1.jpg,127.0897584489,37.6519935361,20250626170857,,학도암(서울),01723,11,350,HS,HS03,HS030100
서울특별시 강남구 논현동 26,,2754735,12,20211007235227,http://tong.visitkorea.or.kr/cms/resource/42/3508042_image2_1.jpg,http://tong.visitkorea.or.kr/cms/resource/42/3508042_image3_1.jpg,117.9925662504,19.6944274800,20250718090000,,학동근린공원,06042,11,680,VE,VE03,VE030100
서울특별시 성동구 강변북로 257,,822861,12,20091019234254,,,127.0416216085,37.5389280323,20240611170104,,한강,04770,11,200,NA,NA02,NA020100
서울특별시 영등포구 여의동로 지하343 (여의도동),여의나루역 2번 출구 근처,1836261,12,20130809195727,http://tong.visitkorea.or.kr/cms/resource/08/3399708_image2_1.JPG,http://tong.visitkorea.or.kr/cms/resource/08/3399708_image3_1.JPG,126.9328707368,37.5271413400,20250407112614,,한강방어 백골부대 전적비,07336,11,560,HS,HS02,HS020100
서울특별시 성북구 대사관로 121,(성북동),2554064,12,20180718001719,,,126.9930020876,37.5998589670,20250418160028,,한국가구박물관,02822,11,290,EX,EX06,EX061000
서울특별시 마포구 월드컵북로 400,(상암동),2452918,12,20161213000025,,,126.8898675982,37.5804315988,20240523161612,,한국영화박물관,03925,11,440,EX,EX06,EX061000
서울특별시 중구 동호로 261,,1836287,12,20130809202106,http://tong.visitkorea.or.kr/cms/resource/81/3077681_image2_1.JPG,http://tong.visitkorea.or.kr/cms/resource/81/3077681_image3_1.JPG,127.0041161624,37.5576029665,20240530093507,,한국유림독립운동파리장서비,04620,11,140,HS,HS02,HS020100
서울특별시 용산구 우사단로10길 39 (한남동),,3013117,12,20230920133727,http://tong.visitkorea.or.kr/cms/resource/36/3012836_image2_1.JPG,http://tong.visitkorea.or.kr/cms/resource/36/3012836_image3_1.JPG,126.9978424262,37.5331501396,20250814171319,,한국이슬람교 서울중앙성원,04405,11,170,HS,HS03,HS030300
서울특별시 송파구 석촌호수로12길 60 (잠실동),2층,2589657,12,20190130231350,http://tong.visitkorea.or.kr/cms/resource/33/3393333_image2_1.JPG,http://tong.visitkorea.or.kr/cms/resource/33/3393333_image3_1.JPG,127.0799300989,37.5083878233,20250916143042,,한방스파 여용국,05562,11,710,EX,EX05,EX050300
서울특별시 종로구 사직로 133-5,,2390314,12,20160628224132,http://tong.visitkorea.or.kr/cms/resource/47/2388347_image2_1.jpg,http://tong.visitkorea.or.kr/cms/resource/47/2388347_image3_1.jpg,126.9733212169,37.5762891312,20241204164757,,한복남,03044,11,110,EX,EX01,EX010100
서울특별시 강남구 광평로10길 14-17 (일원동),,2754738,12,20211007235409,http://tong.visitkorea.or.kr/cms/resource/95/3507995_image2_1.jpg,http://tong.visitkorea.or.kr/cms/resource/95/3507995_image3_1.jpg,127.0788115244,37.4812548417,20250718090000,,한솔근린공원,06359,11,680,VE,VE03,VE030100
서울특별시 송파구 송파동 152,,2758809,12,20211019184700,http://tong.visitkorea.or.kr/cms/resource/69/3401469_image2_1.JPG,http://tong.visitkorea.or.kr/cms/resource/69/3401469_image3_1.JPG,127.1155492027,37.5040639670,20250404135037,,한양공원,,11,710,VE,VE03,VE030100
서울특별시 강동구 천호3동 448-49호 (천호동 마을마당 내),,1836300,12,20130809202658,http://tong.visitkorea.or.kr/cms/resource/36/3466036_image2_1.jpg,http://tong.visitkorea.or.kr/cms/resource/36/3466036_image3_1.jpg,127.1318412470,37.5363494014,20250808165022,,해공신익희선생동상,05340,11,740,VE,VE01,VE010500
서울특별시 용산구 신흥로3가길 66,(용산동2가),2761544,12,20211025193112,,,126.9840656245,37.5430043031,20241106144243,,해방촌마을,04338,11,170,VE,VE04,VE040200
서울특별시 서대문구 연희동,산100-1,1837036,12,20130812194350,http://tong.visitkorea.or.kr/cms/resource/96/3515096_image2_1.jpg,http://tong.visitkorea.or.kr/cms/resource/96/3515096_image3_1.jpg,126.9260146536,37.5679531406,20250731104058,,해병대 104고지 전적비,03706,11,410,HS,HS02,HS020100
서울특별시 중구 퇴계로34길 28,,1606001,12,20120418222242,http://tong.visitkorea.or.kr/cms/resource/48/3083948_image2_1.JPG,http://tong.visitkorea.or.kr/cms/resource/48/3083948_image3_1.JPG,126.9944031366,37.5583638148,20250821111832,,해풍부원군윤택영댁재실,04626,11,140,HS,HS01,HS010400
서울특별시 강남구 선릉로157길 23 (신사동),,2946112,12,20230128201857,http://tong.visitkorea.or.kr/cms/resource/00/2947500_image2_1.jpg,http://tong.visitkorea.or.kr/cms/resource/00/2947500_image3_1.jpg,127.0379584155,37.5261572277,20250708174040,,향기억,06018,11,680,EX,EX02,EX020400
서울특별시 양천구 중앙로14나길 39,(신정동),2758132,12,20211018223734,http://tong.visitkorea.or.kr/cms/resource/37/3467837_image2_1.jpg,http://tong.visitkorea.or.kr/cms/resource/37/3467837_image3_1.jpg,126.8665940483,37.5056370991,20250624095258,,향림사,08104,11,470,HS,HS03,HS030100
서울특별시 강동구 둔촌동,575-3,3403976,12,20241101133929,http://tong.visitkorea.or.kr/cms/resource/26/3403926_image2_1.JPG,http://tong.visitkorea.or.kr/cms/resource/26/3403926_image3_1.JPG,127.1508978392,37.5365969390,20250319170549,,허브체험공원,05358,11,740,EX,EX07,EX070200
서울특별시 강서구 허준로5길 42 (가양동),,126824,12,20031103090000,http://tong.visitkorea.or.kr/cms/resource/22/3400722_image2_1.JPG,http://tong.visitkorea.or.kr/cms/resource/22/3400722_image3_1.JPG,126.8537434753,37.5676518844,20250328095630,,허준근린공원,07525,11,500,VE,VE03,VE030100
서울특별시 서초구 헌인릉길 36-10 (내곡동),,827642,12,20091027022815,http://tong.visitkorea.or.kr/cms/resource/20/3499820_image2_1.jpg,http://tong.visitkorea.or.kr/cms/resource/20/3499820_image3_1.jpg,127.0810118065,37.4642401896,20250620142359,,헌인릉 생태경관보전지역(오리나무림),06795,11,650,NA,NA04,NA040500
서울특별시 도봉구 마들로 650 (방학동),,2763818,12,20211027233340,http://tong.visitkorea.or.kr/cms/resource/36/3467836_image2_1.jpg,http://tong.visitkorea.or.kr/cms/resource/36/3467836_image3_1.jpg,127.0470813263,37.6680825612,20250610112414,,헬로애니멀,01331,11,320,VE,VE02,VE020300
서울특별시 종로구 창덕궁길 19 (원서동),,1605927,12,20120418193441,http://tong.visitkorea.or.kr/cms/resource/09/3540909_image2_1.jpg,http://tong.visitkorea.or.kr/cms/resource/09/3540909_image3_1.jpg,126.9885725479,37.5782863946,20250918154314,,현대원서공원,03058,11,110,VE,VE03,VE030100
서울특별시 성동구 용답동,237,1837037,12,20130812195216,http://tong.visitkorea.or.kr/cms/resource/81/3465481_image2_1.jpg,http://tong.visitkorea.or.kr/cms/resource/81/3465481_image3_1.jpg,127.0701156307,37.5602538457,20250611094518,,호국무공수훈자공적비,04808,11,200,HS,HS02,HS020100
서울특별시 동작구 동작동,305 (국립서울현충원 내),486625,12,20080225220528,http://tong.visitkorea.or.kr/cms/resource/00/2016200_image2_1.jpg,http://tong.visitkorea.or.kr/cms/resource/00/2016200_image3_1.jpg,126.9649158351,37.4989535207,20250317210822,,호국지장사(서울),06984,11,590,HS,HS03,HS030100
서울특별시 강서구 개화동로13길 56-33,(개화동),1837041,12,20130812195919,http://tong.visitkorea.or.kr/cms/resource/37/3509737_image2_1.jpg,http://tong.visitkorea.or.kr/cms/resource/37/3509737_image3_1.jpg,126.8036199031,37.5807272474,20250718165434,,호국충혼위령비,07504,11,500,HS,HS02,HS020100
서울특별시 금천구 시흥동,산83-1번지,1116022,12,20101023020846,http://tong.visitkorea.or.kr/cms/resource/31/2675531_image2_1.jpg,http://tong.visitkorea.or.kr/cms/resource/31/2675531_image3_1.jpg,126.9145135735,37.4462531839,20250103144839,,호암산성,08572,11,545,HS,HS01,HS011000
서울특별시 금천구 호암로 278 (시흥동),,486685,12,20080225221311,http://tong.visitkorea.or.kr/cms/resource/42/3495042_image2_1.jpg,http://tong.visitkorea.or.kr/cms/resource/42/3495042_image3_1.jpg,126.9253596312,37.4525554233,20250604091155,,호압사(서울),08655,11,545,HS,HS03,HS030100
서울특별시 종로구 자하문로11길 16-2,,2969267,12,20230413152000,http://tong.visitkorea.or.kr/cms/resource/47/2969247_image2_1.jpg,http://tong.visitkorea.or.kr/cms/resource/47/2969247_image3_1.jpg,126.9704602659,37.5798497770,20250107162609,,호전다실,03036,11,110,EX,EX07,EX070200
서울특별시 마포구 서교동,,781031,12,20090820010620,http://tong.visitkorea.or.kr/cms/resource/69/3092369_image2_1.jpg,http://tong.visitkorea.or.kr/cms/resource/69/3092369_image3_1.jpg,126.9231152827,37.5550518109,20250806165525,,홍대,04055,11,440,EX,EX07,EX070200
서울특별시 마포구 상수동,,2500145,12,20170718023749,http://tong.visitkorea.or.kr/cms/resource/70/3512970_image2_1.jpg,http://tong.visitkorea.or.kr/cms/resource/70/3512970_image3_1.jpg,126.9240152858,37.5520521753,20250725160045,,홍대 벽화거리,04074,11,440,VE,VE04,VE040100
서울특별시 마포구 서교동,,3082405,12,20231207141501,http://tong.visitkorea.or.kr/cms/resource/99/3082399_image2_1.JPG,http://tong.visitkorea.or.kr/cms/resource/99/3082399_image3_1.JPG,126.9237957624,37.5555489875,20250818165415,,홍대걷고싶은거리,04044,11,440,VE,VE04,VE040100
서울특별시 마포구 어울마당로 68 (서교동),,3083146,12,20240117172012,http://tong.visitkorea.or.kr/cms/resource/96/3509996_image2_1.jpg,http://tong.visitkorea.or.kr/cms/resource/96/3509996_image3_1.jpg,126.9215044287,37.5511522355,20250723092535,,홍대카페(ㅎㄷ 카페),04041,11,440,VE,VE12,VE120300
서울특별시 동대문구 회기로 57 (청량리동),,126500,12,20040223090000,http://tong.visitkorea.or.kr/cms/resource/15/3500915_image2_1.jpg,http://tong.visitkorea.or.kr/cms/resource/15/3500915_image3_1.jpg,127.0426644595,37.5917302493,20250627130838,,홍릉시험림(홍릉숲),02455,11,230,NA,NA04,NA040700
서울특별시 강서구 양천로49길 56-12,(가양동),2759964,12,20211020231200,http://tong.visitkorea.or.kr/cms/resource/38/3467738_image2_1.jpg,http://tong.visitkorea.or.kr/cms/resource/38/3467738_image3_1.jpg,126.8404806729,37.5720539135,20250610093307,,홍원사,07521,11,500,HS,HS03,HS030100
서울특별시 마포구 와우산로21길 19-3 (서교동),,3076217,12,20231204143046,,,126.9229987061,37.5522354691,20241118093938,,홍익문화공원,04041,11,440,VE,VE03,VE030100
서울특별시 서대문구 연희로 248 (연희동),,3452906,12,20241219152851,http://tong.visitkorea.or.kr/cms/resource/45/3452745_image2_1.jpg,http://tong.visitkorea.or.kr/cms/resource/45/3452745_image3_1.jpg,126.9362995081,37.5792603445,20250724153640,,홍제천인공폭포,03718,11,410,NA,NA05,NA050100
서울특별시 서대문구 연희동 170-181,,2783698,12,20211130221310,http://tong.visitkorea.or.kr/cms/resource/00/3498000_image2_1.jpg,http://tong.visitkorea.or.kr/cms/resource/00/3498000_image3_1.jpg,126.9357023224,37.5798797061,20250616110516,,홍제폭포,,11,410,NA,NA01,NA010300
서울특별시 종로구 홍지동,99-7,129506,12,20070404090000,http://tong.visitkorea.or.kr/cms/resource/03/3531403_image2_1.jpg,http://tong.visitkorea.or.kr/cms/resource/03/3531403_image3_1.jpg,126.9586135629,37.5996528175,20250909110113,,홍지문 및 탕춘대성,03017,11,110,HS,HS01,HS010200
서울특별시 종로구 송월1길 38 (홍파동),,945987,12,20100205224920,,,126.9650998768,37.5716006396,20250314132148,,홍파동 홍난파 가옥,03178,11,110,HS,HS01,HS010500
서울특별시 강북구 화계사길 117,(수유동),126507,12,20040216090000,,,127.0073220730,37.6326415233,20240612095052,,화계사(서울),01095,11,305,HS,HS03,HS030100
서울특별시 노원구 화랑로 608,,2654601,12,20200428185927,http://tong.visitkorea.or.kr/cms/resource/79/3456879_image2_1.jpg,http://tong.visitkorea.or.kr/cms/resource/79/3456879_image3_1.jpg,127.0928645166,37.6241440529,20250724153405,,화랑대 철도공원,01802,11,350,VE,VE03,VE030100
서울특별시 중구 소공로 112,(소공동),250299,12,20071019090000,,,126.9794848592,37.5651627568,20240827182301,,환구단,04533,11,140,HS,HS03,HS030400
서울특별시 강서구 허준로 221-40 (가양동),,2755447,12,20211012182648,http://tong.visitkorea.or.kr/cms/resource/51/3509751_image2_1.jpg,http://tong.visitkorea.or.kr/cms/resource/51/3509751_image3_1.jpg,126.8641149160,37.5618360794,20250724145117,,황금내근린공원,07531,11,500,VE,VE03,VE030400
서울특별시 종로구 사직로9길 15-32 (사직동),,1604450,12,20120417190317,http://tong.visitkorea.or.kr/cms/resource/31/3350631_image2_1.jpg,http://tong.visitkorea.or.kr/cms/resource/31/3350631_image3_1.jpg,126.9651024987,37.5771000006,20250724144100,,황학정,03027,11,110,HS,HS01,HS010100
서울특별시 서초구 효령로 135 (방배동),,753986,12,20090617200943,http://tong.visitkorea.or.kr/cms/resource/17/3515817_image2_1.jpg,http://tong.visitkorea.or.kr/cms/resource/17/3515817_image3_1.jpg,126.9989465511,37.4819088876,20250731203450,,효령대군 이보 묘역,06666,11,650,HS,HS01,HS010800
서울특별시 관악구 남현동,산 57-48,126914,12,20020510090000,http://tong.visitkorea.or.kr/cms/resource/84/3401684_image2_1.JPG,http://tong.visitkorea.or.kr/cms/resource/84/3401684_image3_1.JPG,126.9756156509,37.4709514086,20250328135740,,효민공 이경직 묘역,08803,11,620,HS,HS01,HS010800
서울특별시 동작구 현충로 55 (흑석동),,736737,12,20090520203730,http://tong.visitkorea.or.kr/cms/resource/95/3530095_image2_1.jpg,http://tong.visitkorea.or.kr/cms/resource/95/3530095_image3_1.jpg,126.9627795863,37.5107215609,20250917141553,,효사정,06904,11,590,VE,VE03,VE030100
서울특별시 용산구 두텁바위로1가길 47 (후암동),,2767753,12,20211103224717,http://tong.visitkorea.or.kr/cms/resource/25/2767725_image2_1.jpg,http://tong.visitkorea.or.kr/cms/resource/25/2767725_image3_1.jpg,126.9762495143,37.5484924136,20250408144644,,후암거실,04335,11,170,VE,VE12,VE120300
서울특별시 용산구 후암동,,3060941,12,20231130145920,http://tong.visitkorea.or.kr/cms/resource/62/3054462_image2_1.JPG,http://tong.visitkorea.or.kr/cms/resource/62/3054462_image3_1.JPG,126.9819240556,37.5464427543,20250624163719,,후암동108계단,04336,11,170,VE,VE04,VE040200
서울특별시 용산구 후암로35길 39,,2932122,12,20221209150822,,,126.9761522655,37.5497617088,20240617130329,,후암별채,04332,11,170,EX,EX05,EX050400
서울특별시 중구 을지로 227 (을지로5가),,1605966,12,20120418202444,http://tong.visitkorea.or.kr/cms/resource/83/3077783_image2_1.JPG,http://tong.visitkorea.or.kr/cms/resource/83/3077783_image3_1.JPG,127.0034353998,37.5670907411,20250415100027,,훈련원공원,04562,11,140,VE,VE03,VE030500
서울특별시 종로구 종로 288,(종로6가),126514,12,20031027090000,http://tong.visitkorea.or.kr/cms/resource/27/2536327_image2_1.jpg,http://tong.visitkorea.or.kr/cms/resource/27/2536327_image3_1.jpg,127.0095263952,37.5711931512,20250910141643,,흥인지문,03119,11,110,HS,HS01,HS010300
서울특별시 종로구 종로6가,70,3056442,12,20231204111054,http://tong.visitkorea.or.kr/cms/resource/06/3056406_image2_1.jpg,http://tong.visitkorea.or.kr/cms/resource/06/3056406_image3_1.jpg,127.0082096468,37.5782895248,20250507133441,,흥인지문공원,03098,11,110,HS,HS01,HS010200
서울특별시 성북구 흥천사길 29 (돈암동),,126506,12,20041230090000,,,127.0093839676,37.5984427587,20250318210111,,흥천사,02825,11,290,HS,HS03,HS030100
서울특별시 양천구 목동중앙본로1길 37 (목동),,2611482,12,20190717201103,http://tong.visitkorea.or.kr/cms/resource/57/3396257_image2_1.JPG,http://tong.visitkorea.or.kr/cms/resource/57/3396257_image3_1.JPG,126.8687762819,37.5376778592,20250319191708,,150년 수령 느티나무,07961,11,470,NA,NA03,NA030200
서울특별시 강남구 남부순환로 3104 (대치동),SETEC,3432447,12,20241202141048,http://tong.visitkorea.or.kr/cms/resource/64/3432064_image2_1.jpg,http://tong.visitkorea.or.kr/cms/resource/64/3432064_image3_1.jpg,127.0707673919,37.4960890861,20241202141105,,2025 서울 카페&베이커리페어,06287,11,680,EX,EX07,EX070200
서울특별시 서대문구 통일로 251 (현저동),,1825057,12,20130703234030,http://tong.visitkorea.or.kr/cms/resource/98/3505798_image2_1.jpg,http://tong.visitkorea.or.kr/cms/resource/98/3505798_image3_1.jpg,126.9573421635,37.5746723659,20250714133349,,3.1독립선언기념탑,03732,11,410,HS,HS02,HS020100
서울특별시 중구 장충단로 59 (장충동2가),,1825460,12,20130705013113,http://tong.visitkorea.or.kr/cms/resource/61/3077661_image2_1.JPG,http://tong.visitkorea.or.kr/cms/resource/61/3077661_image3_1.JPG,127.0000222551,37.5518007890,20250820111525,,3.1독립운동기념탑,04621,11,140,HS,HS02,HS020100
서울특별시 강북구 4.19로8길 17 (수유동),,3386415,12,20241014105531,http://tong.visitkorea.or.kr/cms/resource/88/3385688_image2_1.JPG,http://tong.visitkorea.or.kr/cms/resource/88/3385688_image3_1.JPG,127.0084548789,37.6475648078,20250321112000,,4·19학생혁명기념탑,01009,11,305,HS,HS02,HS020100
서울특별시 중구 을지로 281 (을지로7가),지하2층 DDP마켓,2950841,12,20230227164419,http://tong.visitkorea.or.kr/cms/resource/23/3500923_image2_1.jpg,http://tong.visitkorea.or.kr/cms/resource/23/3500923_image3_1.jpg,127.0095709797,37.5661076320,20250627131805,,B the B,04566,11,140,VE,VE12,VE120300
서울특별시 구로구 디지털로26길 111 (구로동),JNK디지털타워 지하 1층,2990289,12,20230612101931,http://tong.visitkorea.or.kr/cms/resource/19/3498019_image2_1.jpg,http://tong.visitkorea.or.kr/cms/resource/19/3498019_image3_1.jpg,126.8970613627,37.4826347586,20250616112726,,G밸리 4차산업체험관,08390,11,530,EX,EX06,EX060200
서울특별시 강남구 가로수길 69 (신사동),엘큐브,2998565,12,20230818105003,,,127.0223932663,37.5226073602,20250118230600,,High Street Italia (하이 스트리트 이탈리아),06028,11,680,VE,VE12,VE120300
서울특별시 마포구 상암산로 48-6,(상암동) JTBC빌딩,2553928,12,20180717193959,,,126.8900787865,37.5769958913,20250605143110,,JTBC,03909,11,440,EX,EX06,EX061000
서울특별시 종로구 세종대로 198 (세종로),,2992823,12,20230706141655,http://tong.visitkorea.or.kr/cms/resource/06/2987806_image2_1.jpg,http://tong.visitkorea.or.kr/cms/resource/06/2987806_image3_1.jpg,126.9775736680,37.5741339024,20250107152114,,K-컬처 스크린(대한민국역사박물관),03141,11,110,EX,EX07,EX070200
서울특별시 동대문구 회기로 66 (청량리동),,3085029,12,20231204141612,http://tong.visitkorea.or.kr/cms/resource/74/3506274_image2_1.jpg,http://tong.visitkorea.or.kr/cms/resource/74/3506274_image3_1.jpg,127.0436282617,37.5916636073,20250718090000,,KOCCA콘텐츠문화광장,02456,11,230,VE,VE03,VE030100
서울특별시 강남구 압구정동 394,,3074805,12,20230925120359,,,127.0244152270,37.5253320799,20241112154949,,KstarROAD 한류스타거리,06001,11,680,VE,VE04,VE040100
서울특별시 종로구 창덕궁1길 18 LG상남도서관,,2993472,12,20230712103027,,,126.9884669624,37.5796917853,20250610171244,,LG상남도서관,03057,11,110,VE,VE12,VE120300
서울특별시 강남구 영동대로 416 (대치동),B2층,2660731,12,20200623185036,http://tong.visitkorea.or.kr/cms/resource/20/3508020_image2_1.jpg,http://tong.visitkorea.or.kr/cms/resource/20/3508020_image3_1.jpg,127.0653425868,37.5066377643,20250902145523,02-557-8030,SPA 1899,06176,11,680,EX,EX05,EX050500
서울특별시 성북구 화랑로 174 (상월곡동),11,3432643,12,20241202145539,,,127.0501050144,37.6069591684,20250801100228,,Test241202,02791,11,290,NA,NA04,NA040200
서울특별시 마포구 상암산로 76 (상암동),,2553923,12,20180717193317,http://tong.visitkorea.or.kr/cms/resource/97/3501197_image2_1.jpg,http://tong.visitkorea.or.kr/cms/resource/97/3501197_image3_1.jpg,126.8923285179,37.5792484475,20250630103120,,YTN,03926,11,440,EX,EX06,EX061000
서울특별시 서초구 양재동,236 (매헌시민의숲(양재시민의숲역)~사당역 갈림길),3526332,12,20250825141518,http://tong.visitkorea.or.kr/cms/resource/45/3526145_image2_1.jpg,http://tong.visitkorea.or.kr/cms/resource/45/3526145_image3_1.jpg,127.0373156446,37.4690527345,20250825141533,,[서울둘레길 10코스] 우면산코스,06754,11,650,VE,VE04,VE040300
서울특별시 동작구 동작대로 지하3 (사당동),사당역 갈림길~관악산공원 입구,3526339,12,20250825141907,http://tong.visitkorea.or.kr/cms/resource/54/3526154_image2_1.jpg,http://tong.visitkorea.or.kr/cms/resource/54/3526154_image3_1.jpg,126.9816093812,37.4769147125,20250825141937,,[서울둘레길 11코스] 관악산코스,07025,11,590,VE,VE04,VE040300
서울특별시 관악구 신림동,산 32-15 (관악산공원 입구~석수역),3526341,12,20250825143314,http://tong.visitkorea.or.kr/cms/resource/69/3526169_image2_1.jpg,http://tong.visitkorea.or.kr/cms/resource/69/3526169_image3_1.jpg,126.9463156158,37.4682511983,20250825143332,,[서울둘레길 12코스] 호암산코스,08706,11,620,VE,VE04,VE040300
서울특별시 구로구 구로동,642-76 (구일역~가양역),3526342,12,20250825143813,http://tong.visitkorea.or.kr/cms/resource/86/3526186_image2_1.jpg,http://tong.visitkorea.or.kr/cms/resource/86/3526186_image3_1.jpg,126.8710133591,37.4960521803,20250825143836,,[서울둘레길 14코스] 안양천 하류코스,08287,11,530,VE,VE04,VE040300
서울특별시 강서구 가양동,1459-11 (가양대교 남단~증산역),3526353,12,20250825144157,http://tong.visitkorea.or.kr/cms/resource/98/3526198_image2_1.jpg,http://tong.visitkorea.or.kr/cms/resource/98/3526198_image3_1.jpg,126.8565127773,37.5637523870,20250825144210,,[서울둘레길 15코스] 노을·하늘공원코스,07521,11,500,VE,VE04,VE040300
서울특별시 은평구 증산동,(증산역~구파발역),3526354,12,20250825144556,http://tong.visitkorea.or.kr/cms/resource/15/3526215_image2_1.jpg,http://tong.visitkorea.or.kr/cms/resource/15/3526215_image3_1.jpg,126.9082130950,37.5822539377,20250825144622,,[서울둘레길 16코스] 봉산·앵봉산코스,03505,11,380,VE,VE04,VE040300
서울특별시 은평구 진관2로 지하15-25 (진관동),구파발역~북한산생태공원,3526376,12,20250825144909,http://tong.visitkorea.or.kr/cms/resource/41/3526241_image2_1.jpg,http://tong.visitkorea.or.kr/cms/resource/41/3526241_image3_1.jpg,126.9187605870,37.6368949937,20250825144928,,[서울둘레길 17코스] 북한산 은평코스,03306,11,380,VE,VE04,VE040300
서울특별시 은평구 불광동,(북한산생태공원~형제봉 입구),3526384,12,20250825150532,http://tong.visitkorea.or.kr/cms/resource/43/3526243_image2_1.jpg,http://tong.visitkorea.or.kr/cms/resource/43/3526243_image3_1.jpg,126.9412148296,37.6109539693,20250825150544,,[서울둘레길 18코스] 북한산 종로코스,03337,11,380,VE,VE04,VE040300
서울특별시 종로구 평창동,(형제봉 입구~화계사 입구),3526391,12,20250825150714,http://tong.visitkorea.or.kr/cms/resource/71/3526271_image2_1.jpg,http://tong.visitkorea.or.kr/cms/resource/71/3526271_image3_1.jpg,126.9819138412,37.6128544782,20250825150733,,[서울둘레길 19코스] 북한산 성북코스,03011,11,110,VE,VE04,VE040300
서울특별시 강북구 화계사길 117 (수유동),화계사 입구~북한산우이역,3526413,12,20250825151221,http://tong.visitkorea.or.kr/cms/resource/67/3526267_image2_1.jpg,http://tong.visitkorea.or.kr/cms/resource/67/3526267_image3_1.jpg,127.0073331880,37.6324804306,20250825151232,,[서울둘레길 20코스] 북한산 강북코스,01095,11,305,VE,VE04,VE040300
서울특별시 강북구 삼양로 지하676 (우이동),북한산우이역~도봉산역,3526434,12,20250825151452,http://tong.visitkorea.or.kr/cms/resource/93/3526293_image2_1.jpg,http://tong.visitkorea.or.kr/cms/resource/93/3526293_image3_1.jpg,127.0128873657,37.6630825267,20250825151509,,[서울둘레길 21코스] 북한산 도봉코스,01001,11,305,VE,VE04,VE040300
서울특별시 노원구 상계동,(상계동 나들이 철쭉동산~화랑대역),3526326,12,20250825135606,http://tong.visitkorea.or.kr/cms/resource/22/3526122_image2_1.jpg,http://tong.visitkorea.or.kr/cms/resource/22/3526122_image3_1.jpg,127.0835168840,37.6683526323,20250825135729,,[서울둘레길 3코스] 불암산코스,01633,11,350,VE,VE04,VE040300
서울특별시 강남구 광평로 지하270 (수서동),수서역~매헌시민의숲(양재시민의숲역),3526328,12,20250825140647,http://tong.visitkorea.or.kr/cms/resource/39/3526139_image2_1.jpg,http://tong.visitkorea.or.kr/cms/resource/39/3526139_image3_1.jpg,127.1018703631,37.4874406501,20250825140936,,[서울둘레길 9코스] 대모·구룡산코스,06362,11,680,VE,VE04,VE040300
