지역,날짜,시간,항목,값

강남구,20251103,1200,TMP,10
강남구,20251103,1200,WSD,0.7
강남구,20251103,1200,PCP,강수없음
강남구,20251103,1300,TMP,11
강남구,20251103,1300,WSD,0.8
강남구,20251103,1300,PCP,강수없음
강남구,20251103,1400,TMP,12
강남구,20251103,1400,WSD,0.9
강남구,20251103,1400,PCP,강수없음

강남구,20251103,1500,TMP,12
강남구,20251103,1500,WSD,0.8
강남구,20251103,1500,PCP,강수없음
강남구,20251103,1600,TMP,12
강남구,20251103,1600,WSD,0.5
강남구,20251103,1600,PCP,강수없음
강남구,20251103,1700,TMP,12
강남구,20251103,1700,WSD,0.3
강남구,20251103,1700,PCP,강수없음
강남구,20251103,1800,TMP,10
강남구,20251103,1800,WSD,0.3
강남구,20251103,1800,PCP,강수없음
강남구,20251103,1900,TMP,10
강남구,20251103,1900,WSD,0.1
강남구,20251103,1900,PCP,강수없음
강남구,20251103,2000,TMP,9
강남구,20251103,2000,WSD,0.7
강남구,20251103,2000,PCP,강수없음
강남구,20251103,2100,TMP,9
강남구,20251103,2100,WSD,0.4
강남구,20251103,2100,PCP,강수없음
강남구,20251103,2200,TMP,8
강남구,20251103,2200,WSD,0.5
강남구,20251103,2200,PCP,강수없음
강남구,20251103,2300,TMP,8
강남구,20251103,2300,WSD,0.5
강남구,20251103,2300,PCP,강수없음
강남구,20251104,0000,TMP,8
강남구,20251104,0000,WSD,0.3
강남구,20251104,0000,PCP,강수없음
강남구,20251104,0100,TMP,7
강남구,20251104,0100,WSD,0.5
강남구,20251104,0100,PCP,강수없음
강남구,20251104,0200,TMP,7
강남구,20251104,0200,WSD,0.8
강남구,20251104,0200,PCP,강수없음
강남구,20251104,0300,TMP,7
강남구,20251104,0300,WSD,0.7
강남구,20251104,0300,PCP,강수없음
강남구,20251104,0400,TMP,7
강남구,20251104,0400,WSD,0.7
강남구,20251104,0400,PCP,강수없음
강남구,20251104,0500,TMP,6
강남구,20251104,0500,WSD,0.9
강남구,20251104,0500,PCP,강수없음
강남구,20251104,0600,TMP,6
강남구,20251104,0600,WSD,1
강남구,20251104,0600,PCP,강수없음
강남구,20251104,0700,TMP,6
강남구,20251104,0700,WSD,0.9
강남구,20251104,0700,PCP,강수없음
강남구,20251104,0800,TMP,7
강남구,20251104,0800,WSD,0.9
강남구,20251104,0800,PCP,강수없음
강남구,20251104,0900,TMP,9
강남구,20251104,0900,WSD,0.9
강남구,20251104,0900,PCP,강수없음
강남구,20251104,1000,TMP,11
강남구,20251104,1000,WSD,0.8
강남구,20251104,1000,PCP,강수없음
강남구,20251104,1100,TMP,13
강남구,20251104,1100,WSD,0.7
강남구,20251104,1100,PCP,강수없음
강남구,20251104,1200,TMP,14
강남구,20251104,1200,WSD,0.4
강남구,20251104,1200,PCP,강수없음
강남구,20251104,1300,TMP,15
강남구,20251104,1300,WSD,0.6
강남구,20251104,1300,PCP,강수없음
강남구,20251104,1400,TMP,15
강남구,20251104,1400,WSD,0.9
강남구,20251104,1400,PCP,강수없음
강남구,20251104,1500,TMP,15
강남구,20251104,1500,WSD,1.1
강남구,20251104,1500,PCP,강수없음
강남구,20251104,1600,TMP,15
강남구,20251104,1600,WSD,1.2
강남구,20251104,1600,PCP,강수없음
강남구,20251104,1700,TMP,14
강남구,20251104,1700,WSD,1.3
강남구,20251104,1700,PCP,강수없음
강남구,20251104,1800,TMP,13
강남구,20251104,1800,WSD,1.5
강남구,20251104,1800,PCP,강수없음
강남구,20251104,1900,TMP,12
강남구,20251104,1900,WSD,1.5
강남구,20251104,1900,PCP,강수없음
강남구,20251104,2000,TMP,12
강남구,20251104,2000,WSD,1
강남구,20251104,2000,PCP,강수없음
강남구,20251104,2100,TMP,11
강남구,20251104,2100,WSD,0.8
강남구,20251104,2100,PCP,강수없음
강남구,20251104,2200,TMP,10
강남구,20251104,2200,WSD,0.7
강남구,20251104,2200,PCP,강수없음
강남구,20251104,2300,TMP,10
강남구,20251104,2300,WSD,0.5
강남구,20251104,2300,PCP,강수없음
강남구,20251105,0000,TMP,9
강남구,20251105,0000,WSD,0.7
강남구,20251105,0000,PCP,강수없음
강남구,20251105,0100,TMP,9
강남구,20251105,0100,WSD,0.9
강남구,20251105,0100,PCP,강수없음
강남구,20251105,0200,TMP,8
강남구,20251105,0200,WSD,0.9
강남구,20251105,0200,PCP,강수없음
강남구,20251105,0300,TMP,8
강남구,20251105,0300,WSD,1.1
강남구,20251105,0300,PCP,강수없음
강남구,20251105,0400,TMP,8
강남구,20251105,0400,WSD,0.9
강남구,20251105,0400,PCP,강수없음
강남구,20251105,0500,TMP,7
강남구,20251105,0500,WSD,0.9
강남구,20251105,0500,PCP,강수없음
강남구,20251105,0600,TMP,7
강남구,20251105,0600,WSD,1
강남구,20251105,0600,PCP,강수없음
강남구,20251105,0700,TMP,7
강남구,20251105,0700,WSD,0.9
강남구,20251105,0700,PCP,강수없음
강남구,20251105,0800,TMP,8
강남구,20251105,0800,WSD,1.2
강남구,20251105,0800,PCP,강수없음
강남구,20251105,0900,TMP,10
강남구,20251105,0900,WSD,1.5
강남구,20251105,0900,PCP,강수없음
강남구,20251105,1000,TMP,12
강남구,20251105,1000,WSD,1.6
강남구,20251105,1000,PCP,강수없음
강남구,20251105,1100,TMP,14
강남구,20251105,1100,WSD,1.4
강남구,20251105,1100,PCP,강수없음
강남구,20251105,1200,TMP,15
강남구,20251105,1200,WSD,1.2
강남구,20251105,1200,PCP,강수없음
강남구,20251105,1300,TMP,17
강남구,20251105,1300,WSD,1.2
강남구,20251105,1300,PCP,강수없음
강남구,20251105,1400,TMP,18
강남구,20251105,1400,WSD,1.5
강남구,20251105,1400,PCP,강수없음
강남구,20251105,1500,TMP,18
강남구,20251105,1500,WSD,1.5
강남구,20251105,1500,PCP,강수없음
강남구,20251105,1600,TMP,18
강남구,20251105,1600,WSD,1.2
강남구,20251105,1600,PCP,강수없음
강남구,20251105,1700,TMP,17
강남구,20251105,1700,WSD,0.9
강남구,20251105,1700,PCP,강수없음
강남구,20251105,1800,TMP,16
강남구,20251105,1800,WSD,0.8
강남구,20251105,1800,PCP,강수없음
강남구,20251105,1900,TMP,15
강남구,20251105,1900,WSD,0.7
강남구,20251105,1900,PCP,강수없음
강남구,20251105,2000,TMP,15
강남구,20251105,2000,WSD,1
강남구,20251105,2000,PCP,강수없음
강남구,20251105,2100,TMP,14
강남구,20251105,2100,WSD,1.1
강남구,20251105,2100,PCP,강수없음
강남구,20251105,2200,TMP,13
강남구,20251105,2200,WSD,1.3
강남구,20251105,2200,PCP,강수없음
강남구,20251105,2300,TMP,13
강남구,20251105,2300,WSD,1.5
강남구,20251105,2300,PCP,강수없음
<<<<<<< HEAD
=======
강동구,20251103,1200,TMP,10
강동구,20251103,1200,WSD,0.7
강동구,20251103,1200,PCP,강수없음
강동구,20251103,1300,TMP,11
강동구,20251103,1300,WSD,0.9
강동구,20251103,1300,PCP,강수없음
강동구,20251103,1400,TMP,12
강동구,20251103,1400,WSD,1
강동구,20251103,1400,PCP,강수없음
>>>>>>> dev
강동구,20251103,1500,TMP,13
강동구,20251103,1500,WSD,0.9
강동구,20251103,1500,PCP,강수없음
강동구,20251103,1600,TMP,13
강동구,20251103,1600,WSD,0.6
강동구,20251103,1600,PCP,강수없음
강동구,20251103,1700,TMP,12
강동구,20251103,1700,WSD,0.3
강동구,20251103,1700,PCP,강수없음
강동구,20251103,1800,TMP,11
강동구,20251103,1800,WSD,0.3
강동구,20251103,1800,PCP,강수없음
강동구,20251103,1900,TMP,10
강동구,20251103,1900,WSD,0.1
강동구,20251103,1900,PCP,강수없음
강동구,20251103,2000,TMP,10
강동구,20251103,2000,WSD,0.7
강동구,20251103,2000,PCP,강수없음
강동구,20251103,2100,TMP,9
강동구,20251103,2100,WSD,0.4
강동구,20251103,2100,PCP,강수없음
강동구,20251103,2200,TMP,8
강동구,20251103,2200,WSD,0.5
강동구,20251103,2200,PCP,강수없음
강동구,20251103,2300,TMP,8
강동구,20251103,2300,WSD,0.5
강동구,20251103,2300,PCP,강수없음
강동구,20251104,0000,TMP,7
강동구,20251104,0000,WSD,0.3
강동구,20251104,0000,PCP,강수없음
강동구,20251104,0100,TMP,7
강동구,20251104,0100,WSD,0.5
강동구,20251104,0100,PCP,강수없음
강동구,20251104,0200,TMP,7
강동구,20251104,0200,WSD,0.7
강동구,20251104,0200,PCP,강수없음
강동구,20251104,0300,TMP,6
강동구,20251104,0300,WSD,0.7
강동구,20251104,0300,PCP,강수없음
강동구,20251104,0400,TMP,6
강동구,20251104,0400,WSD,0.7
강동구,20251104,0400,PCP,강수없음
강동구,20251104,0500,TMP,6
강동구,20251104,0500,WSD,0.9
강동구,20251104,0500,PCP,강수없음
강동구,20251104,0600,TMP,6
강동구,20251104,0600,WSD,1
강동구,20251104,0600,PCP,강수없음
강동구,20251104,0700,TMP,6
강동구,20251104,0700,WSD,1
강동구,20251104,0700,PCP,강수없음
강동구,20251104,0800,TMP,7
강동구,20251104,0800,WSD,0.9
강동구,20251104,0800,PCP,강수없음
강동구,20251104,0900,TMP,9
강동구,20251104,0900,WSD,0.9
강동구,20251104,0900,PCP,강수없음
강동구,20251104,1000,TMP,11
강동구,20251104,1000,WSD,0.8
강동구,20251104,1000,PCP,강수없음
강동구,20251104,1100,TMP,13
강동구,20251104,1100,WSD,0.6
강동구,20251104,1100,PCP,강수없음
강동구,20251104,1200,TMP,14
강동구,20251104,1200,WSD,0.3
강동구,20251104,1200,PCP,강수없음
강동구,20251104,1300,TMP,15
강동구,20251104,1300,WSD,0.5
강동구,20251104,1300,PCP,강수없음
강동구,20251104,1400,TMP,15
강동구,20251104,1400,WSD,1
강동구,20251104,1400,PCP,강수없음
강동구,20251104,1500,TMP,15
강동구,20251104,1500,WSD,1.2
강동구,20251104,1500,PCP,강수없음
강동구,20251104,1600,TMP,15
강동구,20251104,1600,WSD,1.3
강동구,20251104,1600,PCP,강수없음
강동구,20251104,1700,TMP,15
강동구,20251104,1700,WSD,1.3
강동구,20251104,1700,PCP,강수없음
강동구,20251104,1800,TMP,13
강동구,20251104,1800,WSD,1.2
강동구,20251104,1800,PCP,강수없음
강동구,20251104,1900,TMP,12
강동구,20251104,1900,WSD,1.3
강동구,20251104,1900,PCP,강수없음
강동구,20251104,2000,TMP,12
강동구,20251104,2000,WSD,1
강동구,20251104,2000,PCP,강수없음
강동구,20251104,2100,TMP,11
강동구,20251104,2100,WSD,0.9
강동구,20251104,2100,PCP,강수없음
강동구,20251104,2200,TMP,10
강동구,20251104,2200,WSD,0.6
강동구,20251104,2200,PCP,강수없음
강동구,20251104,2300,TMP,9
강동구,20251104,2300,WSD,0.5
강동구,20251104,2300,PCP,강수없음
강동구,20251105,0000,TMP,9
강동구,20251105,0000,WSD,0.6
강동구,20251105,0000,PCP,강수없음
강동구,20251105,0100,TMP,8
강동구,20251105,0100,WSD,1
강동구,20251105,0100,PCP,강수없음
강동구,20251105,0200,TMP,8
강동구,20251105,0200,WSD,1.1
강동구,20251105,0200,PCP,강수없음
강동구,20251105,0300,TMP,8
강동구,20251105,0300,WSD,1.1
강동구,20251105,0300,PCP,강수없음
강동구,20251105,0400,TMP,7
강동구,20251105,0400,WSD,1.1
강동구,20251105,0400,PCP,강수없음
강동구,20251105,0500,TMP,7
강동구,20251105,0500,WSD,1.1
강동구,20251105,0500,PCP,강수없음
강동구,20251105,0600,TMP,7
강동구,20251105,0600,WSD,1.1
강동구,20251105,0600,PCP,강수없음
강동구,20251105,0700,TMP,6
강동구,20251105,0700,WSD,1.1
강동구,20251105,0700,PCP,강수없음
강동구,20251105,0800,TMP,7
강동구,20251105,0800,WSD,1.3
강동구,20251105,0800,PCP,강수없음
강동구,20251105,0900,TMP,10
강동구,20251105,0900,WSD,1.6
강동구,20251105,0900,PCP,강수없음
강동구,20251105,1000,TMP,12
강동구,20251105,1000,WSD,1.5
강동구,20251105,1000,PCP,강수없음
강동구,20251105,1100,TMP,14
강동구,20251105,1100,WSD,1.4
강동구,20251105,1100,PCP,강수없음
강동구,20251105,1200,TMP,16
강동구,20251105,1200,WSD,1.2
강동구,20251105,1200,PCP,강수없음
강동구,20251105,1300,TMP,17
강동구,20251105,1300,WSD,1.2
강동구,20251105,1300,PCP,강수없음
강동구,20251105,1400,TMP,18
강동구,20251105,1400,WSD,1.4
강동구,20251105,1400,PCP,강수없음
강동구,20251105,1500,TMP,18
강동구,20251105,1500,WSD,1.5
강동구,20251105,1500,PCP,강수없음
강동구,20251105,1600,TMP,18
강동구,20251105,1600,WSD,1.1
강동구,20251105,1600,PCP,강수없음
강동구,20251105,1700,TMP,17
강동구,20251105,1700,WSD,0.8
강동구,20251105,1700,PCP,강수없음
강동구,20251105,1800,TMP,16
강동구,20251105,1800,WSD,0.6
강동구,20251105,1800,PCP,강수없음
강동구,20251105,1900,TMP,15
강동구,20251105,1900,WSD,0.6
강동구,20251105,1900,PCP,강수없음
강동구,20251105,2000,TMP,15
강동구,20251105,2000,WSD,1
강동구,20251105,2000,PCP,강수없음
강동구,20251105,2100,TMP,14
강동구,20251105,2100,WSD,1.1
강동구,20251105,2100,PCP,강수없음
강동구,20251105,2200,TMP,13
강동구,20251105,2200,WSD,1.5
강동구,20251105,2200,PCP,강수없음
강동구,20251105,2300,TMP,12
강동구,20251105,2300,WSD,1.6
강동구,20251105,2300,PCP,강수없음
<<<<<<< HEAD
=======
강북구,20251103,1200,TMP,10
강북구,20251103,1200,WSD,0.4
강북구,20251103,1200,PCP,강수없음
강북구,20251103,1300,TMP,12
강북구,20251103,1300,WSD,0.6
강북구,20251103,1300,PCP,강수없음
강북구,20251103,1400,TMP,12
강북구,20251103,1400,WSD,0.8
강북구,20251103,1400,PCP,강수없음
>>>>>>> dev
강북구,20251103,1500,TMP,13
강북구,20251103,1500,WSD,0.8
강북구,20251103,1500,PCP,강수없음
강북구,20251103,1600,TMP,12
강북구,20251103,1600,WSD,0.7
강북구,20251103,1600,PCP,강수없음
강북구,20251103,1700,TMP,10
강북구,20251103,1700,WSD,0.5
강북구,20251103,1700,PCP,강수없음
강북구,20251103,1800,TMP,9
강북구,20251103,1800,WSD,0.2
강북구,20251103,1800,PCP,강수없음
강북구,20251103,1900,TMP,8
강북구,20251103,1900,WSD,0.4
강북구,20251103,1900,PCP,강수없음
강북구,20251103,2000,TMP,6
강북구,20251103,2000,WSD,0.6
강북구,20251103,2000,PCP,강수없음
강북구,20251103,2100,TMP,6
강북구,20251103,2100,WSD,0.4
강북구,20251103,2100,PCP,강수없음
강북구,20251103,2200,TMP,5
강북구,20251103,2200,WSD,0.6
강북구,20251103,2200,PCP,강수없음
강북구,20251103,2300,TMP,5
강북구,20251103,2300,WSD,1
강북구,20251103,2300,PCP,강수없음
강북구,20251104,0000,TMP,4
강북구,20251104,0000,WSD,0.7
강북구,20251104,0000,PCP,강수없음
강북구,20251104,0100,TMP,4
강북구,20251104,0100,WSD,0.7
강북구,20251104,0100,PCP,강수없음
강북구,20251104,0200,TMP,4
강북구,20251104,0200,WSD,1
강북구,20251104,0200,PCP,강수없음
강북구,20251104,0300,TMP,4
강북구,20251104,0300,WSD,1.1
강북구,20251104,0300,PCP,강수없음
강북구,20251104,0400,TMP,4
강북구,20251104,0400,WSD,1.1
강북구,20251104,0400,PCP,강수없음
강북구,20251104,0500,TMP,4
강북구,20251104,0500,WSD,1.3
강북구,20251104,0500,PCP,강수없음
강북구,20251104,0600,TMP,4
강북구,20251104,0600,WSD,1.2
강북구,20251104,0600,PCP,강수없음
강북구,20251104,0700,TMP,4
강북구,20251104,0700,WSD,1.1
강북구,20251104,0700,PCP,강수없음
강북구,20251104,0800,TMP,4
강북구,20251104,0800,WSD,1
강북구,20251104,0800,PCP,강수없음
강북구,20251104,0900,TMP,7
강북구,20251104,0900,WSD,0.9
강북구,20251104,0900,PCP,강수없음
강북구,20251104,1000,TMP,10
강북구,20251104,1000,WSD,0.5
강북구,20251104,1000,PCP,강수없음
강북구,20251104,1100,TMP,12
강북구,20251104,1100,WSD,0.3
강북구,20251104,1100,PCP,강수없음
강북구,20251104,1200,TMP,13
강북구,20251104,1200,WSD,0.1
강북구,20251104,1200,PCP,강수없음
강북구,20251104,1300,TMP,14
강북구,20251104,1300,WSD,0.8
강북구,20251104,1300,PCP,강수없음
강북구,20251104,1400,TMP,15
강북구,20251104,1400,WSD,1.6
강북구,20251104,1400,PCP,강수없음
강북구,20251104,1500,TMP,15
강북구,20251104,1500,WSD,1.5
강북구,20251104,1500,PCP,강수없음
강북구,20251104,1600,TMP,14
강북구,20251104,1600,WSD,1.4
강북구,20251104,1600,PCP,강수없음
강북구,20251104,1700,TMP,12
강북구,20251104,1700,WSD,1.4
강북구,20251104,1700,PCP,강수없음
강북구,20251104,1800,TMP,10
강북구,20251104,1800,WSD,1.2
강북구,20251104,1800,PCP,강수없음
강북구,20251104,1900,TMP,9
강북구,20251104,1900,WSD,1
강북구,20251104,1900,PCP,강수없음
강북구,20251104,2000,TMP,8
강북구,20251104,2000,WSD,0.8
강북구,20251104,2000,PCP,강수없음
강북구,20251104,2100,TMP,8
강북구,20251104,2100,WSD,0.9
강북구,20251104,2100,PCP,강수없음
강북구,20251104,2200,TMP,7
강북구,20251104,2200,WSD,0.9
강북구,20251104,2200,PCP,강수없음
강북구,20251104,2300,TMP,7
강북구,20251104,2300,WSD,1.1
강북구,20251104,2300,PCP,강수없음
강북구,20251105,0000,TMP,6
강북구,20251105,0000,WSD,1.1
강북구,20251105,0000,PCP,강수없음
강북구,20251105,0100,TMP,6
강북구,20251105,0100,WSD,1.3
강북구,20251105,0100,PCP,강수없음
강북구,20251105,0200,TMP,5
강북구,20251105,0200,WSD,1.3
강북구,20251105,0200,PCP,강수없음
강북구,20251105,0300,TMP,5
강북구,20251105,0300,WSD,1.4
강북구,20251105,0300,PCP,강수없음
강북구,20251105,0400,TMP,5
강북구,20251105,0400,WSD,1.4
강북구,20251105,0400,PCP,강수없음
강북구,20251105,0500,TMP,4
강북구,20251105,0500,WSD,1.4
강북구,20251105,0500,PCP,강수없음
강북구,20251105,0600,TMP,4
강북구,20251105,0600,WSD,1.2
강북구,20251105,0600,PCP,강수없음
강북구,20251105,0700,TMP,4
강북구,20251105,0700,WSD,1.2
강북구,20251105,0700,PCP,강수없음
강북구,20251105,0800,TMP,4
강북구,20251105,0800,WSD,1.2
강북구,20251105,0800,PCP,강수없음
강북구,20251105,0900,TMP,8
강북구,20251105,0900,WSD,1.5
강북구,20251105,0900,PCP,강수없음
강북구,20251105,1000,TMP,11
강북구,20251105,1000,WSD,1.4
강북구,20251105,1000,PCP,강수없음
강북구,20251105,1100,TMP,14
강북구,20251105,1100,WSD,1.2
강북구,20251105,1100,PCP,강수없음
강북구,20251105,1200,TMP,16
강북구,20251105,1200,WSD,0.9
강북구,20251105,1200,PCP,강수없음
강북구,20251105,1300,TMP,17
강북구,20251105,1300,WSD,0.8
강북구,20251105,1300,PCP,강수없음
강북구,20251105,1400,TMP,18
강북구,20251105,1400,WSD,1.1
강북구,20251105,1400,PCP,강수없음
강북구,20251105,1500,TMP,18
강북구,20251105,1500,WSD,1.6
강북구,20251105,1500,PCP,강수없음
강북구,20251105,1600,TMP,17
강북구,20251105,1600,WSD,1.5
강북구,20251105,1600,PCP,강수없음
강북구,20251105,1700,TMP,16
강북구,20251105,1700,WSD,1
강북구,20251105,1700,PCP,강수없음
강북구,20251105,1800,TMP,14
강북구,20251105,1800,WSD,1
강북구,20251105,1800,PCP,강수없음
강북구,20251105,1900,TMP,13
강북구,20251105,1900,WSD,1.1
강북구,20251105,1900,PCP,강수없음
강북구,20251105,2000,TMP,12
강북구,20251105,2000,WSD,1.1
강북구,20251105,2000,PCP,강수없음
강북구,20251105,2100,TMP,11
강북구,20251105,2100,WSD,1.4
강북구,20251105,2100,PCP,강수없음
강북구,20251105,2200,TMP,10
강북구,20251105,2200,WSD,1.8
강북구,20251105,2200,PCP,강수없음
강북구,20251105,2300,TMP,10
강북구,20251105,2300,WSD,1.8
강북구,20251105,2300,PCP,강수없음
<<<<<<< HEAD
=======
강서구,20251103,1200,TMP,10
강서구,20251103,1200,WSD,0.7
강서구,20251103,1200,PCP,강수없음
강서구,20251103,1300,TMP,11
강서구,20251103,1300,WSD,0.4
강서구,20251103,1300,PCP,강수없음
강서구,20251103,1400,TMP,12
강서구,20251103,1400,WSD,0.1
강서구,20251103,1400,PCP,강수없음
>>>>>>> dev
강서구,20251103,1500,TMP,12
강서구,20251103,1500,WSD,0.3
강서구,20251103,1500,PCP,강수없음
강서구,20251103,1600,TMP,12
강서구,20251103,1600,WSD,0.2
강서구,20251103,1600,PCP,강수없음
강서구,20251103,1700,TMP,10
강서구,20251103,1700,WSD,0.2
강서구,20251103,1700,PCP,강수없음
강서구,20251103,1800,TMP,9
강서구,20251103,1800,WSD,0.2
강서구,20251103,1800,PCP,강수없음
강서구,20251103,1900,TMP,8
강서구,20251103,1900,WSD,0.6
강서구,20251103,1900,PCP,강수없음
강서구,20251103,2000,TMP,7
강서구,20251103,2000,WSD,0.5
강서구,20251103,2000,PCP,강수없음
강서구,20251103,2100,TMP,7
강서구,20251103,2100,WSD,0.4
강서구,20251103,2100,PCP,강수없음
강서구,20251103,2200,TMP,6
강서구,20251103,2200,WSD,0.6
강서구,20251103,2200,PCP,강수없음
강서구,20251103,2300,TMP,6
강서구,20251103,2300,WSD,0.9
강서구,20251103,2300,PCP,강수없음
강서구,20251104,0000,TMP,5
강서구,20251104,0000,WSD,0.6
강서구,20251104,0000,PCP,강수없음
강서구,20251104,0100,TMP,5
강서구,20251104,0100,WSD,0.6
강서구,20251104,0100,PCP,강수없음
강서구,20251104,0200,TMP,5
강서구,20251104,0200,WSD,1.1
강서구,20251104,0200,PCP,강수없음
강서구,20251104,0300,TMP,5
강서구,20251104,0300,WSD,1.2
강서구,20251104,0300,PCP,강수없음
강서구,20251104,0400,TMP,5
강서구,20251104,0400,WSD,1.2
강서구,20251104,0400,PCP,강수없음
강서구,20251104,0500,TMP,5
강서구,20251104,0500,WSD,1.3
강서구,20251104,0500,PCP,강수없음
강서구,20251104,0600,TMP,5
강서구,20251104,0600,WSD,1.4
강서구,20251104,0600,PCP,강수없음
강서구,20251104,0700,TMP,5
강서구,20251104,0700,WSD,1.3
강서구,20251104,0700,PCP,강수없음
강서구,20251104,0800,TMP,6
강서구,20251104,0800,WSD,1.2
강서구,20251104,0800,PCP,강수없음
강서구,20251104,0900,TMP,9
강서구,20251104,0900,WSD,1.1
강서구,20251104,0900,PCP,강수없음
강서구,20251104,1000,TMP,11
강서구,20251104,1000,WSD,0.9
강서구,20251104,1000,PCP,강수없음
강서구,20251104,1100,TMP,13
강서구,20251104,1100,WSD,1.1
강서구,20251104,1100,PCP,강수없음
강서구,20251104,1200,TMP,14
강서구,20251104,1200,WSD,0.9
강서구,20251104,1200,PCP,강수없음
강서구,20251104,1300,TMP,15
강서구,20251104,1300,WSD,0.6
강서구,20251104,1300,PCP,강수없음
강서구,20251104,1400,TMP,15
강서구,20251104,1400,WSD,0.3
강서구,20251104,1400,PCP,강수없음
강서구,20251104,1500,TMP,15
강서구,20251104,1500,WSD,0.6
강서구,20251104,1500,PCP,강수없음
강서구,20251104,1600,TMP,14
강서구,20251104,1600,WSD,1.3
강서구,20251104,1600,PCP,강수없음
강서구,20251104,1700,TMP,13
강서구,20251104,1700,WSD,1.8
강서구,20251104,1700,PCP,강수없음
강서구,20251104,1800,TMP,11
강서구,20251104,1800,WSD,1.8
강서구,20251104,1800,PCP,강수없음
강서구,20251104,1900,TMP,10
강서구,20251104,1900,WSD,1.4
강서구,20251104,1900,PCP,강수없음
강서구,20251104,2000,TMP,9
강서구,20251104,2000,WSD,0.9
강서구,20251104,2000,PCP,강수없음
강서구,20251104,2100,TMP,9
강서구,20251104,2100,WSD,0.7
강서구,20251104,2100,PCP,강수없음
강서구,20251104,2200,TMP,8
강서구,20251104,2200,WSD,0.9
강서구,20251104,2200,PCP,강수없음
강서구,20251104,2300,TMP,8
강서구,20251104,2300,WSD,0.8
강서구,20251104,2300,PCP,강수없음
강서구,20251105,0000,TMP,7
강서구,20251105,0000,WSD,1
강서구,20251105,0000,PCP,강수없음
강서구,20251105,0100,TMP,7
강서구,20251105,0100,WSD,1.1
강서구,20251105,0100,PCP,강수없음
강서구,20251105,0200,TMP,6
강서구,20251105,0200,WSD,1.2
강서구,20251105,0200,PCP,강수없음
강서구,20251105,0300,TMP,6
강서구,20251105,0300,WSD,1.3
강서구,20251105,0300,PCP,강수없음
강서구,20251105,0400,TMP,6
강서구,20251105,0400,WSD,1.3
강서구,20251105,0400,PCP,강수없음
강서구,20251105,0500,TMP,5
강서구,20251105,0500,WSD,1.1
강서구,20251105,0500,PCP,강수없음
강서구,20251105,0600,TMP,5
강서구,20251105,0600,WSD,1
강서구,20251105,0600,PCP,강수없음
강서구,20251105,0700,TMP,5
강서구,20251105,0700,WSD,1.1
강서구,20251105,0700,PCP,강수없음
강서구,20251105,0800,TMP,7
강서구,20251105,0800,WSD,1.2
강서구,20251105,0800,PCP,강수없음
강서구,20251105,0900,TMP,10
강서구,20251105,0900,WSD,1.5
강서구,20251105,0900,PCP,강수없음
강서구,20251105,1000,TMP,12
강서구,20251105,1000,WSD,1.6
강서구,20251105,1000,PCP,강수없음
강서구,20251105,1100,TMP,15
강서구,20251105,1100,WSD,1.5
강서구,20251105,1100,PCP,강수없음
강서구,20251105,1200,TMP,16
강서구,20251105,1200,WSD,1.1
강서구,20251105,1200,PCP,강수없음
강서구,20251105,1300,TMP,17
강서구,20251105,1300,WSD,1.1
강서구,20251105,1300,PCP,강수없음
강서구,20251105,1400,TMP,18
강서구,20251105,1400,WSD,1.6
강서구,20251105,1400,PCP,강수없음
강서구,20251105,1500,TMP,18
강서구,20251105,1500,WSD,1.8
강서구,20251105,1500,PCP,강수없음
강서구,20251105,1600,TMP,18
강서구,20251105,1600,WSD,1.6
강서구,20251105,1600,PCP,강수없음
강서구,20251105,1700,TMP,16
강서구,20251105,1700,WSD,1
강서구,20251105,1700,PCP,강수없음
강서구,20251105,1800,TMP,14
강서구,20251105,1800,WSD,1
강서구,20251105,1800,PCP,강수없음
강서구,20251105,1900,TMP,14
강서구,20251105,1900,WSD,1.1
강서구,20251105,1900,PCP,강수없음
강서구,20251105,2000,TMP,13
강서구,20251105,2000,WSD,1
강서구,20251105,2000,PCP,강수없음
강서구,20251105,2100,TMP,12
강서구,20251105,2100,WSD,1.1
강서구,20251105,2100,PCP,강수없음
강서구,20251105,2200,TMP,11
강서구,20251105,2200,WSD,1.3
강서구,20251105,2200,PCP,강수없음
강서구,20251105,2300,TMP,11
강서구,20251105,2300,WSD,1.6
강서구,20251105,2300,PCP,강수없음
<<<<<<< HEAD
=======
관악구,20251103,1200,TMP,9
관악구,20251103,1200,WSD,0.6
관악구,20251103,1200,PCP,강수없음
관악구,20251103,1300,TMP,11
관악구,20251103,1300,WSD,0.5
관악구,20251103,1300,PCP,강수없음
관악구,20251103,1400,TMP,11
관악구,20251103,1400,WSD,0.9
관악구,20251103,1400,PCP,강수없음
>>>>>>> dev
관악구,20251103,1500,TMP,12
관악구,20251103,1500,WSD,0.9
관악구,20251103,1500,PCP,강수없음
관악구,20251103,1600,TMP,12
관악구,20251103,1600,WSD,0.4
관악구,20251103,1600,PCP,강수없음
관악구,20251103,1700,TMP,10
관악구,20251103,1700,WSD,0.4
관악구,20251103,1700,PCP,강수없음
관악구,20251103,1800,TMP,9
관악구,20251103,1800,WSD,0.3
관악구,20251103,1800,PCP,강수없음
관악구,20251103,1900,TMP,9
관악구,20251103,1900,WSD,0.2
관악구,20251103,1900,PCP,강수없음
관악구,20251103,2000,TMP,8
관악구,20251103,2000,WSD,0.3
관악구,20251103,2000,PCP,강수없음
관악구,20251103,2100,TMP,8
관악구,20251103,2100,WSD,0.3
관악구,20251103,2100,PCP,강수없음
관악구,20251103,2200,TMP,7
관악구,20251103,2200,WSD,0.4
관악구,20251103,2200,PCP,강수없음
관악구,20251103,2300,TMP,7
관악구,20251103,2300,WSD,0.6
관악구,20251103,2300,PCP,강수없음
관악구,20251104,0000,TMP,6
관악구,20251104,0000,WSD,0.8
관악구,20251104,0000,PCP,강수없음
관악구,20251104,0100,TMP,6
관악구,20251104,0100,WSD,0.7
관악구,20251104,0100,PCP,강수없음
관악구,20251104,0200,TMP,6
관악구,20251104,0200,WSD,0.9
관악구,20251104,0200,PCP,강수없음
관악구,20251104,0300,TMP,6
관악구,20251104,0300,WSD,0.9
관악구,20251104,0300,PCP,강수없음
관악구,20251104,0400,TMP,5
관악구,20251104,0400,WSD,0.9
관악구,20251104,0400,PCP,강수없음
관악구,20251104,0500,TMP,6
관악구,20251104,0500,WSD,1.1
관악구,20251104,0500,PCP,강수없음
관악구,20251104,0600,TMP,6
관악구,20251104,0600,WSD,1.4
관악구,20251104,0600,PCP,강수없음
관악구,20251104,0700,TMP,6
관악구,20251104,0700,WSD,1.3
관악구,20251104,0700,PCP,강수없음
관악구,20251104,0800,TMP,6
관악구,20251104,0800,WSD,1.2
관악구,20251104,0800,PCP,강수없음
관악구,20251104,0900,TMP,9
관악구,20251104,0900,WSD,1.2
관악구,20251104,0900,PCP,강수없음
관악구,20251104,1000,TMP,11
관악구,20251104,1000,WSD,1
관악구,20251104,1000,PCP,강수없음
관악구,20251104,1100,TMP,12
관악구,20251104,1100,WSD,0.6
관악구,20251104,1100,PCP,강수없음
관악구,20251104,1200,TMP,13
관악구,20251104,1200,WSD,0.2
관악구,20251104,1200,PCP,강수없음
관악구,20251104,1300,TMP,14
관악구,20251104,1300,WSD,0.6
관악구,20251104,1300,PCP,강수없음
관악구,20251104,1400,TMP,15
관악구,20251104,1400,WSD,0.9
관악구,20251104,1400,PCP,강수없음
관악구,20251104,1500,TMP,15
관악구,20251104,1500,WSD,0.9
관악구,20251104,1500,PCP,강수없음
관악구,20251104,1600,TMP,14
관악구,20251104,1600,WSD,1.1
관악구,20251104,1600,PCP,강수없음
관악구,20251104,1700,TMP,13
관악구,20251104,1700,WSD,1.2
관악구,20251104,1700,PCP,강수없음
관악구,20251104,1800,TMP,12
관악구,20251104,1800,WSD,1.7
관악구,20251104,1800,PCP,강수없음
관악구,20251104,1900,TMP,11
관악구,20251104,1900,WSD,1.6
관악구,20251104,1900,PCP,강수없음
관악구,20251104,2000,TMP,10
관악구,20251104,2000,WSD,1.1
관악구,20251104,2000,PCP,강수없음
관악구,20251104,2100,TMP,10
관악구,20251104,2100,WSD,0.8
관악구,20251104,2100,PCP,강수없음
관악구,20251104,2200,TMP,9
관악구,20251104,2200,WSD,0.8
관악구,20251104,2200,PCP,강수없음
관악구,20251104,2300,TMP,8
관악구,20251104,2300,WSD,0.8
관악구,20251104,2300,PCP,강수없음
관악구,20251105,0000,TMP,8
관악구,20251105,0000,WSD,0.7
관악구,20251105,0000,PCP,강수없음
관악구,20251105,0100,TMP,8
관악구,20251105,0100,WSD,0.9
관악구,20251105,0100,PCP,강수없음
관악구,20251105,0200,TMP,7
관악구,20251105,0200,WSD,1
관악구,20251105,0200,PCP,강수없음
관악구,20251105,0300,TMP,7
관악구,20251105,0300,WSD,1.1
관악구,20251105,0300,PCP,강수없음
관악구,20251105,0400,TMP,7
관악구,20251105,0400,WSD,0.9
관악구,20251105,0400,PCP,강수없음
관악구,20251105,0500,TMP,6
관악구,20251105,0500,WSD,0.9
관악구,20251105,0500,PCP,강수없음
관악구,20251105,0600,TMP,6
관악구,20251105,0600,WSD,1
관악구,20251105,0600,PCP,강수없음
관악구,20251105,0700,TMP,6
관악구,20251105,0700,WSD,1
관악구,20251105,0700,PCP,강수없음
관악구,20251105,0800,TMP,7
관악구,20251105,0800,WSD,1.3
관악구,20251105,0800,PCP,강수없음
관악구,20251105,0900,TMP,10
관악구,20251105,0900,WSD,1.6
관악구,20251105,0900,PCP,강수없음
관악구,20251105,1000,TMP,12
관악구,20251105,1000,WSD,1.7
관악구,20251105,1000,PCP,강수없음
관악구,20251105,1100,TMP,14
관악구,20251105,1100,WSD,1.6
관악구,20251105,1100,PCP,강수없음
관악구,20251105,1200,TMP,16
관악구,20251105,1200,WSD,1.4
관악구,20251105,1200,PCP,강수없음
관악구,20251105,1300,TMP,17
관악구,20251105,1300,WSD,1.4
관악구,20251105,1300,PCP,강수없음
관악구,20251105,1400,TMP,18
관악구,20251105,1400,WSD,1.7
관악구,20251105,1400,PCP,강수없음
관악구,20251105,1500,TMP,18
관악구,20251105,1500,WSD,1.9
관악구,20251105,1500,PCP,강수없음
관악구,20251105,1600,TMP,18
관악구,20251105,1600,WSD,1.5
관악구,20251105,1600,PCP,강수없음
관악구,20251105,1700,TMP,16
관악구,20251105,1700,WSD,0.9
관악구,20251105,1700,PCP,강수없음
관악구,20251105,1800,TMP,15
관악구,20251105,1800,WSD,0.9
관악구,20251105,1800,PCP,강수없음
관악구,20251105,1900,TMP,14
관악구,20251105,1900,WSD,0.8
관악구,20251105,1900,PCP,강수없음
관악구,20251105,2000,TMP,13
관악구,20251105,2000,WSD,1.1
관악구,20251105,2000,PCP,강수없음
관악구,20251105,2100,TMP,13
관악구,20251105,2100,WSD,1.1
관악구,20251105,2100,PCP,강수없음
관악구,20251105,2200,TMP,12
관악구,20251105,2200,WSD,1.2
관악구,20251105,2200,PCP,강수없음
관악구,20251105,2300,TMP,12
관악구,20251105,2300,WSD,1.4
관악구,20251105,2300,PCP,강수없음
<<<<<<< HEAD
=======
광진구,20251103,1200,TMP,10
광진구,20251103,1200,WSD,0.7
광진구,20251103,1200,PCP,강수없음
광진구,20251103,1300,TMP,11
광진구,20251103,1300,WSD,0.9
광진구,20251103,1300,PCP,강수없음
광진구,20251103,1400,TMP,12
광진구,20251103,1400,WSD,1
광진구,20251103,1400,PCP,강수없음
>>>>>>> dev
광진구,20251103,1500,TMP,13
광진구,20251103,1500,WSD,0.9
광진구,20251103,1500,PCP,강수없음
광진구,20251103,1600,TMP,13
광진구,20251103,1600,WSD,0.6
광진구,20251103,1600,PCP,강수없음
광진구,20251103,1700,TMP,12
광진구,20251103,1700,WSD,0.3
광진구,20251103,1700,PCP,강수없음
광진구,20251103,1800,TMP,11
광진구,20251103,1800,WSD,0.3
광진구,20251103,1800,PCP,강수없음
광진구,20251103,1900,TMP,10
광진구,20251103,1900,WSD,0.1
광진구,20251103,1900,PCP,강수없음
광진구,20251103,2000,TMP,10
광진구,20251103,2000,WSD,0.7
광진구,20251103,2000,PCP,강수없음
광진구,20251103,2100,TMP,9
광진구,20251103,2100,WSD,0.4
광진구,20251103,2100,PCP,강수없음
광진구,20251103,2200,TMP,8
광진구,20251103,2200,WSD,0.5
광진구,20251103,2200,PCP,강수없음
광진구,20251103,2300,TMP,8
광진구,20251103,2300,WSD,0.5
광진구,20251103,2300,PCP,강수없음
광진구,20251104,0000,TMP,7
광진구,20251104,0000,WSD,0.3
광진구,20251104,0000,PCP,강수없음
광진구,20251104,0100,TMP,7
광진구,20251104,0100,WSD,0.5
광진구,20251104,0100,PCP,강수없음
광진구,20251104,0200,TMP,7
광진구,20251104,0200,WSD,0.7
광진구,20251104,0200,PCP,강수없음
광진구,20251104,0300,TMP,6
광진구,20251104,0300,WSD,0.7
광진구,20251104,0300,PCP,강수없음
광진구,20251104,0400,TMP,6
광진구,20251104,0400,WSD,0.7
광진구,20251104,0400,PCP,강수없음
광진구,20251104,0500,TMP,6
광진구,20251104,0500,WSD,0.9
광진구,20251104,0500,PCP,강수없음
광진구,20251104,0600,TMP,6
광진구,20251104,0600,WSD,1
광진구,20251104,0600,PCP,강수없음
광진구,20251104,0700,TMP,6
광진구,20251104,0700,WSD,1
광진구,20251104,0700,PCP,강수없음
광진구,20251104,0800,TMP,7
광진구,20251104,0800,WSD,0.9
광진구,20251104,0800,PCP,강수없음
광진구,20251104,0900,TMP,9
광진구,20251104,0900,WSD,0.9
광진구,20251104,0900,PCP,강수없음
광진구,20251104,1000,TMP,11
광진구,20251104,1000,WSD,0.8
광진구,20251104,1000,PCP,강수없음
광진구,20251104,1100,TMP,13
광진구,20251104,1100,WSD,0.6
광진구,20251104,1100,PCP,강수없음
광진구,20251104,1200,TMP,14
광진구,20251104,1200,WSD,0.3
광진구,20251104,1200,PCP,강수없음
광진구,20251104,1300,TMP,15
광진구,20251104,1300,WSD,0.5
광진구,20251104,1300,PCP,강수없음
광진구,20251104,1400,TMP,15
광진구,20251104,1400,WSD,1
광진구,20251104,1400,PCP,강수없음
광진구,20251104,1500,TMP,15
광진구,20251104,1500,WSD,1.2
광진구,20251104,1500,PCP,강수없음
광진구,20251104,1600,TMP,15
광진구,20251104,1600,WSD,1.3
광진구,20251104,1600,PCP,강수없음
광진구,20251104,1700,TMP,15
광진구,20251104,1700,WSD,1.3
광진구,20251104,1700,PCP,강수없음
광진구,20251104,1800,TMP,13
광진구,20251104,1800,WSD,1.2
광진구,20251104,1800,PCP,강수없음
광진구,20251104,1900,TMP,12
광진구,20251104,1900,WSD,1.3
광진구,20251104,1900,PCP,강수없음
광진구,20251104,2000,TMP,12
광진구,20251104,2000,WSD,1
광진구,20251104,2000,PCP,강수없음
광진구,20251104,2100,TMP,11
광진구,20251104,2100,WSD,0.9
광진구,20251104,2100,PCP,강수없음
광진구,20251104,2200,TMP,10
광진구,20251104,2200,WSD,0.6
광진구,20251104,2200,PCP,강수없음
광진구,20251104,2300,TMP,9
광진구,20251104,2300,WSD,0.5
광진구,20251104,2300,PCP,강수없음
광진구,20251105,0000,TMP,9
광진구,20251105,0000,WSD,0.6
광진구,20251105,0000,PCP,강수없음
광진구,20251105,0100,TMP,8
광진구,20251105,0100,WSD,1
광진구,20251105,0100,PCP,강수없음
광진구,20251105,0200,TMP,8
광진구,20251105,0200,WSD,1.1
광진구,20251105,0200,PCP,강수없음
광진구,20251105,0300,TMP,8
광진구,20251105,0300,WSD,1.1
광진구,20251105,0300,PCP,강수없음
광진구,20251105,0400,TMP,7
광진구,20251105,0400,WSD,1.1
광진구,20251105,0400,PCP,강수없음
광진구,20251105,0500,TMP,7
광진구,20251105,0500,WSD,1.1
광진구,20251105,0500,PCP,강수없음
광진구,20251105,0600,TMP,7
광진구,20251105,0600,WSD,1.1
광진구,20251105,0600,PCP,강수없음
광진구,20251105,0700,TMP,6
광진구,20251105,0700,WSD,1.1
광진구,20251105,0700,PCP,강수없음
광진구,20251105,0800,TMP,7
광진구,20251105,0800,WSD,1.3
광진구,20251105,0800,PCP,강수없음
광진구,20251105,0900,TMP,10
광진구,20251105,0900,WSD,1.6
광진구,20251105,0900,PCP,강수없음
광진구,20251105,1000,TMP,12
광진구,20251105,1000,WSD,1.5
광진구,20251105,1000,PCP,강수없음
광진구,20251105,1100,TMP,14
광진구,20251105,1100,WSD,1.4
광진구,20251105,1100,PCP,강수없음
광진구,20251105,1200,TMP,16
광진구,20251105,1200,WSD,1.2
광진구,20251105,1200,PCP,강수없음
광진구,20251105,1300,TMP,17
광진구,20251105,1300,WSD,1.2
광진구,20251105,1300,PCP,강수없음
광진구,20251105,1400,TMP,18
광진구,20251105,1400,WSD,1.4
광진구,20251105,1400,PCP,강수없음
광진구,20251105,1500,TMP,18
광진구,20251105,1500,WSD,1.5
광진구,20251105,1500,PCP,강수없음
광진구,20251105,1600,TMP,18
광진구,20251105,1600,WSD,1.1
광진구,20251105,1600,PCP,강수없음
광진구,20251105,1700,TMP,17
광진구,20251105,1700,WSD,0.8
광진구,20251105,1700,PCP,강수없음
광진구,20251105,1800,TMP,16
광진구,20251105,1800,WSD,0.6
광진구,20251105,1800,PCP,강수없음
광진구,20251105,1900,TMP,15
광진구,20251105,1900,WSD,0.6
광진구,20251105,1900,PCP,강수없음
광진구,20251105,2000,TMP,15
광진구,20251105,2000,WSD,1
광진구,20251105,2000,PCP,강수없음
광진구,20251105,2100,TMP,14
광진구,20251105,2100,WSD,1.1
광진구,20251105,2100,PCP,강수없음
광진구,20251105,2200,TMP,13
광진구,20251105,2200,WSD,1.5
광진구,20251105,2200,PCP,강수없음
광진구,20251105,2300,TMP,12
광진구,20251105,2300,WSD,1.6
광진구,20251105,2300,PCP,강수없음
<<<<<<< HEAD
=======
구로구,20251103,1200,TMP,10
구로구,20251103,1200,WSD,0.8
구로구,20251103,1200,PCP,강수없음
구로구,20251103,1300,TMP,11
구로구,20251103,1300,WSD,0.5
구로구,20251103,1300,PCP,강수없음
구로구,20251103,1400,TMP,12
구로구,20251103,1400,WSD,0.7
구로구,20251103,1400,PCP,강수없음
>>>>>>> dev
구로구,20251103,1500,TMP,12
구로구,20251103,1500,WSD,0.9
구로구,20251103,1500,PCP,강수없음
구로구,20251103,1600,TMP,12
구로구,20251103,1600,WSD,0.4
구로구,20251103,1600,PCP,강수없음
구로구,20251103,1700,TMP,11
구로구,20251103,1700,WSD,0.6
구로구,20251103,1700,PCP,강수없음
구로구,20251103,1800,TMP,10
구로구,20251103,1800,WSD,0.4
구로구,20251103,1800,PCP,강수없음
구로구,20251103,1900,TMP,9
구로구,20251103,1900,WSD,0.2
구로구,20251103,1900,PCP,강수없음
구로구,20251103,2000,TMP,8
구로구,20251103,2000,WSD,0.1
구로구,20251103,2000,PCP,강수없음
구로구,20251103,2100,TMP,8
구로구,20251103,2100,WSD,0.3
구로구,20251103,2100,PCP,강수없음
구로구,20251103,2200,TMP,7
구로구,20251103,2200,WSD,0.5
구로구,20251103,2200,PCP,강수없음
구로구,20251103,2300,TMP,7
구로구,20251103,2300,WSD,0.7
구로구,20251103,2300,PCP,강수없음
구로구,20251104,0000,TMP,7
구로구,20251104,0000,WSD,0.9
구로구,20251104,0000,PCP,강수없음
구로구,20251104,0100,TMP,6
구로구,20251104,0100,WSD,0.9
구로구,20251104,0100,PCP,강수없음
구로구,20251104,0200,TMP,6
구로구,20251104,0200,WSD,1.1
구로구,20251104,0200,PCP,강수없음
구로구,20251104,0300,TMP,6
구로구,20251104,0300,WSD,1.1
구로구,20251104,0300,PCP,강수없음
구로구,20251104,0400,TMP,6
구로구,20251104,0400,WSD,1.1
구로구,20251104,0400,PCP,강수없음
구로구,20251104,0500,TMP,6
구로구,20251104,0500,WSD,1.4
구로구,20251104,0500,PCP,강수없음
구로구,20251104,0600,TMP,6
구로구,20251104,0600,WSD,1.6
구로구,20251104,0600,PCP,강수없음
구로구,20251104,0700,TMP,6
구로구,20251104,0700,WSD,1.6
구로구,20251104,0700,PCP,강수없음
구로구,20251104,0800,TMP,7
구로구,20251104,0800,WSD,1.5
구로구,20251104,0800,PCP,강수없음
구로구,20251104,0900,TMP,9
구로구,20251104,0900,WSD,1.4
구로구,20251104,0900,PCP,강수없음
구로구,20251104,1000,TMP,11
구로구,20251104,1000,WSD,1.1
구로구,20251104,1000,PCP,강수없음
구로구,20251104,1100,TMP,13
구로구,20251104,1100,WSD,0.8
구로구,20251104,1100,PCP,강수없음
구로구,20251104,1200,TMP,14
구로구,20251104,1200,WSD,0.4
구로구,20251104,1200,PCP,강수없음
구로구,20251104,1300,TMP,14
구로구,20251104,1300,WSD,0.3
구로구,20251104,1300,PCP,강수없음
구로구,20251104,1400,TMP,15
구로구,20251104,1400,WSD,0.8
구로구,20251104,1400,PCP,강수없음
구로구,20251104,1500,TMP,15
구로구,20251104,1500,WSD,0.9
구로구,20251104,1500,PCP,강수없음
구로구,20251104,1600,TMP,15
구로구,20251104,1600,WSD,1.3
구로구,20251104,1600,PCP,강수없음
구로구,20251104,1700,TMP,13
구로구,20251104,1700,WSD,1.6
구로구,20251104,1700,PCP,강수없음
구로구,20251104,1800,TMP,12
구로구,20251104,1800,WSD,1.8
구로구,20251104,1800,PCP,강수없음
구로구,20251104,1900,TMP,11
구로구,20251104,1900,WSD,1.6
구로구,20251104,1900,PCP,강수없음
구로구,20251104,2000,TMP,10
구로구,20251104,2000,WSD,1.2
구로구,20251104,2000,PCP,강수없음
구로구,20251104,2100,TMP,10
구로구,20251104,2100,WSD,0.9
구로구,20251104,2100,PCP,강수없음
구로구,20251104,2200,TMP,9
구로구,20251104,2200,WSD,1
구로구,20251104,2200,PCP,강수없음
구로구,20251104,2300,TMP,9
구로구,20251104,2300,WSD,1
구로구,20251104,2300,PCP,강수없음
구로구,20251105,0000,TMP,8
구로구,20251105,0000,WSD,1
구로구,20251105,0000,PCP,강수없음
구로구,20251105,0100,TMP,8
구로구,20251105,0100,WSD,1
구로구,20251105,0100,PCP,강수없음
구로구,20251105,0200,TMP,7
구로구,20251105,0200,WSD,1
구로구,20251105,0200,PCP,강수없음
구로구,20251105,0300,TMP,7
구로구,20251105,0300,WSD,1.1
구로구,20251105,0300,PCP,강수없음
구로구,20251105,0400,TMP,7
구로구,20251105,0400,WSD,1.1
구로구,20251105,0400,PCP,강수없음
구로구,20251105,0500,TMP,7
구로구,20251105,0500,WSD,0.9
구로구,20251105,0500,PCP,강수없음
구로구,20251105,0600,TMP,6
구로구,20251105,0600,WSD,1
구로구,20251105,0600,PCP,강수없음
구로구,20251105,0700,TMP,6
구로구,20251105,0700,WSD,1
구로구,20251105,0700,PCP,강수없음
구로구,20251105,0800,TMP,7
구로구,20251105,0800,WSD,1.3
구로구,20251105,0800,PCP,강수없음
구로구,20251105,0900,TMP,10
구로구,20251105,0900,WSD,1.6
구로구,20251105,0900,PCP,강수없음
구로구,20251105,1000,TMP,12
구로구,20251105,1000,WSD,1.7
구로구,20251105,1000,PCP,강수없음
구로구,20251105,1100,TMP,15
구로구,20251105,1100,WSD,1.6
구로구,20251105,1100,PCP,강수없음
구로구,20251105,1200,TMP,16
구로구,20251105,1200,WSD,1.3
구로구,20251105,1200,PCP,강수없음
구로구,20251105,1300,TMP,17
구로구,20251105,1300,WSD,1.3
구로구,20251105,1300,PCP,강수없음
구로구,20251105,1400,TMP,18
구로구,20251105,1400,WSD,1.8
구로구,20251105,1400,PCP,강수없음
구로구,20251105,1500,TMP,18
구로구,20251105,1500,WSD,1.9
구로구,20251105,1500,PCP,강수없음
구로구,20251105,1600,TMP,18
구로구,20251105,1600,WSD,1.5
구로구,20251105,1600,PCP,강수없음
구로구,20251105,1700,TMP,16
구로구,20251105,1700,WSD,0.9
구로구,20251105,1700,PCP,강수없음
구로구,20251105,1800,TMP,15
구로구,20251105,1800,WSD,1
구로구,20251105,1800,PCP,강수없음
구로구,20251105,1900,TMP,14
구로구,20251105,1900,WSD,1
구로구,20251105,1900,PCP,강수없음
구로구,20251105,2000,TMP,13
구로구,20251105,2000,WSD,1.1
구로구,20251105,2000,PCP,강수없음
구로구,20251105,2100,TMP,13
구로구,20251105,2100,WSD,1
구로구,20251105,2100,PCP,강수없음
구로구,20251105,2200,TMP,12
구로구,20251105,2200,WSD,1.1
구로구,20251105,2200,PCP,강수없음
구로구,20251105,2300,TMP,12
구로구,20251105,2300,WSD,1.4
구로구,20251105,2300,PCP,강수없음
<<<<<<< HEAD
=======
금천구,20251103,1200,TMP,10
금천구,20251103,1200,WSD,0.8
금천구,20251103,1200,PCP,강수없음
금천구,20251103,1300,TMP,11
금천구,20251103,1300,WSD,0.5
금천구,20251103,1300,PCP,강수없음
금천구,20251103,1400,TMP,12
금천구,20251103,1400,WSD,0.7
금천구,20251103,1400,PCP,강수없음
>>>>>>> dev
금천구,20251103,1500,TMP,12
금천구,20251103,1500,WSD,0.9
금천구,20251103,1500,PCP,강수없음
금천구,20251103,1600,TMP,12
금천구,20251103,1600,WSD,0.4
금천구,20251103,1600,PCP,강수없음
금천구,20251103,1700,TMP,11
금천구,20251103,1700,WSD,0.6
금천구,20251103,1700,PCP,강수없음
금천구,20251103,1800,TMP,10
금천구,20251103,1800,WSD,0.4
금천구,20251103,1800,PCP,강수없음
금천구,20251103,1900,TMP,9
금천구,20251103,1900,WSD,0.2
금천구,20251103,1900,PCP,강수없음
금천구,20251103,2000,TMP,8
금천구,20251103,2000,WSD,0.1
금천구,20251103,2000,PCP,강수없음
금천구,20251103,2100,TMP,8
금천구,20251103,2100,WSD,0.3
금천구,20251103,2100,PCP,강수없음
금천구,20251103,2200,TMP,7
금천구,20251103,2200,WSD,0.5
금천구,20251103,2200,PCP,강수없음
금천구,20251103,2300,TMP,7
금천구,20251103,2300,WSD,0.7
금천구,20251103,2300,PCP,강수없음
금천구,20251104,0000,TMP,7
금천구,20251104,0000,WSD,0.9
금천구,20251104,0000,PCP,강수없음
금천구,20251104,0100,TMP,6
금천구,20251104,0100,WSD,0.9
금천구,20251104,0100,PCP,강수없음
금천구,20251104,0200,TMP,6
금천구,20251104,0200,WSD,1.1
금천구,20251104,0200,PCP,강수없음
금천구,20251104,0300,TMP,6
금천구,20251104,0300,WSD,1.1
금천구,20251104,0300,PCP,강수없음
금천구,20251104,0400,TMP,6
금천구,20251104,0400,WSD,1.1
금천구,20251104,0400,PCP,강수없음
금천구,20251104,0500,TMP,6
금천구,20251104,0500,WSD,1.4
금천구,20251104,0500,PCP,강수없음
금천구,20251104,0600,TMP,6
금천구,20251104,0600,WSD,1.6
금천구,20251104,0600,PCP,강수없음
금천구,20251104,0700,TMP,6
금천구,20251104,0700,WSD,1.6
금천구,20251104,0700,PCP,강수없음
금천구,20251104,0800,TMP,7
금천구,20251104,0800,WSD,1.5
금천구,20251104,0800,PCP,강수없음
금천구,20251104,0900,TMP,9
금천구,20251104,0900,WSD,1.4
금천구,20251104,0900,PCP,강수없음
금천구,20251104,1000,TMP,11
금천구,20251104,1000,WSD,1.1
금천구,20251104,1000,PCP,강수없음
금천구,20251104,1100,TMP,13
금천구,20251104,1100,WSD,0.8
금천구,20251104,1100,PCP,강수없음
금천구,20251104,1200,TMP,14
금천구,20251104,1200,WSD,0.4
금천구,20251104,1200,PCP,강수없음
금천구,20251104,1300,TMP,14
금천구,20251104,1300,WSD,0.3
금천구,20251104,1300,PCP,강수없음
금천구,20251104,1400,TMP,15
금천구,20251104,1400,WSD,0.8
금천구,20251104,1400,PCP,강수없음
금천구,20251104,1500,TMP,15
금천구,20251104,1500,WSD,0.9
금천구,20251104,1500,PCP,강수없음
금천구,20251104,1600,TMP,15
금천구,20251104,1600,WSD,1.3
금천구,20251104,1600,PCP,강수없음
금천구,20251104,1700,TMP,13
금천구,20251104,1700,WSD,1.6
금천구,20251104,1700,PCP,강수없음
금천구,20251104,1800,TMP,12
금천구,20251104,1800,WSD,1.8
금천구,20251104,1800,PCP,강수없음
금천구,20251104,1900,TMP,11
금천구,20251104,1900,WSD,1.6
금천구,20251104,1900,PCP,강수없음
금천구,20251104,2000,TMP,10
금천구,20251104,2000,WSD,1.2
금천구,20251104,2000,PCP,강수없음
금천구,20251104,2100,TMP,10
금천구,20251104,2100,WSD,0.9
금천구,20251104,2100,PCP,강수없음
금천구,20251104,2200,TMP,9
금천구,20251104,2200,WSD,1
금천구,20251104,2200,PCP,강수없음
금천구,20251104,2300,TMP,9
금천구,20251104,2300,WSD,1
금천구,20251104,2300,PCP,강수없음
금천구,20251105,0000,TMP,8
금천구,20251105,0000,WSD,1
금천구,20251105,0000,PCP,강수없음
금천구,20251105,0100,TMP,8
금천구,20251105,0100,WSD,1
금천구,20251105,0100,PCP,강수없음
금천구,20251105,0200,TMP,7
금천구,20251105,0200,WSD,1
금천구,20251105,0200,PCP,강수없음
금천구,20251105,0300,TMP,7
금천구,20251105,0300,WSD,1.1
금천구,20251105,0300,PCP,강수없음
금천구,20251105,0400,TMP,7
금천구,20251105,0400,WSD,1.1
금천구,20251105,0400,PCP,강수없음
금천구,20251105,0500,TMP,7
금천구,20251105,0500,WSD,0.9
금천구,20251105,0500,PCP,강수없음
금천구,20251105,0600,TMP,6
금천구,20251105,0600,WSD,1
금천구,20251105,0600,PCP,강수없음
금천구,20251105,0700,TMP,6
금천구,20251105,0700,WSD,1
금천구,20251105,0700,PCP,강수없음
금천구,20251105,0800,TMP,7
금천구,20251105,0800,WSD,1.3
금천구,20251105,0800,PCP,강수없음
금천구,20251105,0900,TMP,10
금천구,20251105,0900,WSD,1.6
금천구,20251105,0900,PCP,강수없음
금천구,20251105,1000,TMP,12
금천구,20251105,1000,WSD,1.7
금천구,20251105,1000,PCP,강수없음
금천구,20251105,1100,TMP,15
금천구,20251105,1100,WSD,1.6
금천구,20251105,1100,PCP,강수없음
금천구,20251105,1200,TMP,16
금천구,20251105,1200,WSD,1.3
금천구,20251105,1200,PCP,강수없음
금천구,20251105,1300,TMP,17
금천구,20251105,1300,WSD,1.3
금천구,20251105,1300,PCP,강수없음
금천구,20251105,1400,TMP,18
금천구,20251105,1400,WSD,1.8
금천구,20251105,1400,PCP,강수없음
금천구,20251105,1500,TMP,18
금천구,20251105,1500,WSD,1.9
금천구,20251105,1500,PCP,강수없음
금천구,20251105,1600,TMP,18
금천구,20251105,1600,WSD,1.5
금천구,20251105,1600,PCP,강수없음
금천구,20251105,1700,TMP,16
금천구,20251105,1700,WSD,0.9
금천구,20251105,1700,PCP,강수없음
금천구,20251105,1800,TMP,15
금천구,20251105,1800,WSD,1
금천구,20251105,1800,PCP,강수없음
금천구,20251105,1900,TMP,14
금천구,20251105,1900,WSD,1
금천구,20251105,1900,PCP,강수없음
금천구,20251105,2000,TMP,13
금천구,20251105,2000,WSD,1.1
금천구,20251105,2000,PCP,강수없음
금천구,20251105,2100,TMP,13
금천구,20251105,2100,WSD,1
금천구,20251105,2100,PCP,강수없음
금천구,20251105,2200,TMP,12
금천구,20251105,2200,WSD,1.1
금천구,20251105,2200,PCP,강수없음
금천구,20251105,2300,TMP,12
금천구,20251105,2300,WSD,1.4
금천구,20251105,2300,PCP,강수없음
<<<<<<< HEAD
=======
노원구,20251103,1200,TMP,10
노원구,20251103,1200,WSD,0.4
노원구,20251103,1200,PCP,강수없음
노원구,20251103,1300,TMP,12
노원구,20251103,1300,WSD,0.6
노원구,20251103,1300,PCP,강수없음
노원구,20251103,1400,TMP,12
노원구,20251103,1400,WSD,0.8
노원구,20251103,1400,PCP,강수없음
>>>>>>> dev
노원구,20251103,1500,TMP,13
노원구,20251103,1500,WSD,0.8
노원구,20251103,1500,PCP,강수없음
노원구,20251103,1600,TMP,12
노원구,20251103,1600,WSD,0.7
노원구,20251103,1600,PCP,강수없음
노원구,20251103,1700,TMP,10
노원구,20251103,1700,WSD,0.5
노원구,20251103,1700,PCP,강수없음
노원구,20251103,1800,TMP,9
노원구,20251103,1800,WSD,0.2
노원구,20251103,1800,PCP,강수없음
노원구,20251103,1900,TMP,8
노원구,20251103,1900,WSD,0.4
노원구,20251103,1900,PCP,강수없음
노원구,20251103,2000,TMP,6
노원구,20251103,2000,WSD,0.6
노원구,20251103,2000,PCP,강수없음
노원구,20251103,2100,TMP,6
노원구,20251103,2100,WSD,0.4
노원구,20251103,2100,PCP,강수없음
노원구,20251103,2200,TMP,5
노원구,20251103,2200,WSD,0.6
노원구,20251103,2200,PCP,강수없음
노원구,20251103,2300,TMP,5
노원구,20251103,2300,WSD,1
노원구,20251103,2300,PCP,강수없음
노원구,20251104,0000,TMP,4
노원구,20251104,0000,WSD,0.7
노원구,20251104,0000,PCP,강수없음
노원구,20251104,0100,TMP,4
노원구,20251104,0100,WSD,0.7
노원구,20251104,0100,PCP,강수없음
노원구,20251104,0200,TMP,4
노원구,20251104,0200,WSD,1
노원구,20251104,0200,PCP,강수없음
노원구,20251104,0300,TMP,4
노원구,20251104,0300,WSD,1.1
노원구,20251104,0300,PCP,강수없음
노원구,20251104,0400,TMP,4
노원구,20251104,0400,WSD,1.1
노원구,20251104,0400,PCP,강수없음
노원구,20251104,0500,TMP,4
노원구,20251104,0500,WSD,1.3
노원구,20251104,0500,PCP,강수없음
노원구,20251104,0600,TMP,4
노원구,20251104,0600,WSD,1.2
노원구,20251104,0600,PCP,강수없음
노원구,20251104,0700,TMP,4
노원구,20251104,0700,WSD,1.1
노원구,20251104,0700,PCP,강수없음
노원구,20251104,0800,TMP,4
노원구,20251104,0800,WSD,1
노원구,20251104,0800,PCP,강수없음
노원구,20251104,0900,TMP,7
노원구,20251104,0900,WSD,0.9
노원구,20251104,0900,PCP,강수없음
노원구,20251104,1000,TMP,10
노원구,20251104,1000,WSD,0.5
노원구,20251104,1000,PCP,강수없음
노원구,20251104,1100,TMP,12
노원구,20251104,1100,WSD,0.3
노원구,20251104,1100,PCP,강수없음
노원구,20251104,1200,TMP,13
노원구,20251104,1200,WSD,0.1
노원구,20251104,1200,PCP,강수없음
노원구,20251104,1300,TMP,14
노원구,20251104,1300,WSD,0.8
노원구,20251104,1300,PCP,강수없음
노원구,20251104,1400,TMP,15
노원구,20251104,1400,WSD,1.6
노원구,20251104,1400,PCP,강수없음
노원구,20251104,1500,TMP,15
노원구,20251104,1500,WSD,1.5
노원구,20251104,1500,PCP,강수없음
노원구,20251104,1600,TMP,14
노원구,20251104,1600,WSD,1.4
노원구,20251104,1600,PCP,강수없음
노원구,20251104,1700,TMP,12
노원구,20251104,1700,WSD,1.4
노원구,20251104,1700,PCP,강수없음
노원구,20251104,1800,TMP,10
노원구,20251104,1800,WSD,1.2
노원구,20251104,1800,PCP,강수없음
노원구,20251104,1900,TMP,9
노원구,20251104,1900,WSD,1
노원구,20251104,1900,PCP,강수없음
노원구,20251104,2000,TMP,8
노원구,20251104,2000,WSD,0.8
노원구,20251104,2000,PCP,강수없음
노원구,20251104,2100,TMP,8
노원구,20251104,2100,WSD,0.9
노원구,20251104,2100,PCP,강수없음
노원구,20251104,2200,TMP,7
노원구,20251104,2200,WSD,0.9
노원구,20251104,2200,PCP,강수없음
노원구,20251104,2300,TMP,7
노원구,20251104,2300,WSD,1.1
노원구,20251104,2300,PCP,강수없음
노원구,20251105,0000,TMP,6
노원구,20251105,0000,WSD,1.1
노원구,20251105,0000,PCP,강수없음
노원구,20251105,0100,TMP,6
노원구,20251105,0100,WSD,1.3
노원구,20251105,0100,PCP,강수없음
노원구,20251105,0200,TMP,5
노원구,20251105,0200,WSD,1.3
노원구,20251105,0200,PCP,강수없음
노원구,20251105,0300,TMP,5
노원구,20251105,0300,WSD,1.4
노원구,20251105,0300,PCP,강수없음
노원구,20251105,0400,TMP,5
노원구,20251105,0400,WSD,1.4
노원구,20251105,0400,PCP,강수없음
노원구,20251105,0500,TMP,4
노원구,20251105,0500,WSD,1.4
노원구,20251105,0500,PCP,강수없음
노원구,20251105,0600,TMP,4
노원구,20251105,0600,WSD,1.2
노원구,20251105,0600,PCP,강수없음
노원구,20251105,0700,TMP,4
노원구,20251105,0700,WSD,1.2
노원구,20251105,0700,PCP,강수없음
노원구,20251105,0800,TMP,4
노원구,20251105,0800,WSD,1.2
노원구,20251105,0800,PCP,강수없음
노원구,20251105,0900,TMP,8
노원구,20251105,0900,WSD,1.5
노원구,20251105,0900,PCP,강수없음
노원구,20251105,1000,TMP,11
노원구,20251105,1000,WSD,1.4
노원구,20251105,1000,PCP,강수없음
노원구,20251105,1100,TMP,14
노원구,20251105,1100,WSD,1.2
노원구,20251105,1100,PCP,강수없음
노원구,20251105,1200,TMP,16
노원구,20251105,1200,WSD,0.9
노원구,20251105,1200,PCP,강수없음
노원구,20251105,1300,TMP,17
노원구,20251105,1300,WSD,0.8
노원구,20251105,1300,PCP,강수없음
노원구,20251105,1400,TMP,18
노원구,20251105,1400,WSD,1.1
노원구,20251105,1400,PCP,강수없음
노원구,20251105,1500,TMP,18
노원구,20251105,1500,WSD,1.6
노원구,20251105,1500,PCP,강수없음
노원구,20251105,1600,TMP,17
노원구,20251105,1600,WSD,1.5
노원구,20251105,1600,PCP,강수없음
노원구,20251105,1700,TMP,16
노원구,20251105,1700,WSD,1
노원구,20251105,1700,PCP,강수없음
노원구,20251105,1800,TMP,14
노원구,20251105,1800,WSD,1
노원구,20251105,1800,PCP,강수없음
노원구,20251105,1900,TMP,13
노원구,20251105,1900,WSD,1.1
노원구,20251105,1900,PCP,강수없음
노원구,20251105,2000,TMP,12
노원구,20251105,2000,WSD,1.1
노원구,20251105,2000,PCP,강수없음
노원구,20251105,2100,TMP,11
노원구,20251105,2100,WSD,1.4
노원구,20251105,2100,PCP,강수없음
노원구,20251105,2200,TMP,10
노원구,20251105,2200,WSD,1.8
노원구,20251105,2200,PCP,강수없음
노원구,20251105,2300,TMP,10
노원구,20251105,2300,WSD,1.8
노원구,20251105,2300,PCP,강수없음
<<<<<<< HEAD
=======
도봉구,20251103,1200,TMP,10
도봉구,20251103,1200,WSD,0.5
도봉구,20251103,1200,PCP,강수없음
도봉구,20251103,1300,TMP,11
도봉구,20251103,1300,WSD,0.5
도봉구,20251103,1300,PCP,강수없음
도봉구,20251103,1400,TMP,12
도봉구,20251103,1400,WSD,0.6
도봉구,20251103,1400,PCP,강수없음
>>>>>>> dev
도봉구,20251103,1500,TMP,12
도봉구,20251103,1500,WSD,0.8
도봉구,20251103,1500,PCP,강수없음
도봉구,20251103,1600,TMP,11
도봉구,20251103,1600,WSD,0.6
도봉구,20251103,1600,PCP,강수없음
도봉구,20251103,1700,TMP,10
도봉구,20251103,1700,WSD,0.4
도봉구,20251103,1700,PCP,강수없음
도봉구,20251103,1800,TMP,8
도봉구,20251103,1800,WSD,0.1
도봉구,20251103,1800,PCP,강수없음
도봉구,20251103,1900,TMP,7
도봉구,20251103,1900,WSD,0.3
도봉구,20251103,1900,PCP,강수없음
도봉구,20251103,2000,TMP,6
도봉구,20251103,2000,WSD,0.4
도봉구,20251103,2000,PCP,강수없음
도봉구,20251103,2100,TMP,5
도봉구,20251103,2100,WSD,0.3
도봉구,20251103,2100,PCP,강수없음
도봉구,20251103,2200,TMP,4
도봉구,20251103,2200,WSD,0.3
도봉구,20251103,2200,PCP,강수없음
도봉구,20251103,2300,TMP,4
도봉구,20251103,2300,WSD,0.6
도봉구,20251103,2300,PCP,강수없음
도봉구,20251104,0000,TMP,3
도봉구,20251104,0000,WSD,0.6
도봉구,20251104,0000,PCP,강수없음
도봉구,20251104,0100,TMP,3
도봉구,20251104,0100,WSD,0.6
도봉구,20251104,0100,PCP,강수없음
도봉구,20251104,0200,TMP,3
도봉구,20251104,0200,WSD,0.9
도봉구,20251104,0200,PCP,강수없음
도봉구,20251104,0300,TMP,3
도봉구,20251104,0300,WSD,1.1
도봉구,20251104,0300,PCP,강수없음
도봉구,20251104,0400,TMP,3
도봉구,20251104,0400,WSD,1.2
도봉구,20251104,0400,PCP,강수없음
도봉구,20251104,0500,TMP,3
도봉구,20251104,0500,WSD,1.4
도봉구,20251104,0500,PCP,강수없음
도봉구,20251104,0600,TMP,3
도봉구,20251104,0600,WSD,1.3
도봉구,20251104,0600,PCP,강수없음
도봉구,20251104,0700,TMP,3
도봉구,20251104,0700,WSD,1.2
도봉구,20251104,0700,PCP,강수없음
도봉구,20251104,0800,TMP,3
도봉구,20251104,0800,WSD,1.1
도봉구,20251104,0800,PCP,강수없음
도봉구,20251104,0900,TMP,7
도봉구,20251104,0900,WSD,0.8
도봉구,20251104,0900,PCP,강수없음
도봉구,20251104,1000,TMP,10
도봉구,20251104,1000,WSD,0.4
도봉구,20251104,1000,PCP,강수없음
도봉구,20251104,1100,TMP,12
도봉구,20251104,1100,WSD,0.3
도봉구,20251104,1100,PCP,강수없음
도봉구,20251104,1200,TMP,13
도봉구,20251104,1200,WSD,0.3
도봉구,20251104,1200,PCP,강수없음
도봉구,20251104,1300,TMP,14
도봉구,20251104,1300,WSD,1
도봉구,20251104,1300,PCP,강수없음
도봉구,20251104,1400,TMP,15
도봉구,20251104,1400,WSD,1.6
도봉구,20251104,1400,PCP,강수없음
도봉구,20251104,1500,TMP,15
도봉구,20251104,1500,WSD,1.5
도봉구,20251104,1500,PCP,강수없음
도봉구,20251104,1600,TMP,14
도봉구,20251104,1600,WSD,1.4
도봉구,20251104,1600,PCP,강수없음
도봉구,20251104,1700,TMP,12
도봉구,20251104,1700,WSD,1.6
도봉구,20251104,1700,PCP,강수없음
도봉구,20251104,1800,TMP,10
도봉구,20251104,1800,WSD,1
도봉구,20251104,1800,PCP,강수없음
도봉구,20251104,1900,TMP,9
도봉구,20251104,1900,WSD,0.7
도봉구,20251104,1900,PCP,강수없음
도봉구,20251104,2000,TMP,8
도봉구,20251104,2000,WSD,0.7
도봉구,20251104,2000,PCP,강수없음
도봉구,20251104,2100,TMP,7
도봉구,20251104,2100,WSD,0.8
도봉구,20251104,2100,PCP,강수없음
도봉구,20251104,2200,TMP,6
도봉구,20251104,2200,WSD,1
도봉구,20251104,2200,PCP,강수없음
도봉구,20251104,2300,TMP,6
도봉구,20251104,2300,WSD,1.1
도봉구,20251104,2300,PCP,강수없음
도봉구,20251105,0000,TMP,5
도봉구,20251105,0000,WSD,1.1
도봉구,20251105,0000,PCP,강수없음
도봉구,20251105,0100,TMP,5
도봉구,20251105,0100,WSD,1.2
도봉구,20251105,0100,PCP,강수없음
도봉구,20251105,0200,TMP,5
도봉구,20251105,0200,WSD,1.2
도봉구,20251105,0200,PCP,강수없음
도봉구,20251105,0300,TMP,4
도봉구,20251105,0300,WSD,1.3
도봉구,20251105,0300,PCP,강수없음
도봉구,20251105,0400,TMP,4
도봉구,20251105,0400,WSD,1.4
도봉구,20251105,0400,PCP,강수없음
도봉구,20251105,0500,TMP,4
도봉구,20251105,0500,WSD,1.4
도봉구,20251105,0500,PCP,강수없음
도봉구,20251105,0600,TMP,4
도봉구,20251105,0600,WSD,1.1
도봉구,20251105,0600,PCP,강수없음
도봉구,20251105,0700,TMP,4
도봉구,20251105,0700,WSD,1.1
도봉구,20251105,0700,PCP,강수없음
도봉구,20251105,0800,TMP,5
도봉구,20251105,0800,WSD,1.1
도봉구,20251105,0800,PCP,강수없음
도봉구,20251105,0900,TMP,8
도봉구,20251105,0900,WSD,1.5
도봉구,20251105,0900,PCP,강수없음
도봉구,20251105,1000,TMP,12
도봉구,20251105,1000,WSD,1.3
도봉구,20251105,1000,PCP,강수없음
도봉구,20251105,1100,TMP,14
도봉구,20251105,1100,WSD,1.1
도봉구,20251105,1100,PCP,강수없음
도봉구,20251105,1200,TMP,15
도봉구,20251105,1200,WSD,0.8
도봉구,20251105,1200,PCP,강수없음
도봉구,20251105,1300,TMP,17
도봉구,20251105,1300,WSD,0.6
도봉구,20251105,1300,PCP,강수없음
도봉구,20251105,1400,TMP,17
도봉구,20251105,1400,WSD,1.3
도봉구,20251105,1400,PCP,강수없음
도봉구,20251105,1500,TMP,17
도봉구,20251105,1500,WSD,1.7
도봉구,20251105,1500,PCP,강수없음
도봉구,20251105,1600,TMP,17
도봉구,20251105,1600,WSD,1.6
도봉구,20251105,1600,PCP,강수없음
도봉구,20251105,1700,TMP,15
도봉구,20251105,1700,WSD,1.1
도봉구,20251105,1700,PCP,강수없음
도봉구,20251105,1800,TMP,13
도봉구,20251105,1800,WSD,1
도봉구,20251105,1800,PCP,강수없음
도봉구,20251105,1900,TMP,11
도봉구,20251105,1900,WSD,1.1
도봉구,20251105,1900,PCP,강수없음
도봉구,20251105,2000,TMP,11
도봉구,20251105,2000,WSD,1.1
도봉구,20251105,2000,PCP,강수없음
도봉구,20251105,2100,TMP,10
도봉구,20251105,2100,WSD,1.5
도봉구,20251105,2100,PCP,강수없음
도봉구,20251105,2200,TMP,9
도봉구,20251105,2200,WSD,1.7
도봉구,20251105,2200,PCP,강수없음
도봉구,20251105,2300,TMP,9
도봉구,20251105,2300,WSD,1.7
도봉구,20251105,2300,PCP,강수없음
<<<<<<< HEAD
=======
동대문구,20251103,1200,TMP,10
동대문구,20251103,1200,WSD,0.3
동대문구,20251103,1200,PCP,강수없음
동대문구,20251103,1300,TMP,11
동대문구,20251103,1300,WSD,0.7
동대문구,20251103,1300,PCP,강수없음
동대문구,20251103,1400,TMP,12
동대문구,20251103,1400,WSD,0.9
동대문구,20251103,1400,PCP,강수없음
>>>>>>> dev
동대문구,20251103,1500,TMP,12
동대문구,20251103,1500,WSD,0.7
동대문구,20251103,1500,PCP,강수없음
동대문구,20251103,1600,TMP,13
동대문구,20251103,1600,WSD,0.6
동대문구,20251103,1600,PCP,강수없음
동대문구,20251103,1700,TMP,12
동대문구,20251103,1700,WSD,0.4
동대문구,20251103,1700,PCP,강수없음
동대문구,20251103,1800,TMP,10
동대문구,20251103,1800,WSD,0.2
동대문구,20251103,1800,PCP,강수없음
동대문구,20251103,1900,TMP,10
동대문구,20251103,1900,WSD,0.3
동대문구,20251103,1900,PCP,강수없음
동대문구,20251103,2000,TMP,9
동대문구,20251103,2000,WSD,0.6
동대문구,20251103,2000,PCP,강수없음
동대문구,20251103,2100,TMP,9
동대문구,20251103,2100,WSD,0.2
동대문구,20251103,2100,PCP,강수없음
동대문구,20251103,2200,TMP,8
동대문구,20251103,2200,WSD,0.4
동대문구,20251103,2200,PCP,강수없음
동대문구,20251103,2300,TMP,8
동대문구,20251103,2300,WSD,0.6
동대문구,20251103,2300,PCP,강수없음
동대문구,20251104,0000,TMP,7
동대문구,20251104,0000,WSD,0.4
동대문구,20251104,0000,PCP,강수없음
동대문구,20251104,0100,TMP,7
동대문구,20251104,0100,WSD,0.6
동대문구,20251104,0100,PCP,강수없음
동대문구,20251104,0200,TMP,6
동대문구,20251104,0200,WSD,0.9
동대문구,20251104,0200,PCP,강수없음
동대문구,20251104,0300,TMP,6
동대문구,20251104,0300,WSD,0.9
동대문구,20251104,0300,PCP,강수없음
동대문구,20251104,0400,TMP,6
동대문구,20251104,0400,WSD,0.9
동대문구,20251104,0400,PCP,강수없음
동대문구,20251104,0500,TMP,6
동대문구,20251104,0500,WSD,1.1
동대문구,20251104,0500,PCP,강수없음
동대문구,20251104,0600,TMP,6
동대문구,20251104,0600,WSD,1
동대문구,20251104,0600,PCP,강수없음
동대문구,20251104,0700,TMP,6
동대문구,20251104,0700,WSD,0.9
동대문구,20251104,0700,PCP,강수없음
동대문구,20251104,0800,TMP,6
동대문구,20251104,0800,WSD,0.9
동대문구,20251104,0800,PCP,강수없음
동대문구,20251104,0900,TMP,9
동대문구,20251104,0900,WSD,0.9
동대문구,20251104,0900,PCP,강수없음
동대문구,20251104,1000,TMP,10
동대문구,20251104,1000,WSD,0.7
동대문구,20251104,1000,PCP,강수없음
동대문구,20251104,1100,TMP,12
동대문구,20251104,1100,WSD,0.6
동대문구,20251104,1100,PCP,강수없음
동대문구,20251104,1200,TMP,14
동대문구,20251104,1200,WSD,0.4
동대문구,20251104,1200,PCP,강수없음
동대문구,20251104,1300,TMP,15
동대문구,20251104,1300,WSD,0.4
동대문구,20251104,1300,PCP,강수없음
동대문구,20251104,1400,TMP,15
동대문구,20251104,1400,WSD,0.9
동대문구,20251104,1400,PCP,강수없음
동대문구,20251104,1500,TMP,15
동대문구,20251104,1500,WSD,1
동대문구,20251104,1500,PCP,강수없음
동대문구,20251104,1600,TMP,15
동대문구,20251104,1600,WSD,1.1
동대문구,20251104,1600,PCP,강수없음
동대문구,20251104,1700,TMP,14
동대문구,20251104,1700,WSD,1.4
동대문구,20251104,1700,PCP,강수없음
동대문구,20251104,1800,TMP,13
동대문구,20251104,1800,WSD,1.5
동대문구,20251104,1800,PCP,강수없음
동대문구,20251104,1900,TMP,12
동대문구,20251104,1900,WSD,1.4
동대문구,20251104,1900,PCP,강수없음
동대문구,20251104,2000,TMP,11
동대문구,20251104,2000,WSD,1
동대문구,20251104,2000,PCP,강수없음
동대문구,20251104,2100,TMP,11
동대문구,20251104,2100,WSD,0.8
동대문구,20251104,2100,PCP,강수없음
동대문구,20251104,2200,TMP,10
동대문구,20251104,2200,WSD,0.7
동대문구,20251104,2200,PCP,강수없음
동대문구,20251104,2300,TMP,9
동대문구,20251104,2300,WSD,0.7
동대문구,20251104,2300,PCP,강수없음
동대문구,20251105,0000,TMP,9
동대문구,20251105,0000,WSD,0.9
동대문구,20251105,0000,PCP,강수없음
동대문구,20251105,0100,TMP,8
동대문구,20251105,0100,WSD,1
동대문구,20251105,0100,PCP,강수없음
동대문구,20251105,0200,TMP,8
동대문구,20251105,0200,WSD,1.1
동대문구,20251105,0200,PCP,강수없음
동대문구,20251105,0300,TMP,8
동대문구,20251105,0300,WSD,1.2
동대문구,20251105,0300,PCP,강수없음
동대문구,20251105,0400,TMP,7
동대문구,20251105,0400,WSD,1.2
동대문구,20251105,0400,PCP,강수없음
동대문구,20251105,0500,TMP,7
동대문구,20251105,0500,WSD,1
동대문구,20251105,0500,PCP,강수없음
동대문구,20251105,0600,TMP,7
동대문구,20251105,0600,WSD,1
동대문구,20251105,0600,PCP,강수없음
동대문구,20251105,0700,TMP,6
동대문구,20251105,0700,WSD,1
동대문구,20251105,0700,PCP,강수없음
동대문구,20251105,0800,TMP,7
동대문구,20251105,0800,WSD,1.2
동대문구,20251105,0800,PCP,강수없음
동대문구,20251105,0900,TMP,9
동대문구,20251105,0900,WSD,1.6
동대문구,20251105,0900,PCP,강수없음
동대문구,20251105,1000,TMP,11
동대문구,20251105,1000,WSD,1.6
동대문구,20251105,1000,PCP,강수없음
동대문구,20251105,1100,TMP,14
동대문구,20251105,1100,WSD,1.3
동대문구,20251105,1100,PCP,강수없음
동대문구,20251105,1200,TMP,16
동대문구,20251105,1200,WSD,1.1
동대문구,20251105,1200,PCP,강수없음
동대문구,20251105,1300,TMP,17
동대문구,20251105,1300,WSD,1
동대문구,20251105,1300,PCP,강수없음
동대문구,20251105,1400,TMP,18
동대문구,20251105,1400,WSD,1.3
동대문구,20251105,1400,PCP,강수없음
동대문구,20251105,1500,TMP,18
동대문구,20251105,1500,WSD,1.5
동대문구,20251105,1500,PCP,강수없음
동대문구,20251105,1600,TMP,18
동대문구,20251105,1600,WSD,1.2
동대문구,20251105,1600,PCP,강수없음
동대문구,20251105,1700,TMP,17
동대문구,20251105,1700,WSD,0.9
동대문구,20251105,1700,PCP,강수없음
동대문구,20251105,1800,TMP,16
동대문구,20251105,1800,WSD,0.9
동대문구,20251105,1800,PCP,강수없음
동대문구,20251105,1900,TMP,15
동대문구,20251105,1900,WSD,0.8
동대문구,20251105,1900,PCP,강수없음
동대문구,20251105,2000,TMP,15
동대문구,20251105,2000,WSD,1
동대문구,20251105,2000,PCP,강수없음
동대문구,20251105,2100,TMP,14
동대문구,20251105,2100,WSD,1.2
동대문구,20251105,2100,PCP,강수없음
동대문구,20251105,2200,TMP,13
동대문구,20251105,2200,WSD,1.6
동대문구,20251105,2200,PCP,강수없음
동대문구,20251105,2300,TMP,12
동대문구,20251105,2300,WSD,1.7
동대문구,20251105,2300,PCP,강수없음
<<<<<<< HEAD
=======
동작구,20251103,1200,TMP,9
동작구,20251103,1200,WSD,0.6
동작구,20251103,1200,PCP,강수없음
동작구,20251103,1300,TMP,11
동작구,20251103,1300,WSD,0.5
동작구,20251103,1300,PCP,강수없음
동작구,20251103,1400,TMP,11
동작구,20251103,1400,WSD,0.9
동작구,20251103,1400,PCP,강수없음
>>>>>>> dev
동작구,20251103,1500,TMP,12
동작구,20251103,1500,WSD,0.9
동작구,20251103,1500,PCP,강수없음
동작구,20251103,1600,TMP,12
동작구,20251103,1600,WSD,0.4
동작구,20251103,1600,PCP,강수없음
동작구,20251103,1700,TMP,10
동작구,20251103,1700,WSD,0.4
동작구,20251103,1700,PCP,강수없음
동작구,20251103,1800,TMP,9
동작구,20251103,1800,WSD,0.3
동작구,20251103,1800,PCP,강수없음
동작구,20251103,1900,TMP,9
동작구,20251103,1900,WSD,0.2
동작구,20251103,1900,PCP,강수없음
동작구,20251103,2000,TMP,8
동작구,20251103,2000,WSD,0.3
동작구,20251103,2000,PCP,강수없음
동작구,20251103,2100,TMP,8
동작구,20251103,2100,WSD,0.3
동작구,20251103,2100,PCP,강수없음
동작구,20251103,2200,TMP,7
동작구,20251103,2200,WSD,0.4
동작구,20251103,2200,PCP,강수없음
동작구,20251103,2300,TMP,7
동작구,20251103,2300,WSD,0.6
동작구,20251103,2300,PCP,강수없음
동작구,20251104,0000,TMP,6
동작구,20251104,0000,WSD,0.8
동작구,20251104,0000,PCP,강수없음
동작구,20251104,0100,TMP,6
동작구,20251104,0100,WSD,0.7
동작구,20251104,0100,PCP,강수없음
동작구,20251104,0200,TMP,6
동작구,20251104,0200,WSD,0.9
동작구,20251104,0200,PCP,강수없음
동작구,20251104,0300,TMP,6
동작구,20251104,0300,WSD,0.9
동작구,20251104,0300,PCP,강수없음
동작구,20251104,0400,TMP,5
동작구,20251104,0400,WSD,0.9
동작구,20251104,0400,PCP,강수없음
동작구,20251104,0500,TMP,6
동작구,20251104,0500,WSD,1.1
동작구,20251104,0500,PCP,강수없음
동작구,20251104,0600,TMP,6
동작구,20251104,0600,WSD,1.4
동작구,20251104,0600,PCP,강수없음
동작구,20251104,0700,TMP,6
동작구,20251104,0700,WSD,1.3
동작구,20251104,0700,PCP,강수없음
동작구,20251104,0800,TMP,6
동작구,20251104,0800,WSD,1.2
동작구,20251104,0800,PCP,강수없음
동작구,20251104,0900,TMP,9
동작구,20251104,0900,WSD,1.2
동작구,20251104,0900,PCP,강수없음
동작구,20251104,1000,TMP,11
동작구,20251104,1000,WSD,1
동작구,20251104,1000,PCP,강수없음
동작구,20251104,1100,TMP,12
동작구,20251104,1100,WSD,0.6
동작구,20251104,1100,PCP,강수없음
동작구,20251104,1200,TMP,13
동작구,20251104,1200,WSD,0.2
동작구,20251104,1200,PCP,강수없음
동작구,20251104,1300,TMP,14
동작구,20251104,1300,WSD,0.6
동작구,20251104,1300,PCP,강수없음
동작구,20251104,1400,TMP,15
동작구,20251104,1400,WSD,0.9
동작구,20251104,1400,PCP,강수없음
동작구,20251104,1500,TMP,15
동작구,20251104,1500,WSD,0.9
동작구,20251104,1500,PCP,강수없음
동작구,20251104,1600,TMP,14
동작구,20251104,1600,WSD,1.1
동작구,20251104,1600,PCP,강수없음
동작구,20251104,1700,TMP,13
동작구,20251104,1700,WSD,1.2
동작구,20251104,1700,PCP,강수없음
동작구,20251104,1800,TMP,12
동작구,20251104,1800,WSD,1.7
동작구,20251104,1800,PCP,강수없음
동작구,20251104,1900,TMP,11
동작구,20251104,1900,WSD,1.6
동작구,20251104,1900,PCP,강수없음
동작구,20251104,2000,TMP,10
동작구,20251104,2000,WSD,1.1
동작구,20251104,2000,PCP,강수없음
동작구,20251104,2100,TMP,10
동작구,20251104,2100,WSD,0.8
동작구,20251104,2100,PCP,강수없음
동작구,20251104,2200,TMP,9
동작구,20251104,2200,WSD,0.8
동작구,20251104,2200,PCP,강수없음
동작구,20251104,2300,TMP,8
동작구,20251104,2300,WSD,0.8
동작구,20251104,2300,PCP,강수없음
동작구,20251105,0000,TMP,8
동작구,20251105,0000,WSD,0.7
동작구,20251105,0000,PCP,강수없음
동작구,20251105,0100,TMP,8
동작구,20251105,0100,WSD,0.9
동작구,20251105,0100,PCP,강수없음
동작구,20251105,0200,TMP,7
동작구,20251105,0200,WSD,1
동작구,20251105,0200,PCP,강수없음
동작구,20251105,0300,TMP,7
동작구,20251105,0300,WSD,1.1
동작구,20251105,0300,PCP,강수없음
동작구,20251105,0400,TMP,7
동작구,20251105,0400,WSD,0.9
동작구,20251105,0400,PCP,강수없음
동작구,20251105,0500,TMP,6
동작구,20251105,0500,WSD,0.9
동작구,20251105,0500,PCP,강수없음
동작구,20251105,0600,TMP,6
동작구,20251105,0600,WSD,1
동작구,20251105,0600,PCP,강수없음
동작구,20251105,0700,TMP,6
동작구,20251105,0700,WSD,1
동작구,20251105,0700,PCP,강수없음
동작구,20251105,0800,TMP,7
동작구,20251105,0800,WSD,1.3
동작구,20251105,0800,PCP,강수없음
동작구,20251105,0900,TMP,10
동작구,20251105,0900,WSD,1.6
동작구,20251105,0900,PCP,강수없음
동작구,20251105,1000,TMP,12
동작구,20251105,1000,WSD,1.7
동작구,20251105,1000,PCP,강수없음
동작구,20251105,1100,TMP,14
동작구,20251105,1100,WSD,1.6
동작구,20251105,1100,PCP,강수없음
동작구,20251105,1200,TMP,16
동작구,20251105,1200,WSD,1.4
동작구,20251105,1200,PCP,강수없음
동작구,20251105,1300,TMP,17
동작구,20251105,1300,WSD,1.4
동작구,20251105,1300,PCP,강수없음
동작구,20251105,1400,TMP,18
동작구,20251105,1400,WSD,1.7
동작구,20251105,1400,PCP,강수없음
동작구,20251105,1500,TMP,18
동작구,20251105,1500,WSD,1.9
동작구,20251105,1500,PCP,강수없음
동작구,20251105,1600,TMP,18
동작구,20251105,1600,WSD,1.5
동작구,20251105,1600,PCP,강수없음
동작구,20251105,1700,TMP,16
동작구,20251105,1700,WSD,0.9
동작구,20251105,1700,PCP,강수없음
동작구,20251105,1800,TMP,15
동작구,20251105,1800,WSD,0.9
동작구,20251105,1800,PCP,강수없음
동작구,20251105,1900,TMP,14
동작구,20251105,1900,WSD,0.8
동작구,20251105,1900,PCP,강수없음
동작구,20251105,2000,TMP,13
동작구,20251105,2000,WSD,1.1
동작구,20251105,2000,PCP,강수없음
동작구,20251105,2100,TMP,13
동작구,20251105,2100,WSD,1.1
동작구,20251105,2100,PCP,강수없음
동작구,20251105,2200,TMP,12
동작구,20251105,2200,WSD,1.2
동작구,20251105,2200,PCP,강수없음
동작구,20251105,2300,TMP,12
동작구,20251105,2300,WSD,1.4
동작구,20251105,2300,PCP,강수없음
<<<<<<< HEAD
=======
마포구,20251103,1200,TMP,10
마포구,20251103,1200,WSD,0.5
마포구,20251103,1200,PCP,강수없음
마포구,20251103,1300,TMP,10
마포구,20251103,1300,WSD,0.2
마포구,20251103,1300,PCP,강수없음
마포구,20251103,1400,TMP,11
마포구,20251103,1400,WSD,0.2
마포구,20251103,1400,PCP,강수없음
>>>>>>> dev
마포구,20251103,1500,TMP,11
마포구,20251103,1500,WSD,0.2
마포구,20251103,1500,PCP,강수없음
마포구,20251103,1600,TMP,11
마포구,20251103,1600,WSD,0.3
마포구,20251103,1600,PCP,강수없음
마포구,20251103,1700,TMP,10
마포구,20251103,1700,WSD,0.2
마포구,20251103,1700,PCP,강수없음
마포구,20251103,1800,TMP,8
마포구,20251103,1800,WSD,0.1
마포구,20251103,1800,PCP,강수없음
마포구,20251103,1900,TMP,8
마포구,20251103,1900,WSD,0.6
마포구,20251103,1900,PCP,강수없음
마포구,20251103,2000,TMP,7
마포구,20251103,2000,WSD,0.6
마포구,20251103,2000,PCP,강수없음
마포구,20251103,2100,TMP,7
마포구,20251103,2100,WSD,0.3
마포구,20251103,2100,PCP,강수없음
마포구,20251103,2200,TMP,7
마포구,20251103,2200,WSD,0.4
마포구,20251103,2200,PCP,강수없음
마포구,20251103,2300,TMP,6
마포구,20251103,2300,WSD,0.7
마포구,20251103,2300,PCP,강수없음
마포구,20251104,0000,TMP,6
마포구,20251104,0000,WSD,0.4
마포구,20251104,0000,PCP,강수없음
마포구,20251104,0100,TMP,6
마포구,20251104,0100,WSD,0.5
마포구,20251104,0100,PCP,강수없음
마포구,20251104,0200,TMP,6
마포구,20251104,0200,WSD,1
마포구,20251104,0200,PCP,강수없음
마포구,20251104,0300,TMP,6
마포구,20251104,0300,WSD,1
마포구,20251104,0300,PCP,강수없음
마포구,20251104,0400,TMP,6
마포구,20251104,0400,WSD,0.9
마포구,20251104,0400,PCP,강수없음
마포구,20251104,0500,TMP,5
마포구,20251104,0500,WSD,1.1
마포구,20251104,0500,PCP,강수없음
마포구,20251104,0600,TMP,5
마포구,20251104,0600,WSD,1.1
마포구,20251104,0600,PCP,강수없음
마포구,20251104,0700,TMP,5
마포구,20251104,0700,WSD,1
마포구,20251104,0700,PCP,강수없음
마포구,20251104,0800,TMP,6
마포구,20251104,0800,WSD,1
마포구,20251104,0800,PCP,강수없음
마포구,20251104,0900,TMP,8
마포구,20251104,0900,WSD,0.9
마포구,20251104,0900,PCP,강수없음
마포구,20251104,1000,TMP,10
마포구,20251104,1000,WSD,0.7
마포구,20251104,1000,PCP,강수없음
마포구,20251104,1100,TMP,12
마포구,20251104,1100,WSD,0.9
마포구,20251104,1100,PCP,강수없음
마포구,20251104,1200,TMP,13
마포구,20251104,1200,WSD,0.6
마포구,20251104,1200,PCP,강수없음
마포구,20251104,1300,TMP,14
마포구,20251104,1300,WSD,0.4
마포구,20251104,1300,PCP,강수없음
마포구,20251104,1400,TMP,14
마포구,20251104,1400,WSD,0.3
마포구,20251104,1400,PCP,강수없음
마포구,20251104,1500,TMP,14
마포구,20251104,1500,WSD,0.6
마포구,20251104,1500,PCP,강수없음
마포구,20251104,1600,TMP,14
마포구,20251104,1600,WSD,1.1
마포구,20251104,1600,PCP,강수없음
마포구,20251104,1700,TMP,12
마포구,20251104,1700,WSD,1.7
마포구,20251104,1700,PCP,강수없음
마포구,20251104,1800,TMP,10
마포구,20251104,1800,WSD,1.8
마포구,20251104,1800,PCP,강수없음
마포구,20251104,1900,TMP,10
마포구,20251104,1900,WSD,1.4
마포구,20251104,1900,PCP,강수없음
마포구,20251104,2000,TMP,9
마포구,20251104,2000,WSD,0.9
마포구,20251104,2000,PCP,강수없음
마포구,20251104,2100,TMP,9
마포구,20251104,2100,WSD,0.7
마포구,20251104,2100,PCP,강수없음
마포구,20251104,2200,TMP,8
마포구,20251104,2200,WSD,0.7
마포구,20251104,2200,PCP,강수없음
마포구,20251104,2300,TMP,8
마포구,20251104,2300,WSD,0.7
마포구,20251104,2300,PCP,강수없음
마포구,20251105,0000,TMP,8
마포구,20251105,0000,WSD,0.9
마포구,20251105,0000,PCP,강수없음
마포구,20251105,0100,TMP,7
마포구,20251105,0100,WSD,1.1
마포구,20251105,0100,PCP,강수없음
마포구,20251105,0200,TMP,7
마포구,20251105,0200,WSD,1.2
마포구,20251105,0200,PCP,강수없음
마포구,20251105,0300,TMP,7
마포구,20251105,0300,WSD,1.3
마포구,20251105,0300,PCP,강수없음
마포구,20251105,0400,TMP,7
마포구,20251105,0400,WSD,1.2
마포구,20251105,0400,PCP,강수없음
마포구,20251105,0500,TMP,6
마포구,20251105,0500,WSD,1.1
마포구,20251105,0500,PCP,강수없음
마포구,20251105,0600,TMP,6
마포구,20251105,0600,WSD,1
마포구,20251105,0600,PCP,강수없음
마포구,20251105,0700,TMP,6
마포구,20251105,0700,WSD,1.1
마포구,20251105,0700,PCP,강수없음
마포구,20251105,0800,TMP,7
마포구,20251105,0800,WSD,1.2
마포구,20251105,0800,PCP,강수없음
마포구,20251105,0900,TMP,10
마포구,20251105,0900,WSD,1.6
마포구,20251105,0900,PCP,강수없음
마포구,20251105,1000,TMP,12
마포구,20251105,1000,WSD,1.5
마포구,20251105,1000,PCP,강수없음
마포구,20251105,1100,TMP,14
마포구,20251105,1100,WSD,1.3
마포구,20251105,1100,PCP,강수없음
마포구,20251105,1200,TMP,16
마포구,20251105,1200,WSD,1.1
마포구,20251105,1200,PCP,강수없음
마포구,20251105,1300,TMP,17
마포구,20251105,1300,WSD,1
마포구,20251105,1300,PCP,강수없음
마포구,20251105,1400,TMP,17
마포구,20251105,1400,WSD,1.4
마포구,20251105,1400,PCP,강수없음
마포구,20251105,1500,TMP,17
마포구,20251105,1500,WSD,1.7
마포구,20251105,1500,PCP,강수없음
마포구,20251105,1600,TMP,17
마포구,20251105,1600,WSD,1.4
마포구,20251105,1600,PCP,강수없음
마포구,20251105,1700,TMP,15
마포구,20251105,1700,WSD,1
마포구,20251105,1700,PCP,강수없음
마포구,20251105,1800,TMP,14
마포구,20251105,1800,WSD,1
마포구,20251105,1800,PCP,강수없음
마포구,20251105,1900,TMP,13
마포구,20251105,1900,WSD,1
마포구,20251105,1900,PCP,강수없음
마포구,20251105,2000,TMP,12
마포구,20251105,2000,WSD,1
마포구,20251105,2000,PCP,강수없음
마포구,20251105,2100,TMP,12
마포구,20251105,2100,WSD,1.2
마포구,20251105,2100,PCP,강수없음
마포구,20251105,2200,TMP,12
마포구,20251105,2200,WSD,1.4
마포구,20251105,2200,PCP,강수없음
마포구,20251105,2300,TMP,11
마포구,20251105,2300,WSD,1.6
마포구,20251105,2300,PCP,강수없음
<<<<<<< HEAD
=======
서대문구,20251103,1200,TMP,10
서대문구,20251103,1200,WSD,0.5
서대문구,20251103,1200,PCP,강수없음
서대문구,20251103,1300,TMP,10
서대문구,20251103,1300,WSD,0.2
서대문구,20251103,1300,PCP,강수없음
서대문구,20251103,1400,TMP,11
서대문구,20251103,1400,WSD,0.2
서대문구,20251103,1400,PCP,강수없음
>>>>>>> dev
서대문구,20251103,1500,TMP,11
서대문구,20251103,1500,WSD,0.2
서대문구,20251103,1500,PCP,강수없음
서대문구,20251103,1600,TMP,11
서대문구,20251103,1600,WSD,0.3
서대문구,20251103,1600,PCP,강수없음
서대문구,20251103,1700,TMP,10
서대문구,20251103,1700,WSD,0.2
서대문구,20251103,1700,PCP,강수없음
서대문구,20251103,1800,TMP,8
서대문구,20251103,1800,WSD,0.1
서대문구,20251103,1800,PCP,강수없음
서대문구,20251103,1900,TMP,8
서대문구,20251103,1900,WSD,0.6
서대문구,20251103,1900,PCP,강수없음
서대문구,20251103,2000,TMP,7
서대문구,20251103,2000,WSD,0.6
서대문구,20251103,2000,PCP,강수없음
서대문구,20251103,2100,TMP,7
서대문구,20251103,2100,WSD,0.3
서대문구,20251103,2100,PCP,강수없음
서대문구,20251103,2200,TMP,7
서대문구,20251103,2200,WSD,0.4
서대문구,20251103,2200,PCP,강수없음
서대문구,20251103,2300,TMP,6
서대문구,20251103,2300,WSD,0.7
서대문구,20251103,2300,PCP,강수없음
서대문구,20251104,0000,TMP,6
서대문구,20251104,0000,WSD,0.4
서대문구,20251104,0000,PCP,강수없음
서대문구,20251104,0100,TMP,6
서대문구,20251104,0100,WSD,0.5
서대문구,20251104,0100,PCP,강수없음
서대문구,20251104,0200,TMP,6
서대문구,20251104,0200,WSD,1
서대문구,20251104,0200,PCP,강수없음
서대문구,20251104,0300,TMP,6
서대문구,20251104,0300,WSD,1
서대문구,20251104,0300,PCP,강수없음
서대문구,20251104,0400,TMP,6
서대문구,20251104,0400,WSD,0.9
서대문구,20251104,0400,PCP,강수없음
서대문구,20251104,0500,TMP,5
서대문구,20251104,0500,WSD,1.1
서대문구,20251104,0500,PCP,강수없음
서대문구,20251104,0600,TMP,5
서대문구,20251104,0600,WSD,1.1
서대문구,20251104,0600,PCP,강수없음
서대문구,20251104,0700,TMP,5
서대문구,20251104,0700,WSD,1
서대문구,20251104,0700,PCP,강수없음
서대문구,20251104,0800,TMP,6
서대문구,20251104,0800,WSD,1
서대문구,20251104,0800,PCP,강수없음
서대문구,20251104,0900,TMP,8
서대문구,20251104,0900,WSD,0.9
서대문구,20251104,0900,PCP,강수없음
서대문구,20251104,1000,TMP,10
서대문구,20251104,1000,WSD,0.7
서대문구,20251104,1000,PCP,강수없음
서대문구,20251104,1100,TMP,12
서대문구,20251104,1100,WSD,0.9
서대문구,20251104,1100,PCP,강수없음
서대문구,20251104,1200,TMP,13
서대문구,20251104,1200,WSD,0.6
서대문구,20251104,1200,PCP,강수없음
서대문구,20251104,1300,TMP,14
서대문구,20251104,1300,WSD,0.4
서대문구,20251104,1300,PCP,강수없음
서대문구,20251104,1400,TMP,14
서대문구,20251104,1400,WSD,0.3
서대문구,20251104,1400,PCP,강수없음
서대문구,20251104,1500,TMP,14
서대문구,20251104,1500,WSD,0.6
서대문구,20251104,1500,PCP,강수없음
서대문구,20251104,1600,TMP,14
서대문구,20251104,1600,WSD,1.1
서대문구,20251104,1600,PCP,강수없음
서대문구,20251104,1700,TMP,12
서대문구,20251104,1700,WSD,1.7
서대문구,20251104,1700,PCP,강수없음
서대문구,20251104,1800,TMP,10
서대문구,20251104,1800,WSD,1.8
서대문구,20251104,1800,PCP,강수없음
서대문구,20251104,1900,TMP,10
서대문구,20251104,1900,WSD,1.4
서대문구,20251104,1900,PCP,강수없음
서대문구,20251104,2000,TMP,9
서대문구,20251104,2000,WSD,0.9
서대문구,20251104,2000,PCP,강수없음
서대문구,20251104,2100,TMP,9
서대문구,20251104,2100,WSD,0.7
서대문구,20251104,2100,PCP,강수없음
서대문구,20251104,2200,TMP,8
서대문구,20251104,2200,WSD,0.7
서대문구,20251104,2200,PCP,강수없음
서대문구,20251104,2300,TMP,8
서대문구,20251104,2300,WSD,0.7
서대문구,20251104,2300,PCP,강수없음
서대문구,20251105,0000,TMP,8
서대문구,20251105,0000,WSD,0.9
서대문구,20251105,0000,PCP,강수없음
서대문구,20251105,0100,TMP,7
서대문구,20251105,0100,WSD,1.1
서대문구,20251105,0100,PCP,강수없음
서대문구,20251105,0200,TMP,7
서대문구,20251105,0200,WSD,1.2
서대문구,20251105,0200,PCP,강수없음
서대문구,20251105,0300,TMP,7
서대문구,20251105,0300,WSD,1.3
서대문구,20251105,0300,PCP,강수없음
서대문구,20251105,0400,TMP,7
서대문구,20251105,0400,WSD,1.2
서대문구,20251105,0400,PCP,강수없음
서대문구,20251105,0500,TMP,6
서대문구,20251105,0500,WSD,1.1
서대문구,20251105,0500,PCP,강수없음
서대문구,20251105,0600,TMP,6
서대문구,20251105,0600,WSD,1
서대문구,20251105,0600,PCP,강수없음
서대문구,20251105,0700,TMP,6
서대문구,20251105,0700,WSD,1.1
서대문구,20251105,0700,PCP,강수없음
서대문구,20251105,0800,TMP,7
서대문구,20251105,0800,WSD,1.2
서대문구,20251105,0800,PCP,강수없음
서대문구,20251105,0900,TMP,10
서대문구,20251105,0900,WSD,1.6
서대문구,20251105,0900,PCP,강수없음
서대문구,20251105,1000,TMP,12
서대문구,20251105,1000,WSD,1.5
서대문구,20251105,1000,PCP,강수없음
서대문구,20251105,1100,TMP,14
서대문구,20251105,1100,WSD,1.3
서대문구,20251105,1100,PCP,강수없음
서대문구,20251105,1200,TMP,16
서대문구,20251105,1200,WSD,1.1
서대문구,20251105,1200,PCP,강수없음
서대문구,20251105,1300,TMP,17
서대문구,20251105,1300,WSD,1
서대문구,20251105,1300,PCP,강수없음
서대문구,20251105,1400,TMP,17
서대문구,20251105,1400,WSD,1.4
서대문구,20251105,1400,PCP,강수없음
서대문구,20251105,1500,TMP,17
서대문구,20251105,1500,WSD,1.7
서대문구,20251105,1500,PCP,강수없음
서대문구,20251105,1600,TMP,17
서대문구,20251105,1600,WSD,1.4
서대문구,20251105,1600,PCP,강수없음
서대문구,20251105,1700,TMP,15
서대문구,20251105,1700,WSD,1
서대문구,20251105,1700,PCP,강수없음
서대문구,20251105,1800,TMP,14
서대문구,20251105,1800,WSD,1
서대문구,20251105,1800,PCP,강수없음
서대문구,20251105,1900,TMP,13
서대문구,20251105,1900,WSD,1
서대문구,20251105,1900,PCP,강수없음
서대문구,20251105,2000,TMP,12
서대문구,20251105,2000,WSD,1
서대문구,20251105,2000,PCP,강수없음
서대문구,20251105,2100,TMP,12
서대문구,20251105,2100,WSD,1.2
서대문구,20251105,2100,PCP,강수없음
서대문구,20251105,2200,TMP,12
서대문구,20251105,2200,WSD,1.4
서대문구,20251105,2200,PCP,강수없음
서대문구,20251105,2300,TMP,11
서대문구,20251105,2300,WSD,1.6
서대문구,20251105,2300,PCP,강수없음
<<<<<<< HEAD
=======
서초구,20251103,1200,TMP,11
서초구,20251103,1200,WSD,0.9
서초구,20251103,1200,PCP,강수없음
서초구,20251103,1300,TMP,12
서초구,20251103,1300,WSD,1.2
서초구,20251103,1300,PCP,강수없음
서초구,20251103,1400,TMP,12
서초구,20251103,1400,WSD,1.4
서초구,20251103,1400,PCP,강수없음
>>>>>>> dev
서초구,20251103,1500,TMP,12
서초구,20251103,1500,WSD,1.2
서초구,20251103,1500,PCP,강수없음
서초구,20251103,1600,TMP,12
서초구,20251103,1600,WSD,0.6
서초구,20251103,1600,PCP,강수없음
서초구,20251103,1700,TMP,11
서초구,20251103,1700,WSD,0.5
서초구,20251103,1700,PCP,강수없음
서초구,20251103,1800,TMP,10
서초구,20251103,1800,WSD,0.5
서초구,20251103,1800,PCP,강수없음
서초구,20251103,1900,TMP,9
서초구,20251103,1900,WSD,0.4
서초구,20251103,1900,PCP,강수없음
서초구,20251103,2000,TMP,8
서초구,20251103,2000,WSD,0.9
서초구,20251103,2000,PCP,강수없음
서초구,20251103,2100,TMP,8
서초구,20251103,2100,WSD,0.6
서초구,20251103,2100,PCP,강수없음
서초구,20251103,2200,TMP,7
서초구,20251103,2200,WSD,0.7
서초구,20251103,2200,PCP,강수없음
서초구,20251103,2300,TMP,6
서초구,20251103,2300,WSD,0.9
서초구,20251103,2300,PCP,강수없음
서초구,20251104,0000,TMP,6
서초구,20251104,0000,WSD,0.6
서초구,20251104,0000,PCP,강수없음
서초구,20251104,0100,TMP,5
서초구,20251104,0100,WSD,0.6
서초구,20251104,0100,PCP,강수없음
서초구,20251104,0200,TMP,5
서초구,20251104,0200,WSD,0.6
서초구,20251104,0200,PCP,강수없음
서초구,20251104,0300,TMP,5
서초구,20251104,0300,WSD,0.7
서초구,20251104,0300,PCP,강수없음
서초구,20251104,0400,TMP,5
서초구,20251104,0400,WSD,0.6
서초구,20251104,0400,PCP,강수없음
서초구,20251104,0500,TMP,5
서초구,20251104,0500,WSD,0.9
서초구,20251104,0500,PCP,강수없음
서초구,20251104,0600,TMP,6
서초구,20251104,0600,WSD,1.1
서초구,20251104,0600,PCP,강수없음
서초구,20251104,0700,TMP,6
서초구,20251104,0700,WSD,1.1
서초구,20251104,0700,PCP,강수없음
서초구,20251104,0800,TMP,7
서초구,20251104,0800,WSD,1
서초구,20251104,0800,PCP,강수없음
서초구,20251104,0900,TMP,9
서초구,20251104,0900,WSD,1
서초구,20251104,0900,PCP,강수없음
서초구,20251104,1000,TMP,11
서초구,20251104,1000,WSD,0.9
서초구,20251104,1000,PCP,강수없음
서초구,20251104,1100,TMP,13
서초구,20251104,1100,WSD,0.7
서초구,20251104,1100,PCP,강수없음
서초구,20251104,1200,TMP,14
서초구,20251104,1200,WSD,0.2
서초구,20251104,1200,PCP,강수없음
서초구,20251104,1300,TMP,15
서초구,20251104,1300,WSD,1.1
서초구,20251104,1300,PCP,강수없음
서초구,20251104,1400,TMP,15
서초구,20251104,1400,WSD,1.4
서초구,20251104,1400,PCP,강수없음
서초구,20251104,1500,TMP,15
서초구,20251104,1500,WSD,1.4
서초구,20251104,1500,PCP,강수없음
서초구,20251104,1600,TMP,15
서초구,20251104,1600,WSD,1.4
서초구,20251104,1600,PCP,강수없음
서초구,20251104,1700,TMP,14
서초구,20251104,1700,WSD,1.1
서초구,20251104,1700,PCP,강수없음
서초구,20251104,1800,TMP,12
서초구,20251104,1800,WSD,1
서초구,20251104,1800,PCP,강수없음
서초구,20251104,1900,TMP,11
서초구,20251104,1900,WSD,1.2
서초구,20251104,1900,PCP,강수없음
서초구,20251104,2000,TMP,10
서초구,20251104,2000,WSD,1.1
서초구,20251104,2000,PCP,강수없음
서초구,20251104,2100,TMP,9
서초구,20251104,2100,WSD,0.9
서초구,20251104,2100,PCP,강수없음
서초구,20251104,2200,TMP,9
서초구,20251104,2200,WSD,0.7
서초구,20251104,2200,PCP,강수없음
서초구,20251104,2300,TMP,8
서초구,20251104,2300,WSD,0.4
서초구,20251104,2300,PCP,강수없음
서초구,20251105,0000,TMP,8
서초구,20251105,0000,WSD,0.5
서초구,20251105,0000,PCP,강수없음
서초구,20251105,0100,TMP,7
서초구,20251105,0100,WSD,0.9
서초구,20251105,0100,PCP,강수없음
서초구,20251105,0200,TMP,6
서초구,20251105,0200,WSD,0.9
서초구,20251105,0200,PCP,강수없음
서초구,20251105,0300,TMP,6
서초구,20251105,0300,WSD,1
서초구,20251105,0300,PCP,강수없음
서초구,20251105,0400,TMP,6
서초구,20251105,0400,WSD,0.9
서초구,20251105,0400,PCP,강수없음
서초구,20251105,0500,TMP,6
서초구,20251105,0500,WSD,1
서초구,20251105,0500,PCP,강수없음
서초구,20251105,0600,TMP,6
서초구,20251105,0600,WSD,1.1
서초구,20251105,0600,PCP,강수없음
서초구,20251105,0700,TMP,6
서초구,20251105,0700,WSD,1.1
서초구,20251105,0700,PCP,강수없음
서초구,20251105,0800,TMP,7
서초구,20251105,0800,WSD,1.3
서초구,20251105,0800,PCP,강수없음
서초구,20251105,0900,TMP,10
서초구,20251105,0900,WSD,1.7
서초구,20251105,0900,PCP,강수없음
서초구,20251105,1000,TMP,12
서초구,20251105,1000,WSD,1.6
서초구,20251105,1000,PCP,강수없음
서초구,20251105,1100,TMP,14
서초구,20251105,1100,WSD,1.5
서초구,20251105,1100,PCP,강수없음
서초구,20251105,1200,TMP,16
서초구,20251105,1200,WSD,1.3
서초구,20251105,1200,PCP,강수없음
서초구,20251105,1300,TMP,17
서초구,20251105,1300,WSD,1.4
서초구,20251105,1300,PCP,강수없음
서초구,20251105,1400,TMP,18
서초구,20251105,1400,WSD,1.7
서초구,20251105,1400,PCP,강수없음
서초구,20251105,1500,TMP,18
서초구,20251105,1500,WSD,1.8
서초구,20251105,1500,PCP,강수없음
서초구,20251105,1600,TMP,18
서초구,20251105,1600,WSD,1.3
서초구,20251105,1600,PCP,강수없음
서초구,20251105,1700,TMP,16
서초구,20251105,1700,WSD,0.9
서초구,20251105,1700,PCP,강수없음
서초구,20251105,1800,TMP,15
서초구,20251105,1800,WSD,0.7
서초구,20251105,1800,PCP,강수없음
서초구,20251105,1900,TMP,14
서초구,20251105,1900,WSD,0.7
서초구,20251105,1900,PCP,강수없음
서초구,20251105,2000,TMP,13
서초구,20251105,2000,WSD,0.9
서초구,20251105,2000,PCP,강수없음
서초구,20251105,2100,TMP,12
서초구,20251105,2100,WSD,1.1
서초구,20251105,2100,PCP,강수없음
서초구,20251105,2200,TMP,12
서초구,20251105,2200,WSD,1.2
서초구,20251105,2200,PCP,강수없음
서초구,20251105,2300,TMP,11
서초구,20251105,2300,WSD,1.4
서초구,20251105,2300,PCP,강수없음
성동구,20251103,1500,TMP,12
성동구,20251103,1500,WSD,0.8
성동구,20251103,1500,PCP,강수없음
성동구,20251103,1600,TMP,12
성동구,20251103,1600,WSD,0.5
성동구,20251103,1600,PCP,강수없음
성동구,20251103,1700,TMP,12
성동구,20251103,1700,WSD,0.3
성동구,20251103,1700,PCP,강수없음
성동구,20251103,1800,TMP,10
성동구,20251103,1800,WSD,0.3
성동구,20251103,1800,PCP,강수없음
성동구,20251103,1900,TMP,10
성동구,20251103,1900,WSD,0.1
성동구,20251103,1900,PCP,강수없음
성동구,20251103,2000,TMP,9
성동구,20251103,2000,WSD,0.7
성동구,20251103,2000,PCP,강수없음
성동구,20251103,2100,TMP,9
성동구,20251103,2100,WSD,0.4
성동구,20251103,2100,PCP,강수없음
성동구,20251103,2200,TMP,8
성동구,20251103,2200,WSD,0.5
성동구,20251103,2200,PCP,강수없음
성동구,20251103,2300,TMP,8
성동구,20251103,2300,WSD,0.5
성동구,20251103,2300,PCP,강수없음
성동구,20251104,0000,TMP,8
성동구,20251104,0000,WSD,0.3
성동구,20251104,0000,PCP,강수없음
성동구,20251104,0100,TMP,7
성동구,20251104,0100,WSD,0.5
성동구,20251104,0100,PCP,강수없음
성동구,20251104,0200,TMP,7
성동구,20251104,0200,WSD,0.8
성동구,20251104,0200,PCP,강수없음
성동구,20251104,0300,TMP,7
성동구,20251104,0300,WSD,0.7
성동구,20251104,0300,PCP,강수없음
성동구,20251104,0400,TMP,7
성동구,20251104,0400,WSD,0.7
성동구,20251104,0400,PCP,강수없음
성동구,20251104,0500,TMP,6
성동구,20251104,0500,WSD,0.9
성동구,20251104,0500,PCP,강수없음
성동구,20251104,0600,TMP,6
성동구,20251104,0600,WSD,1
성동구,20251104,0600,PCP,강수없음
성동구,20251104,0700,TMP,6
성동구,20251104,0700,WSD,0.9
성동구,20251104,0700,PCP,강수없음
성동구,20251104,0800,TMP,7
성동구,20251104,0800,WSD,0.9
성동구,20251104,0800,PCP,강수없음
성동구,20251104,0900,TMP,9
성동구,20251104,0900,WSD,0.9
성동구,20251104,0900,PCP,강수없음
성동구,20251104,1000,TMP,11
성동구,20251104,1000,WSD,0.8
성동구,20251104,1000,PCP,강수없음
성동구,20251104,1100,TMP,13
성동구,20251104,1100,WSD,0.7
성동구,20251104,1100,PCP,강수없음
성동구,20251104,1200,TMP,14
성동구,20251104,1200,WSD,0.4
성동구,20251104,1200,PCP,강수없음
성동구,20251104,1300,TMP,15
성동구,20251104,1300,WSD,0.6
성동구,20251104,1300,PCP,강수없음
성동구,20251104,1400,TMP,15
성동구,20251104,1400,WSD,0.9
성동구,20251104,1400,PCP,강수없음
성동구,20251104,1500,TMP,15
성동구,20251104,1500,WSD,1.1
성동구,20251104,1500,PCP,강수없음
성동구,20251104,1600,TMP,15
성동구,20251104,1600,WSD,1.2
성동구,20251104,1600,PCP,강수없음
성동구,20251104,1700,TMP,14
성동구,20251104,1700,WSD,1.3
성동구,20251104,1700,PCP,강수없음
성동구,20251104,1800,TMP,13
성동구,20251104,1800,WSD,1.5
성동구,20251104,1800,PCP,강수없음
성동구,20251104,1900,TMP,12
성동구,20251104,1900,WSD,1.5
성동구,20251104,1900,PCP,강수없음
성동구,20251104,2000,TMP,12
성동구,20251104,2000,WSD,1
성동구,20251104,2000,PCP,강수없음
성동구,20251104,2100,TMP,11
성동구,20251104,2100,WSD,0.8
성동구,20251104,2100,PCP,강수없음
성동구,20251104,2200,TMP,10
성동구,20251104,2200,WSD,0.7
성동구,20251104,2200,PCP,강수없음
성동구,20251104,2300,TMP,10
성동구,20251104,2300,WSD,0.5
성동구,20251104,2300,PCP,강수없음
성동구,20251105,0000,TMP,9
성동구,20251105,0000,WSD,0.7
성동구,20251105,0000,PCP,강수없음
성동구,20251105,0100,TMP,9
성동구,20251105,0100,WSD,0.9
성동구,20251105,0100,PCP,강수없음
성동구,20251105,0200,TMP,8
성동구,20251105,0200,WSD,0.9
성동구,20251105,0200,PCP,강수없음
성동구,20251105,0300,TMP,8
성동구,20251105,0300,WSD,1.1
성동구,20251105,0300,PCP,강수없음
성동구,20251105,0400,TMP,8
성동구,20251105,0400,WSD,0.9
성동구,20251105,0400,PCP,강수없음
성동구,20251105,0500,TMP,7
성동구,20251105,0500,WSD,0.9
성동구,20251105,0500,PCP,강수없음
성동구,20251105,0600,TMP,7
성동구,20251105,0600,WSD,1
성동구,20251105,0600,PCP,강수없음
성동구,20251105,0700,TMP,7
성동구,20251105,0700,WSD,0.9
성동구,20251105,0700,PCP,강수없음
성동구,20251105,0800,TMP,8
성동구,20251105,0800,WSD,1.2
성동구,20251105,0800,PCP,강수없음
성동구,20251105,0900,TMP,10
성동구,20251105,0900,WSD,1.5
성동구,20251105,0900,PCP,강수없음
성동구,20251105,1000,TMP,12
성동구,20251105,1000,WSD,1.6
성동구,20251105,1000,PCP,강수없음
성동구,20251105,1100,TMP,14
성동구,20251105,1100,WSD,1.4
성동구,20251105,1100,PCP,강수없음
성동구,20251105,1200,TMP,15
성동구,20251105,1200,WSD,1.2
성동구,20251105,1200,PCP,강수없음
성동구,20251105,1300,TMP,17
성동구,20251105,1300,WSD,1.2
성동구,20251105,1300,PCP,강수없음
성동구,20251105,1400,TMP,18
성동구,20251105,1400,WSD,1.5
성동구,20251105,1400,PCP,강수없음
성동구,20251105,1500,TMP,18
성동구,20251105,1500,WSD,1.5
성동구,20251105,1500,PCP,강수없음
성동구,20251105,1600,TMP,18
성동구,20251105,1600,WSD,1.2
성동구,20251105,1600,PCP,강수없음
성동구,20251105,1700,TMP,17
성동구,20251105,1700,WSD,0.9
성동구,20251105,1700,PCP,강수없음
성동구,20251105,1800,TMP,16
성동구,20251105,1800,WSD,0.8
성동구,20251105,1800,PCP,강수없음
성동구,20251105,1900,TMP,15
성동구,20251105,1900,WSD,0.7
성동구,20251105,1900,PCP,강수없음
성동구,20251105,2000,TMP,15
성동구,20251105,2000,WSD,1
성동구,20251105,2000,PCP,강수없음
성동구,20251105,2100,TMP,14
성동구,20251105,2100,WSD,1.1
성동구,20251105,2100,PCP,강수없음
성동구,20251105,2200,TMP,13
성동구,20251105,2200,WSD,1.3
성동구,20251105,2200,PCP,강수없음
성동구,20251105,2300,TMP,13
성동구,20251105,2300,WSD,1.5
성동구,20251105,2300,PCP,강수없음
성북구,20251103,1500,TMP,12
성북구,20251103,1500,WSD,0.7
성북구,20251103,1500,PCP,강수없음
성북구,20251103,1600,TMP,13
성북구,20251103,1600,WSD,0.6
성북구,20251103,1600,PCP,강수없음
성북구,20251103,1700,TMP,12
성북구,20251103,1700,WSD,0.4
성북구,20251103,1700,PCP,강수없음
성북구,20251103,1800,TMP,10
성북구,20251103,1800,WSD,0.2
성북구,20251103,1800,PCP,강수없음
성북구,20251103,1900,TMP,10
성북구,20251103,1900,WSD,0.3
성북구,20251103,1900,PCP,강수없음
성북구,20251103,2000,TMP,9
성북구,20251103,2000,WSD,0.6
성북구,20251103,2000,PCP,강수없음
성북구,20251103,2100,TMP,9
성북구,20251103,2100,WSD,0.2
성북구,20251103,2100,PCP,강수없음
성북구,20251103,2200,TMP,8
성북구,20251103,2200,WSD,0.4
성북구,20251103,2200,PCP,강수없음
성북구,20251103,2300,TMP,8
성북구,20251103,2300,WSD,0.6
성북구,20251103,2300,PCP,강수없음
성북구,20251104,0000,TMP,7
성북구,20251104,0000,WSD,0.4
성북구,20251104,0000,PCP,강수없음
성북구,20251104,0100,TMP,7
성북구,20251104,0100,WSD,0.6
성북구,20251104,0100,PCP,강수없음
성북구,20251104,0200,TMP,6
성북구,20251104,0200,WSD,0.9
성북구,20251104,0200,PCP,강수없음
성북구,20251104,0300,TMP,6
성북구,20251104,0300,WSD,0.9
성북구,20251104,0300,PCP,강수없음
성북구,20251104,0400,TMP,6
성북구,20251104,0400,WSD,0.9
성북구,20251104,0400,PCP,강수없음
성북구,20251104,0500,TMP,6
성북구,20251104,0500,WSD,1.1
성북구,20251104,0500,PCP,강수없음
성북구,20251104,0600,TMP,6
성북구,20251104,0600,WSD,1
성북구,20251104,0600,PCP,강수없음
성북구,20251104,0700,TMP,6
성북구,20251104,0700,WSD,0.9
성북구,20251104,0700,PCP,강수없음
성북구,20251104,0800,TMP,6
성북구,20251104,0800,WSD,0.9
성북구,20251104,0800,PCP,강수없음
성북구,20251104,0900,TMP,9
성북구,20251104,0900,WSD,0.9
성북구,20251104,0900,PCP,강수없음
성북구,20251104,1000,TMP,10
성북구,20251104,1000,WSD,0.7
성북구,20251104,1000,PCP,강수없음
성북구,20251104,1100,TMP,12
성북구,20251104,1100,WSD,0.6
성북구,20251104,1100,PCP,강수없음
성북구,20251104,1200,TMP,14
성북구,20251104,1200,WSD,0.4
성북구,20251104,1200,PCP,강수없음
성북구,20251104,1300,TMP,15
성북구,20251104,1300,WSD,0.4
성북구,20251104,1300,PCP,강수없음
성북구,20251104,1400,TMP,15
성북구,20251104,1400,WSD,0.9
성북구,20251104,1400,PCP,강수없음
성북구,20251104,1500,TMP,15
성북구,20251104,1500,WSD,1
성북구,20251104,1500,PCP,강수없음
성북구,20251104,1600,TMP,15
성북구,20251104,1600,WSD,1.1
성북구,20251104,1600,PCP,강수없음
성북구,20251104,1700,TMP,14
성북구,20251104,1700,WSD,1.4
성북구,20251104,1700,PCP,강수없음
성북구,20251104,1800,TMP,13
성북구,20251104,1800,WSD,1.5
성북구,20251104,1800,PCP,강수없음
성북구,20251104,1900,TMP,12
성북구,20251104,1900,WSD,1.4
성북구,20251104,1900,PCP,강수없음
성북구,20251104,2000,TMP,11
성북구,20251104,2000,WSD,1
성북구,20251104,2000,PCP,강수없음
성북구,20251104,2100,TMP,11
성북구,20251104,2100,WSD,0.8
성북구,20251104,2100,PCP,강수없음
성북구,20251104,2200,TMP,10
성북구,20251104,2200,WSD,0.7
성북구,20251104,2200,PCP,강수없음
성북구,20251104,2300,TMP,9
성북구,20251104,2300,WSD,0.7
성북구,20251104,2300,PCP,강수없음
성북구,20251105,0000,TMP,9
성북구,20251105,0000,WSD,0.9
성북구,20251105,0000,PCP,강수없음
성북구,20251105,0100,TMP,8
성북구,20251105,0100,WSD,1
성북구,20251105,0100,PCP,강수없음
성북구,20251105,0200,TMP,8
성북구,20251105,0200,WSD,1.1
성북구,20251105,0200,PCP,강수없음
성북구,20251105,0300,TMP,8
성북구,20251105,0300,WSD,1.2
성북구,20251105,0300,PCP,강수없음
성북구,20251105,0400,TMP,7
성북구,20251105,0400,WSD,1.2
성북구,20251105,0400,PCP,강수없음
성북구,20251105,0500,TMP,7
성북구,20251105,0500,WSD,1
성북구,20251105,0500,PCP,강수없음
성북구,20251105,0600,TMP,7
성북구,20251105,0600,WSD,1
성북구,20251105,0600,PCP,강수없음
성북구,20251105,0700,TMP,6
성북구,20251105,0700,WSD,1
성북구,20251105,0700,PCP,강수없음
성북구,20251105,0800,TMP,7
성북구,20251105,0800,WSD,1.2
성북구,20251105,0800,PCP,강수없음
성북구,20251105,0900,TMP,9
성북구,20251105,0900,WSD,1.6
성북구,20251105,0900,PCP,강수없음
성북구,20251105,1000,TMP,11
성북구,20251105,1000,WSD,1.6
성북구,20251105,1000,PCP,강수없음
성북구,20251105,1100,TMP,14
성북구,20251105,1100,WSD,1.3
성북구,20251105,1100,PCP,강수없음
성북구,20251105,1200,TMP,16
성북구,20251105,1200,WSD,1.1
성북구,20251105,1200,PCP,강수없음
성북구,20251105,1300,TMP,17
성북구,20251105,1300,WSD,1
성북구,20251105,1300,PCP,강수없음
성북구,20251105,1400,TMP,18
성북구,20251105,1400,WSD,1.3
성북구,20251105,1400,PCP,강수없음
성북구,20251105,1500,TMP,18
성북구,20251105,1500,WSD,1.5
성북구,20251105,1500,PCP,강수없음
성북구,20251105,1600,TMP,18
성북구,20251105,1600,WSD,1.2
성북구,20251105,1600,PCP,강수없음
성북구,20251105,1700,TMP,17
성북구,20251105,1700,WSD,0.9
성북구,20251105,1700,PCP,강수없음
성북구,20251105,1800,TMP,16
성북구,20251105,1800,WSD,0.9
성북구,20251105,1800,PCP,강수없음
성북구,20251105,1900,TMP,15
성북구,20251105,1900,WSD,0.8
성북구,20251105,1900,PCP,강수없음
성북구,20251105,2000,TMP,15
성북구,20251105,2000,WSD,1
성북구,20251105,2000,PCP,강수없음
성북구,20251105,2100,TMP,14
성북구,20251105,2100,WSD,1.2
성북구,20251105,2100,PCP,강수없음
성북구,20251105,2200,TMP,13
성북구,20251105,2200,WSD,1.6
성북구,20251105,2200,PCP,강수없음
성북구,20251105,2300,TMP,12
성북구,20251105,2300,WSD,1.7
성북구,20251105,2300,PCP,강수없음
송파구,20251103,1500,TMP,13
송파구,20251103,1500,WSD,1.2
송파구,20251103,1500,PCP,강수없음
송파구,20251103,1600,TMP,13
송파구,20251103,1600,WSD,0.7
송파구,20251103,1600,PCP,강수없음
송파구,20251103,1700,TMP,12
송파구,20251103,1700,WSD,0.5
송파구,20251103,1700,PCP,강수없음
송파구,20251103,1800,TMP,10
송파구,20251103,1800,WSD,0.6
송파구,20251103,1800,PCP,강수없음
송파구,20251103,1900,TMP,9
송파구,20251103,1900,WSD,0.4
송파구,20251103,1900,PCP,강수없음
송파구,20251103,2000,TMP,8
송파구,20251103,2000,WSD,0.9
송파구,20251103,2000,PCP,강수없음
송파구,20251103,2100,TMP,7
송파구,20251103,2100,WSD,0.4
송파구,20251103,2100,PCP,강수없음
송파구,20251103,2200,TMP,7
송파구,20251103,2200,WSD,0.8
송파구,20251103,2200,PCP,강수없음
송파구,20251103,2300,TMP,6
송파구,20251103,2300,WSD,0.8
송파구,20251103,2300,PCP,강수없음
송파구,20251104,0000,TMP,6
송파구,20251104,0000,WSD,0.5
송파구,20251104,0000,PCP,강수없음
송파구,20251104,0100,TMP,6
송파구,20251104,0100,WSD,0.5
송파구,20251104,0100,PCP,강수없음
송파구,20251104,0200,TMP,6
송파구,20251104,0200,WSD,0.6
송파구,20251104,0200,PCP,강수없음
송파구,20251104,0300,TMP,6
송파구,20251104,0300,WSD,0.6
송파구,20251104,0300,PCP,강수없음
송파구,20251104,0400,TMP,5
송파구,20251104,0400,WSD,0.5
송파구,20251104,0400,PCP,강수없음
송파구,20251104,0500,TMP,6
송파구,20251104,0500,WSD,0.8
송파구,20251104,0500,PCP,강수없음
송파구,20251104,0600,TMP,6
송파구,20251104,0600,WSD,1.1
송파구,20251104,0600,PCP,강수없음
송파구,20251104,0700,TMP,6
송파구,20251104,0700,WSD,1.1
송파구,20251104,0700,PCP,강수없음
송파구,20251104,0800,TMP,7
송파구,20251104,0800,WSD,1.1
송파구,20251104,0800,PCP,강수없음
송파구,20251104,0900,TMP,9
송파구,20251104,0900,WSD,0.9
송파구,20251104,0900,PCP,강수없음
송파구,20251104,1000,TMP,12
송파구,20251104,1000,WSD,0.9
송파구,20251104,1000,PCP,강수없음
송파구,20251104,1100,TMP,13
송파구,20251104,1100,WSD,0.8
송파구,20251104,1100,PCP,강수없음
송파구,20251104,1200,TMP,15
송파구,20251104,1200,WSD,0.5
송파구,20251104,1200,PCP,강수없음
송파구,20251104,1300,TMP,15
송파구,20251104,1300,WSD,1.1
송파구,20251104,1300,PCP,강수없음
송파구,20251104,1400,TMP,16
송파구,20251104,1400,WSD,1.5
송파구,20251104,1400,PCP,강수없음
송파구,20251104,1500,TMP,16
송파구,20251104,1500,WSD,1.5
송파구,20251104,1500,PCP,강수없음
송파구,20251104,1600,TMP,15
송파구,20251104,1600,WSD,1.5
송파구,20251104,1600,PCP,강수없음
송파구,20251104,1700,TMP,14
송파구,20251104,1700,WSD,1.2
송파구,20251104,1700,PCP,강수없음
송파구,20251104,1800,TMP,12
송파구,20251104,1800,WSD,1
송파구,20251104,1800,PCP,강수없음
송파구,20251104,1900,TMP,11
송파구,20251104,1900,WSD,1.1
송파구,20251104,1900,PCP,강수없음
송파구,20251104,2000,TMP,10
송파구,20251104,2000,WSD,1.1
송파구,20251104,2000,PCP,강수없음
송파구,20251104,2100,TMP,9
송파구,20251104,2100,WSD,0.8
송파구,20251104,2100,PCP,강수없음
송파구,20251104,2200,TMP,9
송파구,20251104,2200,WSD,0.6
송파구,20251104,2200,PCP,강수없음
송파구,20251104,2300,TMP,8
송파구,20251104,2300,WSD,0.4
송파구,20251104,2300,PCP,강수없음
송파구,20251105,0000,TMP,8
송파구,20251105,0000,WSD,0.5
송파구,20251105,0000,PCP,강수없음
송파구,20251105,0100,TMP,7
송파구,20251105,0100,WSD,1.1
송파구,20251105,0100,PCP,강수없음
송파구,20251105,0200,TMP,7
송파구,20251105,0200,WSD,1.1
송파구,20251105,0200,PCP,강수없음
송파구,20251105,0300,TMP,7
송파구,20251105,0300,WSD,1.1
송파구,20251105,0300,PCP,강수없음
송파구,20251105,0400,TMP,6
송파구,20251105,0400,WSD,1.1
송파구,20251105,0400,PCP,강수없음
송파구,20251105,0500,TMP,6
송파구,20251105,0500,WSD,1.2
송파구,20251105,0500,PCP,강수없음
송파구,20251105,0600,TMP,6
송파구,20251105,0600,WSD,1.3
송파구,20251105,0600,PCP,강수없음
송파구,20251105,0700,TMP,6
송파구,20251105,0700,WSD,1.3
송파구,20251105,0700,PCP,강수없음
송파구,20251105,0800,TMP,7
송파구,20251105,0800,WSD,1.4
송파구,20251105,0800,PCP,강수없음
송파구,20251105,0900,TMP,10
송파구,20251105,0900,WSD,1.6
송파구,20251105,0900,PCP,강수없음
송파구,20251105,1000,TMP,12
송파구,20251105,1000,WSD,1.7
송파구,20251105,1000,PCP,강수없음
송파구,20251105,1100,TMP,14
송파구,20251105,1100,WSD,1.5
송파구,20251105,1100,PCP,강수없음
송파구,20251105,1200,TMP,16
송파구,20251105,1200,WSD,1.3
송파구,20251105,1200,PCP,강수없음
송파구,20251105,1300,TMP,17
송파구,20251105,1300,WSD,1.4
송파구,20251105,1300,PCP,강수없음
송파구,20251105,1400,TMP,18
송파구,20251105,1400,WSD,1.6
송파구,20251105,1400,PCP,강수없음
송파구,20251105,1500,TMP,19
송파구,20251105,1500,WSD,1.7
송파구,20251105,1500,PCP,강수없음
송파구,20251105,1600,TMP,18
송파구,20251105,1600,WSD,1.3
송파구,20251105,1600,PCP,강수없음
송파구,20251105,1700,TMP,16
송파구,20251105,1700,WSD,0.8
송파구,20251105,1700,PCP,강수없음
송파구,20251105,1800,TMP,15
송파구,20251105,1800,WSD,0.5
송파구,20251105,1800,PCP,강수없음
송파구,20251105,1900,TMP,14
송파구,20251105,1900,WSD,0.6
송파구,20251105,1900,PCP,강수없음
송파구,20251105,2000,TMP,13
송파구,20251105,2000,WSD,0.9
송파구,20251105,2000,PCP,강수없음
송파구,20251105,2100,TMP,12
송파구,20251105,2100,WSD,1.2
송파구,20251105,2100,PCP,강수없음
송파구,20251105,2200,TMP,11
송파구,20251105,2200,WSD,1.3
송파구,20251105,2200,PCP,강수없음
송파구,20251105,2300,TMP,11
송파구,20251105,2300,WSD,1.4
송파구,20251105,2300,PCP,강수없음
양천구,20251103,1500,TMP,12
양천구,20251103,1500,WSD,0.6
양천구,20251103,1500,PCP,강수없음
양천구,20251103,1600,TMP,12
양천구,20251103,1600,WSD,0.1
양천구,20251103,1600,PCP,강수없음
양천구,20251103,1700,TMP,11
양천구,20251103,1700,WSD,0.2
양천구,20251103,1700,PCP,강수없음
양천구,20251103,1800,TMP,10
양천구,20251103,1800,WSD,0.2
양천구,20251103,1800,PCP,강수없음
양천구,20251103,1900,TMP,10
양천구,20251103,1900,WSD,0.4
양천구,20251103,1900,PCP,강수없음
양천구,20251103,2000,TMP,9
양천구,20251103,2000,WSD,0.3
양천구,20251103,2000,PCP,강수없음
양천구,20251103,2100,TMP,8
양천구,20251103,2100,WSD,0.3
양천구,20251103,2100,PCP,강수없음
양천구,20251103,2200,TMP,8
양천구,20251103,2200,WSD,0.4
양천구,20251103,2200,PCP,강수없음
양천구,20251103,2300,TMP,7
양천구,20251103,2300,WSD,0.6
양천구,20251103,2300,PCP,강수없음
양천구,20251104,0000,TMP,7
양천구,20251104,0000,WSD,0.4
양천구,20251104,0000,PCP,강수없음
양천구,20251104,0100,TMP,7
양천구,20251104,0100,WSD,0.6
양천구,20251104,0100,PCP,강수없음
양천구,20251104,0200,TMP,6
양천구,20251104,0200,WSD,1
양천구,20251104,0200,PCP,강수없음
양천구,20251104,0300,TMP,6
양천구,20251104,0300,WSD,1
양천구,20251104,0300,PCP,강수없음
양천구,20251104,0400,TMP,6
양천구,20251104,0400,WSD,1
양천구,20251104,0400,PCP,강수없음
양천구,20251104,0500,TMP,6
양천구,20251104,0500,WSD,1.3
양천구,20251104,0500,PCP,강수없음
양천구,20251104,0600,TMP,6
양천구,20251104,0600,WSD,1.4
양천구,20251104,0600,PCP,강수없음
양천구,20251104,0700,TMP,6
양천구,20251104,0700,WSD,1.5
양천구,20251104,0700,PCP,강수없음
양천구,20251104,0800,TMP,7
양천구,20251104,0800,WSD,1.4
양천구,20251104,0800,PCP,강수없음
양천구,20251104,0900,TMP,9
양천구,20251104,0900,WSD,1.2
양천구,20251104,0900,PCP,강수없음
양천구,20251104,1000,TMP,11
양천구,20251104,1000,WSD,0.9
양천구,20251104,1000,PCP,강수없음
양천구,20251104,1100,TMP,12
양천구,20251104,1100,WSD,1.1
양천구,20251104,1100,PCP,강수없음
양천구,20251104,1200,TMP,13
양천구,20251104,1200,WSD,0.8
양천구,20251104,1200,PCP,강수없음
양천구,20251104,1300,TMP,14
양천구,20251104,1300,WSD,0.4
양천구,20251104,1300,PCP,강수없음
양천구,20251104,1400,TMP,15
양천구,20251104,1400,WSD,0.5
양천구,20251104,1400,PCP,강수없음
양천구,20251104,1500,TMP,15
양천구,20251104,1500,WSD,0.7
양천구,20251104,1500,PCP,강수없음
양천구,20251104,1600,TMP,14
양천구,20251104,1600,WSD,1.3
양천구,20251104,1600,PCP,강수없음
양천구,20251104,1700,TMP,13
양천구,20251104,1700,WSD,1.9
양천구,20251104,1700,PCP,강수없음
양천구,20251104,1800,TMP,12
양천구,20251104,1800,WSD,2
양천구,20251104,1800,PCP,강수없음
양천구,20251104,1900,TMP,12
양천구,20251104,1900,WSD,1.6
양천구,20251104,1900,PCP,강수없음
양천구,20251104,2000,TMP,11
양천구,20251104,2000,WSD,1.1
양천구,20251104,2000,PCP,강수없음
양천구,20251104,2100,TMP,11
양천구,20251104,2100,WSD,0.9
양천구,20251104,2100,PCP,강수없음
양천구,20251104,2200,TMP,10
양천구,20251104,2200,WSD,0.9
양천구,20251104,2200,PCP,강수없음
양천구,20251104,2300,TMP,9
양천구,20251104,2300,WSD,0.9
양천구,20251104,2300,PCP,강수없음
양천구,20251105,0000,TMP,9
양천구,20251105,0000,WSD,1
양천구,20251105,0000,PCP,강수없음
양천구,20251105,0100,TMP,8
양천구,20251105,0100,WSD,1
양천구,20251105,0100,PCP,강수없음
양천구,20251105,0200,TMP,8
양천구,20251105,0200,WSD,1.1
양천구,20251105,0200,PCP,강수없음
양천구,20251105,0300,TMP,8
양천구,20251105,0300,WSD,1.1
양천구,20251105,0300,PCP,강수없음
양천구,20251105,0400,TMP,7
양천구,20251105,0400,WSD,1.1
양천구,20251105,0400,PCP,강수없음
양천구,20251105,0500,TMP,7
양천구,20251105,0500,WSD,1
양천구,20251105,0500,PCP,강수없음
양천구,20251105,0600,TMP,7
양천구,20251105,0600,WSD,1
양천구,20251105,0600,PCP,강수없음
양천구,20251105,0700,TMP,7
양천구,20251105,0700,WSD,1.1
양천구,20251105,0700,PCP,강수없음
양천구,20251105,0800,TMP,8
양천구,20251105,0800,WSD,1.2
양천구,20251105,0800,PCP,강수없음
양천구,20251105,0900,TMP,10
양천구,20251105,0900,WSD,1.5
양천구,20251105,0900,PCP,강수없음
양천구,20251105,1000,TMP,12
양천구,20251105,1000,WSD,1.6
양천구,20251105,1000,PCP,강수없음
양천구,20251105,1100,TMP,14
양천구,20251105,1100,WSD,1.5
양천구,20251105,1100,PCP,강수없음
양천구,20251105,1200,TMP,16
양천구,20251105,1200,WSD,1.2
양천구,20251105,1200,PCP,강수없음
양천구,20251105,1300,TMP,17
양천구,20251105,1300,WSD,1.2
양천구,20251105,1300,PCP,강수없음
양천구,20251105,1400,TMP,18
양천구,20251105,1400,WSD,1.7
양천구,20251105,1400,PCP,강수없음
양천구,20251105,1500,TMP,18
양천구,20251105,1500,WSD,1.8
양천구,20251105,1500,PCP,강수없음
양천구,20251105,1600,TMP,18
양천구,20251105,1600,WSD,1.4
양천구,20251105,1600,PCP,강수없음
양천구,20251105,1700,TMP,17
양천구,20251105,1700,WSD,1
양천구,20251105,1700,PCP,강수없음
양천구,20251105,1800,TMP,16
양천구,20251105,1800,WSD,1.1
양천구,20251105,1800,PCP,강수없음
양천구,20251105,1900,TMP,15
양천구,20251105,1900,WSD,1
양천구,20251105,1900,PCP,강수없음
양천구,20251105,2000,TMP,14
양천구,20251105,2000,WSD,1.1
양천구,20251105,2000,PCP,강수없음
양천구,20251105,2100,TMP,13
양천구,20251105,2100,WSD,0.9
양천구,20251105,2100,PCP,강수없음
양천구,20251105,2200,TMP,13
양천구,20251105,2200,WSD,1.2
양천구,20251105,2200,PCP,강수없음
양천구,20251105,2300,TMP,12
양천구,20251105,2300,WSD,1.5
양천구,20251105,2300,PCP,강수없음
영등포구,20251103,1500,TMP,12
영등포구,20251103,1500,WSD,0.6
영등포구,20251103,1500,PCP,강수없음
영등포구,20251103,1600,TMP,12
영등포구,20251103,1600,WSD,0.1
영등포구,20251103,1600,PCP,강수없음
영등포구,20251103,1700,TMP,11
영등포구,20251103,1700,WSD,0.2
영등포구,20251103,1700,PCP,강수없음
영등포구,20251103,1800,TMP,10
영등포구,20251103,1800,WSD,0.2
영등포구,20251103,1800,PCP,강수없음
영등포구,20251103,1900,TMP,10
영등포구,20251103,1900,WSD,0.4
영등포구,20251103,1900,PCP,강수없음
영등포구,20251103,2000,TMP,9
영등포구,20251103,2000,WSD,0.3
영등포구,20251103,2000,PCP,강수없음
영등포구,20251103,2100,TMP,8
영등포구,20251103,2100,WSD,0.3
영등포구,20251103,2100,PCP,강수없음
영등포구,20251103,2200,TMP,8
영등포구,20251103,2200,WSD,0.4
영등포구,20251103,2200,PCP,강수없음
영등포구,20251103,2300,TMP,7
영등포구,20251103,2300,WSD,0.6
영등포구,20251103,2300,PCP,강수없음
영등포구,20251104,0000,TMP,7
영등포구,20251104,0000,WSD,0.4
영등포구,20251104,0000,PCP,강수없음
영등포구,20251104,0100,TMP,7
영등포구,20251104,0100,WSD,0.6
영등포구,20251104,0100,PCP,강수없음
영등포구,20251104,0200,TMP,6
영등포구,20251104,0200,WSD,1
영등포구,20251104,0200,PCP,강수없음
영등포구,20251104,0300,TMP,6
영등포구,20251104,0300,WSD,1
영등포구,20251104,0300,PCP,강수없음
영등포구,20251104,0400,TMP,6
영등포구,20251104,0400,WSD,1
영등포구,20251104,0400,PCP,강수없음
영등포구,20251104,0500,TMP,6
영등포구,20251104,0500,WSD,1.3
영등포구,20251104,0500,PCP,강수없음
영등포구,20251104,0600,TMP,6
영등포구,20251104,0600,WSD,1.4
영등포구,20251104,0600,PCP,강수없음
영등포구,20251104,0700,TMP,6
영등포구,20251104,0700,WSD,1.5
영등포구,20251104,0700,PCP,강수없음
영등포구,20251104,0800,TMP,7
영등포구,20251104,0800,WSD,1.4
영등포구,20251104,0800,PCP,강수없음
영등포구,20251104,0900,TMP,9
영등포구,20251104,0900,WSD,1.2
영등포구,20251104,0900,PCP,강수없음
영등포구,20251104,1000,TMP,11
영등포구,20251104,1000,WSD,0.9
영등포구,20251104,1000,PCP,강수없음
영등포구,20251104,1100,TMP,12
영등포구,20251104,1100,WSD,1.1
영등포구,20251104,1100,PCP,강수없음
영등포구,20251104,1200,TMP,13
영등포구,20251104,1200,WSD,0.8
영등포구,20251104,1200,PCP,강수없음
영등포구,20251104,1300,TMP,14
영등포구,20251104,1300,WSD,0.4
영등포구,20251104,1300,PCP,강수없음
영등포구,20251104,1400,TMP,15
영등포구,20251104,1400,WSD,0.5
영등포구,20251104,1400,PCP,강수없음
영등포구,20251104,1500,TMP,15
영등포구,20251104,1500,WSD,0.7
영등포구,20251104,1500,PCP,강수없음
영등포구,20251104,1600,TMP,14
영등포구,20251104,1600,WSD,1.3
영등포구,20251104,1600,PCP,강수없음
영등포구,20251104,1700,TMP,13
영등포구,20251104,1700,WSD,1.9
영등포구,20251104,1700,PCP,강수없음
영등포구,20251104,1800,TMP,12
영등포구,20251104,1800,WSD,2
영등포구,20251104,1800,PCP,강수없음
영등포구,20251104,1900,TMP,12
영등포구,20251104,1900,WSD,1.6
영등포구,20251104,1900,PCP,강수없음
영등포구,20251104,2000,TMP,11
영등포구,20251104,2000,WSD,1.1
영등포구,20251104,2000,PCP,강수없음
영등포구,20251104,2100,TMP,11
영등포구,20251104,2100,WSD,0.9
영등포구,20251104,2100,PCP,강수없음
영등포구,20251104,2200,TMP,10
영등포구,20251104,2200,WSD,0.9
영등포구,20251104,2200,PCP,강수없음
영등포구,20251104,2300,TMP,9
영등포구,20251104,2300,WSD,0.9
영등포구,20251104,2300,PCP,강수없음
영등포구,20251105,0000,TMP,9
영등포구,20251105,0000,WSD,1
영등포구,20251105,0000,PCP,강수없음
영등포구,20251105,0100,TMP,8
영등포구,20251105,0100,WSD,1
영등포구,20251105,0100,PCP,강수없음
영등포구,20251105,0200,TMP,8
영등포구,20251105,0200,WSD,1.1
영등포구,20251105,0200,PCP,강수없음
영등포구,20251105,0300,TMP,8
영등포구,20251105,0300,WSD,1.1
영등포구,20251105,0300,PCP,강수없음
영등포구,20251105,0400,TMP,7
영등포구,20251105,0400,WSD,1.1
영등포구,20251105,0400,PCP,강수없음
영등포구,20251105,0500,TMP,7
영등포구,20251105,0500,WSD,1
영등포구,20251105,0500,PCP,강수없음
영등포구,20251105,0600,TMP,7
영등포구,20251105,0600,WSD,1
영등포구,20251105,0600,PCP,강수없음
영등포구,20251105,0700,TMP,7
영등포구,20251105,0700,WSD,1.1
영등포구,20251105,0700,PCP,강수없음
영등포구,20251105,0800,TMP,8
영등포구,20251105,0800,WSD,1.2
영등포구,20251105,0800,PCP,강수없음
영등포구,20251105,0900,TMP,10
영등포구,20251105,0900,WSD,1.5
영등포구,20251105,0900,PCP,강수없음
영등포구,20251105,1000,TMP,12
영등포구,20251105,1000,WSD,1.6
영등포구,20251105,1000,PCP,강수없음
영등포구,20251105,1100,TMP,14
영등포구,20251105,1100,WSD,1.5
영등포구,20251105,1100,PCP,강수없음
영등포구,20251105,1200,TMP,16
영등포구,20251105,1200,WSD,1.2
영등포구,20251105,1200,PCP,강수없음
영등포구,20251105,1300,TMP,17
영등포구,20251105,1300,WSD,1.2
영등포구,20251105,1300,PCP,강수없음
영등포구,20251105,1400,TMP,18
영등포구,20251105,1400,WSD,1.7
영등포구,20251105,1400,PCP,강수없음
영등포구,20251105,1500,TMP,18
영등포구,20251105,1500,WSD,1.8
영등포구,20251105,1500,PCP,강수없음
영등포구,20251105,1600,TMP,18
영등포구,20251105,1600,WSD,1.4
영등포구,20251105,1600,PCP,강수없음
영등포구,20251105,1700,TMP,17
영등포구,20251105,1700,WSD,1
영등포구,20251105,1700,PCP,강수없음
영등포구,20251105,1800,TMP,16
영등포구,20251105,1800,WSD,1.1
영등포구,20251105,1800,PCP,강수없음
영등포구,20251105,1900,TMP,15
영등포구,20251105,1900,WSD,1
영등포구,20251105,1900,PCP,강수없음
영등포구,20251105,2000,TMP,14
영등포구,20251105,2000,WSD,1.1
영등포구,20251105,2000,PCP,강수없음
영등포구,20251105,2100,TMP,13
영등포구,20251105,2100,WSD,0.9
영등포구,20251105,2100,PCP,강수없음
영등포구,20251105,2200,TMP,13
영등포구,20251105,2200,WSD,1.2
영등포구,20251105,2200,PCP,강수없음
영등포구,20251105,2300,TMP,12
영등포구,20251105,2300,WSD,1.5
영등포구,20251105,2300,PCP,강수없음
용산구,20251103,1500,TMP,12
용산구,20251103,1500,WSD,0.7
용산구,20251103,1500,PCP,강수없음
용산구,20251103,1600,TMP,12
용산구,20251103,1600,WSD,0.2
용산구,20251103,1600,PCP,강수없음
용산구,20251103,1700,TMP,11
용산구,20251103,1700,WSD,0.1
용산구,20251103,1700,PCP,강수없음
용산구,20251103,1800,TMP,10
용산구,20251103,1800,WSD,0.2
용산구,20251103,1800,PCP,강수없음
용산구,20251103,1900,TMP,10
용산구,20251103,1900,WSD,0.2
용산구,20251103,1900,PCP,강수없음
용산구,20251103,2000,TMP,9
용산구,20251103,2000,WSD,0.5
용산구,20251103,2000,PCP,강수없음
용산구,20251103,2100,TMP,9
용산구,20251103,2100,WSD,0.1
용산구,20251103,2100,PCP,강수없음
용산구,20251103,2200,TMP,8
용산구,20251103,2200,WSD,0.2
용산구,20251103,2200,PCP,강수없음
용산구,20251103,2300,TMP,8
용산구,20251103,2300,WSD,0.4
용산구,20251103,2300,PCP,강수없음
용산구,20251104,0000,TMP,7
용산구,20251104,0000,WSD,0.2
용산구,20251104,0000,PCP,강수없음
용산구,20251104,0100,TMP,7
용산구,20251104,0100,WSD,0.4
용산구,20251104,0100,PCP,강수없음
용산구,20251104,0200,TMP,7
용산구,20251104,0200,WSD,0.8
용산구,20251104,0200,PCP,강수없음
용산구,20251104,0300,TMP,7
용산구,20251104,0300,WSD,0.7
용산구,20251104,0300,PCP,강수없음
용산구,20251104,0400,TMP,6
용산구,20251104,0400,WSD,0.7
용산구,20251104,0400,PCP,강수없음
용산구,20251104,0500,TMP,6
용산구,20251104,0500,WSD,0.9
용산구,20251104,0500,PCP,강수없음
용산구,20251104,0600,TMP,6
용산구,20251104,0600,WSD,1.1
용산구,20251104,0600,PCP,강수없음
용산구,20251104,0700,TMP,6
용산구,20251104,0700,WSD,1
용산구,20251104,0700,PCP,강수없음
용산구,20251104,0800,TMP,7
용산구,20251104,0800,WSD,1
용산구,20251104,0800,PCP,강수없음
용산구,20251104,0900,TMP,9
용산구,20251104,0900,WSD,1
용산구,20251104,0900,PCP,강수없음
용산구,20251104,1000,TMP,11
용산구,20251104,1000,WSD,0.7
용산구,20251104,1000,PCP,강수없음
용산구,20251104,1100,TMP,12
용산구,20251104,1100,WSD,0.8
용산구,20251104,1100,PCP,강수없음
용산구,20251104,1200,TMP,13
용산구,20251104,1200,WSD,0.5
용산구,20251104,1200,PCP,강수없음
용산구,20251104,1300,TMP,14
용산구,20251104,1300,WSD,0.3
용산구,20251104,1300,PCP,강수없음
용산구,20251104,1400,TMP,15
용산구,20251104,1400,WSD,0.7
용산구,20251104,1400,PCP,강수없음
용산구,20251104,1500,TMP,15
용산구,20251104,1500,WSD,0.9
용산구,20251104,1500,PCP,강수없음
용산구,20251104,1600,TMP,15
용산구,20251104,1600,WSD,1.2
용산구,20251104,1600,PCP,강수없음
용산구,20251104,1700,TMP,14
용산구,20251104,1700,WSD,1.5
용산구,20251104,1700,PCP,강수없음
용산구,20251104,1800,TMP,12
용산구,20251104,1800,WSD,1.7
용산구,20251104,1800,PCP,강수없음
용산구,20251104,1900,TMP,12
용산구,20251104,1900,WSD,1.5
용산구,20251104,1900,PCP,강수없음
용산구,20251104,2000,TMP,11
용산구,20251104,2000,WSD,1
용산구,20251104,2000,PCP,강수없음
용산구,20251104,2100,TMP,11
용산구,20251104,2100,WSD,0.8
용산구,20251104,2100,PCP,강수없음
용산구,20251104,2200,TMP,10
용산구,20251104,2200,WSD,0.7
용산구,20251104,2200,PCP,강수없음
용산구,20251104,2300,TMP,10
용산구,20251104,2300,WSD,0.6
용산구,20251104,2300,PCP,강수없음
용산구,20251105,0000,TMP,9
용산구,20251105,0000,WSD,0.7
용산구,20251105,0000,PCP,강수없음
용산구,20251105,0100,TMP,9
용산구,20251105,0100,WSD,0.9
용산구,20251105,0100,PCP,강수없음
용산구,20251105,0200,TMP,8
용산구,20251105,0200,WSD,1
용산구,20251105,0200,PCP,강수없음
용산구,20251105,0300,TMP,8
용산구,20251105,0300,WSD,1.1
용산구,20251105,0300,PCP,강수없음
용산구,20251105,0400,TMP,8
용산구,20251105,0400,WSD,0.9
용산구,20251105,0400,PCP,강수없음
용산구,20251105,0500,TMP,7
용산구,20251105,0500,WSD,0.9
용산구,20251105,0500,PCP,강수없음
용산구,20251105,0600,TMP,7
용산구,20251105,0600,WSD,0.8
용산구,20251105,0600,PCP,강수없음
용산구,20251105,0700,TMP,7
용산구,20251105,0700,WSD,0.9
용산구,20251105,0700,PCP,강수없음
용산구,20251105,0800,TMP,7
용산구,20251105,0800,WSD,1.1
용산구,20251105,0800,PCP,강수없음
용산구,20251105,0900,TMP,9
용산구,20251105,0900,WSD,1.5
용산구,20251105,0900,PCP,강수없음
용산구,20251105,1000,TMP,11
용산구,20251105,1000,WSD,1.6
용산구,20251105,1000,PCP,강수없음
용산구,20251105,1100,TMP,14
용산구,20251105,1100,WSD,1.4
용산구,20251105,1100,PCP,강수없음
용산구,20251105,1200,TMP,15
용산구,20251105,1200,WSD,1.2
용산구,20251105,1200,PCP,강수없음
용산구,20251105,1300,TMP,17
용산구,20251105,1300,WSD,1.1
용산구,20251105,1300,PCP,강수없음
용산구,20251105,1400,TMP,17
용산구,20251105,1400,WSD,1.5
용산구,20251105,1400,PCP,강수없음
용산구,20251105,1500,TMP,18
용산구,20251105,1500,WSD,1.6
용산구,20251105,1500,PCP,강수없음
용산구,20251105,1600,TMP,18
용산구,20251105,1600,WSD,1.2
용산구,20251105,1600,PCP,강수없음
용산구,20251105,1700,TMP,17
용산구,20251105,1700,WSD,1
용산구,20251105,1700,PCP,강수없음
용산구,20251105,1800,TMP,16
용산구,20251105,1800,WSD,0.9
용산구,20251105,1800,PCP,강수없음
용산구,20251105,1900,TMP,15
용산구,20251105,1900,WSD,0.7
용산구,20251105,1900,PCP,강수없음
용산구,20251105,2000,TMP,14
용산구,20251105,2000,WSD,1
용산구,20251105,2000,PCP,강수없음
용산구,20251105,2100,TMP,14
용산구,20251105,2100,WSD,1
용산구,20251105,2100,PCP,강수없음
용산구,20251105,2200,TMP,13
용산구,20251105,2200,WSD,1.2
용산구,20251105,2200,PCP,강수없음
용산구,20251105,2300,TMP,12
용산구,20251105,2300,WSD,1.5
용산구,20251105,2300,PCP,강수없음
은평구,20251103,1500,TMP,11
은평구,20251103,1500,WSD,0.2
은평구,20251103,1500,PCP,강수없음
은평구,20251103,1600,TMP,11
은평구,20251103,1600,WSD,0.3
은평구,20251103,1600,PCP,강수없음
은평구,20251103,1700,TMP,10
은평구,20251103,1700,WSD,0.2
은평구,20251103,1700,PCP,강수없음
은평구,20251103,1800,TMP,8
은평구,20251103,1800,WSD,0.1
은평구,20251103,1800,PCP,강수없음
은평구,20251103,1900,TMP,8
은평구,20251103,1900,WSD,0.6
은평구,20251103,1900,PCP,강수없음
은평구,20251103,2000,TMP,7
은평구,20251103,2000,WSD,0.6
은평구,20251103,2000,PCP,강수없음
은평구,20251103,2100,TMP,7
은평구,20251103,2100,WSD,0.3
은평구,20251103,2100,PCP,강수없음
은평구,20251103,2200,TMP,7
은평구,20251103,2200,WSD,0.4
은평구,20251103,2200,PCP,강수없음
은평구,20251103,2300,TMP,6
은평구,20251103,2300,WSD,0.7
은평구,20251103,2300,PCP,강수없음
은평구,20251104,0000,TMP,6
은평구,20251104,0000,WSD,0.4
은평구,20251104,0000,PCP,강수없음
은평구,20251104,0100,TMP,6
은평구,20251104,0100,WSD,0.5
은평구,20251104,0100,PCP,강수없음
은평구,20251104,0200,TMP,6
은평구,20251104,0200,WSD,1
은평구,20251104,0200,PCP,강수없음
은평구,20251104,0300,TMP,6
은평구,20251104,0300,WSD,1
은평구,20251104,0300,PCP,강수없음
은평구,20251104,0400,TMP,6
은평구,20251104,0400,WSD,0.9
은평구,20251104,0400,PCP,강수없음
은평구,20251104,0500,TMP,5
은평구,20251104,0500,WSD,1.1
은평구,20251104,0500,PCP,강수없음
은평구,20251104,0600,TMP,5
은평구,20251104,0600,WSD,1.1
은평구,20251104,0600,PCP,강수없음
은평구,20251104,0700,TMP,5
은평구,20251104,0700,WSD,1
은평구,20251104,0700,PCP,강수없음
은평구,20251104,0800,TMP,6
은평구,20251104,0800,WSD,1
은평구,20251104,0800,PCP,강수없음
은평구,20251104,0900,TMP,8
은평구,20251104,0900,WSD,0.9
은평구,20251104,0900,PCP,강수없음
은평구,20251104,1000,TMP,10
은평구,20251104,1000,WSD,0.7
은평구,20251104,1000,PCP,강수없음
은평구,20251104,1100,TMP,12
은평구,20251104,1100,WSD,0.9
은평구,20251104,1100,PCP,강수없음
은평구,20251104,1200,TMP,13
은평구,20251104,1200,WSD,0.6
은평구,20251104,1200,PCP,강수없음
은평구,20251104,1300,TMP,14
은평구,20251104,1300,WSD,0.4
은평구,20251104,1300,PCP,강수없음
은평구,20251104,1400,TMP,14
은평구,20251104,1400,WSD,0.3
은평구,20251104,1400,PCP,강수없음
은평구,20251104,1500,TMP,14
은평구,20251104,1500,WSD,0.6
은평구,20251104,1500,PCP,강수없음
은평구,20251104,1600,TMP,14
은평구,20251104,1600,WSD,1.1
은평구,20251104,1600,PCP,강수없음
은평구,20251104,1700,TMP,12
은평구,20251104,1700,WSD,1.7
은평구,20251104,1700,PCP,강수없음
은평구,20251104,1800,TMP,10
은평구,20251104,1800,WSD,1.8
은평구,20251104,1800,PCP,강수없음
은평구,20251104,1900,TMP,10
은평구,20251104,1900,WSD,1.4
은평구,20251104,1900,PCP,강수없음
은평구,20251104,2000,TMP,9
은평구,20251104,2000,WSD,0.9
은평구,20251104,2000,PCP,강수없음
은평구,20251104,2100,TMP,9
은평구,20251104,2100,WSD,0.7
은평구,20251104,2100,PCP,강수없음
은평구,20251104,2200,TMP,8
은평구,20251104,2200,WSD,0.7
은평구,20251104,2200,PCP,강수없음
은평구,20251104,2300,TMP,8
은평구,20251104,2300,WSD,0.7
은평구,20251104,2300,PCP,강수없음
은평구,20251105,0000,TMP,8
은평구,20251105,0000,WSD,0.9
은평구,20251105,0000,PCP,강수없음
은평구,20251105,0100,TMP,7
은평구,20251105,0100,WSD,1.1
은평구,20251105,0100,PCP,강수없음
은평구,20251105,0200,TMP,7
은평구,20251105,0200,WSD,1.2
은평구,20251105,0200,PCP,강수없음
은평구,20251105,0300,TMP,7
은평구,20251105,0300,WSD,1.3
은평구,20251105,0300,PCP,강수없음
은평구,20251105,0400,TMP,7
은평구,20251105,0400,WSD,1.2
은평구,20251105,0400,PCP,강수없음
은평구,20251105,0500,TMP,6
은평구,20251105,0500,WSD,1.1
은평구,20251105,0500,PCP,강수없음
은평구,20251105,0600,TMP,6
은평구,20251105,0600,WSD,1
은평구,20251105,0600,PCP,강수없음
은평구,20251105,0700,TMP,6
은평구,20251105,0700,WSD,1.1
은평구,20251105,0700,PCP,강수없음
은평구,20251105,0800,TMP,7
은평구,20251105,0800,WSD,1.2
은평구,20251105,0800,PCP,강수없음
은평구,20251105,0900,TMP,10
은평구,20251105,0900,WSD,1.6
은평구,20251105,0900,PCP,강수없음
은평구,20251105,1000,TMP,12
은평구,20251105,1000,WSD,1.5
은평구,20251105,1000,PCP,강수없음
은평구,20251105,1100,TMP,14
은평구,20251105,1100,WSD,1.3
은평구,20251105,1100,PCP,강수없음
은평구,20251105,1200,TMP,16
은평구,20251105,1200,WSD,1.1
은평구,20251105,1200,PCP,강수없음
은평구,20251105,1300,TMP,17
은평구,20251105,1300,WSD,1
은평구,20251105,1300,PCP,강수없음
은평구,20251105,1400,TMP,17
은평구,20251105,1400,WSD,1.4
은평구,20251105,1400,PCP,강수없음
은평구,20251105,1500,TMP,17
은평구,20251105,1500,WSD,1.7
은평구,20251105,1500,PCP,강수없음
은평구,20251105,1600,TMP,17
은평구,20251105,1600,WSD,1.4
은평구,20251105,1600,PCP,강수없음
은평구,20251105,1700,TMP,15
은평구,20251105,1700,WSD,1
은평구,20251105,1700,PCP,강수없음
은평구,20251105,1800,TMP,14
은평구,20251105,1800,WSD,1
은평구,20251105,1800,PCP,강수없음
은평구,20251105,1900,TMP,13
은평구,20251105,1900,WSD,1
은평구,20251105,1900,PCP,강수없음
은평구,20251105,2000,TMP,12
은평구,20251105,2000,WSD,1
은평구,20251105,2000,PCP,강수없음
은평구,20251105,2100,TMP,12
은평구,20251105,2100,WSD,1.2
은평구,20251105,2100,PCP,강수없음
은평구,20251105,2200,TMP,12
은평구,20251105,2200,WSD,1.4
은평구,20251105,2200,PCP,강수없음
은평구,20251105,2300,TMP,11
은평구,20251105,2300,WSD,1.6
은평구,20251105,2300,PCP,강수없음
종로구,20251103,1500,TMP,12
종로구,20251103,1500,WSD,0.4
종로구,20251103,1500,PCP,강수없음
종로구,20251103,1600,TMP,12
종로구,20251103,1600,WSD,0.4
종로구,20251103,1600,PCP,강수없음
종로구,20251103,1700,TMP,11
종로구,20251103,1700,WSD,0.3
종로구,20251103,1700,PCP,강수없음
종로구,20251103,1800,TMP,9
종로구,20251103,1800,WSD,0.1
종로구,20251103,1800,PCP,강수없음
종로구,20251103,1900,TMP,9
종로구,20251103,1900,WSD,0.4
종로구,20251103,1900,PCP,강수없음
종로구,20251103,2000,TMP,8
종로구,20251103,2000,WSD,0.6
종로구,20251103,2000,PCP,강수없음
종로구,20251103,2100,TMP,7
종로구,20251103,2100,WSD,0.2
종로구,20251103,2100,PCP,강수없음
종로구,20251103,2200,TMP,7
종로구,20251103,2200,WSD,0.4
종로구,20251103,2200,PCP,강수없음
종로구,20251103,2300,TMP,7
종로구,20251103,2300,WSD,0.6
종로구,20251103,2300,PCP,강수없음
종로구,20251104,0000,TMP,6
종로구,20251104,0000,WSD,0.4
종로구,20251104,0000,PCP,강수없음
종로구,20251104,0100,TMP,6
종로구,20251104,0100,WSD,0.6
종로구,20251104,0100,PCP,강수없음
종로구,20251104,0200,TMP,6
종로구,20251104,0200,WSD,0.9
종로구,20251104,0200,PCP,강수없음
종로구,20251104,0300,TMP,5
종로구,20251104,0300,WSD,0.9
종로구,20251104,0300,PCP,강수없음
종로구,20251104,0400,TMP,5
종로구,20251104,0400,WSD,0.9
종로구,20251104,0400,PCP,강수없음
종로구,20251104,0500,TMP,5
종로구,20251104,0500,WSD,1
종로구,20251104,0500,PCP,강수없음
종로구,20251104,0600,TMP,5
종로구,20251104,0600,WSD,1.1
종로구,20251104,0600,PCP,강수없음
종로구,20251104,0700,TMP,5
종로구,20251104,0700,WSD,1
종로구,20251104,0700,PCP,강수없음
종로구,20251104,0800,TMP,6
종로구,20251104,0800,WSD,0.9
종로구,20251104,0800,PCP,강수없음
종로구,20251104,0900,TMP,8
종로구,20251104,0900,WSD,0.9
종로구,20251104,0900,PCP,강수없음
종로구,20251104,1000,TMP,10
종로구,20251104,1000,WSD,0.7
종로구,20251104,1000,PCP,강수없음
종로구,20251104,1100,TMP,12
종로구,20251104,1100,WSD,0.7
종로구,20251104,1100,PCP,강수없음
종로구,20251104,1200,TMP,13
종로구,20251104,1200,WSD,0.5
종로구,20251104,1200,PCP,강수없음
종로구,20251104,1300,TMP,14
종로구,20251104,1300,WSD,0.1
종로구,20251104,1300,PCP,강수없음
종로구,20251104,1400,TMP,15
종로구,20251104,1400,WSD,0.6
종로구,20251104,1400,PCP,강수없음
종로구,20251104,1500,TMP,15
종로구,20251104,1500,WSD,0.8
종로구,20251104,1500,PCP,강수없음
종로구,20251104,1600,TMP,15
종로구,20251104,1600,WSD,1.1
종로구,20251104,1600,PCP,강수없음
종로구,20251104,1700,TMP,13
종로구,20251104,1700,WSD,1.5
종로구,20251104,1700,PCP,강수없음
종로구,20251104,1800,TMP,12
종로구,20251104,1800,WSD,1.6
종로구,20251104,1800,PCP,강수없음
종로구,20251104,1900,TMP,11
종로구,20251104,1900,WSD,1.4
종로구,20251104,1900,PCP,강수없음
종로구,20251104,2000,TMP,10
종로구,20251104,2000,WSD,0.9
종로구,20251104,2000,PCP,강수없음
종로구,20251104,2100,TMP,9
종로구,20251104,2100,WSD,0.8
종로구,20251104,2100,PCP,강수없음
종로구,20251104,2200,TMP,9
종로구,20251104,2200,WSD,0.7
종로구,20251104,2200,PCP,강수없음
종로구,20251104,2300,TMP,8
종로구,20251104,2300,WSD,0.7
종로구,20251104,2300,PCP,강수없음
종로구,20251105,0000,TMP,8
종로구,20251105,0000,WSD,0.9
종로구,20251105,0000,PCP,강수없음
종로구,20251105,0100,TMP,7
종로구,20251105,0100,WSD,1.1
종로구,20251105,0100,PCP,강수없음
종로구,20251105,0200,TMP,7
종로구,20251105,0200,WSD,1.1
종로구,20251105,0200,PCP,강수없음
종로구,20251105,0300,TMP,7
종로구,20251105,0300,WSD,1.2
종로구,20251105,0300,PCP,강수없음
종로구,20251105,0400,TMP,6
종로구,20251105,0400,WSD,1.1
종로구,20251105,0400,PCP,강수없음
종로구,20251105,0500,TMP,6
종로구,20251105,0500,WSD,1
종로구,20251105,0500,PCP,강수없음
종로구,20251105,0600,TMP,6
종로구,20251105,0600,WSD,0.9
종로구,20251105,0600,PCP,강수없음
종로구,20251105,0700,TMP,6
종로구,20251105,0700,WSD,1
종로구,20251105,0700,PCP,강수없음
종로구,20251105,0800,TMP,6
종로구,20251105,0800,WSD,1.1
종로구,20251105,0800,PCP,강수없음
종로구,20251105,0900,TMP,9
종로구,20251105,0900,WSD,1.5
종로구,20251105,0900,PCP,강수없음
종로구,20251105,1000,TMP,11
종로구,20251105,1000,WSD,1.5
종로구,20251105,1000,PCP,강수없음
종로구,20251105,1100,TMP,14
종로구,20251105,1100,WSD,1.3
종로구,20251105,1100,PCP,강수없음
종로구,20251105,1200,TMP,15
종로구,20251105,1200,WSD,1.1
종로구,20251105,1200,PCP,강수없음
종로구,20251105,1300,TMP,16
종로구,20251105,1300,WSD,1.1
종로구,20251105,1300,PCP,강수없음
종로구,20251105,1400,TMP,18
종로구,20251105,1400,WSD,1.4
종로구,20251105,1400,PCP,강수없음
종로구,20251105,1500,TMP,18
종로구,20251105,1500,WSD,1.6
종로구,20251105,1500,PCP,강수없음
종로구,20251105,1600,TMP,18
종로구,20251105,1600,WSD,1.3
종로구,20251105,1600,PCP,강수없음
종로구,20251105,1700,TMP,17
종로구,20251105,1700,WSD,1
종로구,20251105,1700,PCP,강수없음
종로구,20251105,1800,TMP,15
종로구,20251105,1800,WSD,1.1
종로구,20251105,1800,PCP,강수없음
종로구,20251105,1900,TMP,14
종로구,20251105,1900,WSD,0.9
종로구,20251105,1900,PCP,강수없음
종로구,20251105,2000,TMP,13
종로구,20251105,2000,WSD,0.9
종로구,20251105,2000,PCP,강수없음
종로구,20251105,2100,TMP,12
종로구,20251105,2100,WSD,1.2
종로구,20251105,2100,PCP,강수없음
종로구,20251105,2200,TMP,12
종로구,20251105,2200,WSD,1.5
종로구,20251105,2200,PCP,강수없음
종로구,20251105,2300,TMP,11
종로구,20251105,2300,WSD,1.6
종로구,20251105,2300,PCP,강수없음
중구,20251103,1500,TMP,12
중구,20251103,1500,WSD,0.7
중구,20251103,1500,PCP,강수없음
중구,20251103,1600,TMP,12
중구,20251103,1600,WSD,0.2
중구,20251103,1600,PCP,강수없음
중구,20251103,1700,TMP,11
중구,20251103,1700,WSD,0.1
중구,20251103,1700,PCP,강수없음
중구,20251103,1800,TMP,10
중구,20251103,1800,WSD,0.2
중구,20251103,1800,PCP,강수없음
중구,20251103,1900,TMP,10
중구,20251103,1900,WSD,0.2
중구,20251103,1900,PCP,강수없음
중구,20251103,2000,TMP,9
중구,20251103,2000,WSD,0.5
중구,20251103,2000,PCP,강수없음
중구,20251103,2100,TMP,9
중구,20251103,2100,WSD,0.1
중구,20251103,2100,PCP,강수없음
중구,20251103,2200,TMP,8
중구,20251103,2200,WSD,0.2
중구,20251103,2200,PCP,강수없음
중구,20251103,2300,TMP,8
중구,20251103,2300,WSD,0.4
중구,20251103,2300,PCP,강수없음
중구,20251104,0000,TMP,7
중구,20251104,0000,WSD,0.2
중구,20251104,0000,PCP,강수없음
중구,20251104,0100,TMP,7
중구,20251104,0100,WSD,0.4
중구,20251104,0100,PCP,강수없음
중구,20251104,0200,TMP,7
중구,20251104,0200,WSD,0.8
중구,20251104,0200,PCP,강수없음
중구,20251104,0300,TMP,7
중구,20251104,0300,WSD,0.7
중구,20251104,0300,PCP,강수없음
중구,20251104,0400,TMP,6
중구,20251104,0400,WSD,0.7
중구,20251104,0400,PCP,강수없음
중구,20251104,0500,TMP,6
중구,20251104,0500,WSD,0.9
중구,20251104,0500,PCP,강수없음
중구,20251104,0600,TMP,6
중구,20251104,0600,WSD,1.1
중구,20251104,0600,PCP,강수없음
중구,20251104,0700,TMP,6
중구,20251104,0700,WSD,1
중구,20251104,0700,PCP,강수없음
중구,20251104,0800,TMP,7
중구,20251104,0800,WSD,1
중구,20251104,0800,PCP,강수없음
중구,20251104,0900,TMP,9
중구,20251104,0900,WSD,1
중구,20251104,0900,PCP,강수없음
중구,20251104,1000,TMP,11
중구,20251104,1000,WSD,0.7
중구,20251104,1000,PCP,강수없음
중구,20251104,1100,TMP,12
중구,20251104,1100,WSD,0.8
중구,20251104,1100,PCP,강수없음
중구,20251104,1200,TMP,13
중구,20251104,1200,WSD,0.5
중구,20251104,1200,PCP,강수없음
중구,20251104,1300,TMP,14
중구,20251104,1300,WSD,0.3
중구,20251104,1300,PCP,강수없음
중구,20251104,1400,TMP,15
중구,20251104,1400,WSD,0.7
중구,20251104,1400,PCP,강수없음
중구,20251104,1500,TMP,15
중구,20251104,1500,WSD,0.9
중구,20251104,1500,PCP,강수없음
중구,20251104,1600,TMP,15
중구,20251104,1600,WSD,1.2
중구,20251104,1600,PCP,강수없음
중구,20251104,1700,TMP,14
중구,20251104,1700,WSD,1.5
중구,20251104,1700,PCP,강수없음
중구,20251104,1800,TMP,12
중구,20251104,1800,WSD,1.7
중구,20251104,1800,PCP,강수없음
중구,20251104,1900,TMP,12
중구,20251104,1900,WSD,1.5
중구,20251104,1900,PCP,강수없음
중구,20251104,2000,TMP,11
중구,20251104,2000,WSD,1
중구,20251104,2000,PCP,강수없음
중구,20251104,2100,TMP,11
중구,20251104,2100,WSD,0.8
중구,20251104,2100,PCP,강수없음
중구,20251104,2200,TMP,10
중구,20251104,2200,WSD,0.7
중구,20251104,2200,PCP,강수없음
중구,20251104,2300,TMP,10
중구,20251104,2300,WSD,0.6
중구,20251104,2300,PCP,강수없음
중구,20251105,0000,TMP,9
중구,20251105,0000,WSD,0.7
중구,20251105,0000,PCP,강수없음
중구,20251105,0100,TMP,9
중구,20251105,0100,WSD,0.9
중구,20251105,0100,PCP,강수없음
중구,20251105,0200,TMP,8
중구,20251105,0200,WSD,1
중구,20251105,0200,PCP,강수없음
중구,20251105,0300,TMP,8
중구,20251105,0300,WSD,1.1
중구,20251105,0300,PCP,강수없음
중구,20251105,0400,TMP,8
중구,20251105,0400,WSD,0.9
중구,20251105,0400,PCP,강수없음
중구,20251105,0500,TMP,7
중구,20251105,0500,WSD,0.9
중구,20251105,0500,PCP,강수없음
중구,20251105,0600,TMP,7
중구,20251105,0600,WSD,0.8
중구,20251105,0600,PCP,강수없음
중구,20251105,0700,TMP,7
중구,20251105,0700,WSD,0.9
중구,20251105,0700,PCP,강수없음
중구,20251105,0800,TMP,7
중구,20251105,0800,WSD,1.1
중구,20251105,0800,PCP,강수없음
중구,20251105,0900,TMP,9
중구,20251105,0900,WSD,1.5
중구,20251105,0900,PCP,강수없음
중구,20251105,1000,TMP,11
중구,20251105,1000,WSD,1.6
중구,20251105,1000,PCP,강수없음
중구,20251105,1100,TMP,14
중구,20251105,1100,WSD,1.4
중구,20251105,1100,PCP,강수없음
중구,20251105,1200,TMP,15
중구,20251105,1200,WSD,1.2
중구,20251105,1200,PCP,강수없음
중구,20251105,1300,TMP,17
중구,20251105,1300,WSD,1.1
중구,20251105,1300,PCP,강수없음
중구,20251105,1400,TMP,17
중구,20251105,1400,WSD,1.5
중구,20251105,1400,PCP,강수없음
중구,20251105,1500,TMP,18
중구,20251105,1500,WSD,1.6
중구,20251105,1500,PCP,강수없음
중구,20251105,1600,TMP,18
중구,20251105,1600,WSD,1.2
중구,20251105,1600,PCP,강수없음
중구,20251105,1700,TMP,17
중구,20251105,1700,WSD,1
중구,20251105,1700,PCP,강수없음
중구,20251105,1800,TMP,16
중구,20251105,1800,WSD,0.9
중구,20251105,1800,PCP,강수없음
중구,20251105,1900,TMP,15
중구,20251105,1900,WSD,0.7
중구,20251105,1900,PCP,강수없음
중구,20251105,2000,TMP,14
중구,20251105,2000,WSD,1
중구,20251105,2000,PCP,강수없음
중구,20251105,2100,TMP,14
중구,20251105,2100,WSD,1
중구,20251105,2100,PCP,강수없음
중구,20251105,2200,TMP,13
중구,20251105,2200,WSD,1.2
중구,20251105,2200,PCP,강수없음
중구,20251105,2300,TMP,12
중구,20251105,2300,WSD,1.5
중구,20251105,2300,PCP,강수없음
중랑구,20251103,1500,TMP,13
중랑구,20251103,1500,WSD,0.9
중랑구,20251103,1500,PCP,강수없음
중랑구,20251103,1600,TMP,13
중랑구,20251103,1600,WSD,0.7
중랑구,20251103,1600,PCP,강수없음
중랑구,20251103,1700,TMP,12
중랑구,20251103,1700,WSD,0.5
중랑구,20251103,1700,PCP,강수없음
중랑구,20251103,1800,TMP,11
중랑구,20251103,1800,WSD,0.2
중랑구,20251103,1800,PCP,강수없음
중랑구,20251103,1900,TMP,10
중랑구,20251103,1900,WSD,0.1
중랑구,20251103,1900,PCP,강수없음
중랑구,20251103,2000,TMP,10
중랑구,20251103,2000,WSD,0.6
중랑구,20251103,2000,PCP,강수없음
중랑구,20251103,2100,TMP,9
중랑구,20251103,2100,WSD,0.3
중랑구,20251103,2100,PCP,강수없음
중랑구,20251103,2200,TMP,8
중랑구,20251103,2200,WSD,0.5
중랑구,20251103,2200,PCP,강수없음
중랑구,20251103,2300,TMP,8
중랑구,20251103,2300,WSD,0.6
중랑구,20251103,2300,PCP,강수없음
중랑구,20251104,0000,TMP,7
중랑구,20251104,0000,WSD,0.4
중랑구,20251104,0000,PCP,강수없음
중랑구,20251104,0100,TMP,7
중랑구,20251104,0100,WSD,0.6
중랑구,20251104,0100,PCP,강수없음
중랑구,20251104,0200,TMP,6
중랑구,20251104,0200,WSD,0.8
중랑구,20251104,0200,PCP,강수없음
중랑구,20251104,0300,TMP,6
중랑구,20251104,0300,WSD,0.9
중랑구,20251104,0300,PCP,강수없음
중랑구,20251104,0400,TMP,6
중랑구,20251104,0400,WSD,0.9
중랑구,20251104,0400,PCP,강수없음
중랑구,20251104,0500,TMP,6
중랑구,20251104,0500,WSD,1.1
중랑구,20251104,0500,PCP,강수없음
중랑구,20251104,0600,TMP,6
중랑구,20251104,0600,WSD,1.1
중랑구,20251104,0600,PCP,강수없음
중랑구,20251104,0700,TMP,6
중랑구,20251104,0700,WSD,1
중랑구,20251104,0700,PCP,강수없음
중랑구,20251104,0800,TMP,7
중랑구,20251104,0800,WSD,0.9
중랑구,20251104,0800,PCP,강수없음
중랑구,20251104,0900,TMP,9
중랑구,20251104,0900,WSD,0.9
중랑구,20251104,0900,PCP,강수없음
중랑구,20251104,1000,TMP,11
중랑구,20251104,1000,WSD,0.7
중랑구,20251104,1000,PCP,강수없음
중랑구,20251104,1100,TMP,12
중랑구,20251104,1100,WSD,0.5
중랑구,20251104,1100,PCP,강수없음
중랑구,20251104,1200,TMP,14
중랑구,20251104,1200,WSD,0.2
중랑구,20251104,1200,PCP,강수없음
중랑구,20251104,1300,TMP,15
중랑구,20251104,1300,WSD,0.5
중랑구,20251104,1300,PCP,강수없음
중랑구,20251104,1400,TMP,15
중랑구,20251104,1400,WSD,1.1
중랑구,20251104,1400,PCP,강수없음
중랑구,20251104,1500,TMP,15
중랑구,20251104,1500,WSD,1.3
중랑구,20251104,1500,PCP,강수없음
중랑구,20251104,1600,TMP,15
중랑구,20251104,1600,WSD,1.4
중랑구,20251104,1600,PCP,강수없음
중랑구,20251104,1700,TMP,14
중랑구,20251104,1700,WSD,1.3
중랑구,20251104,1700,PCP,강수없음
중랑구,20251104,1800,TMP,13
중랑구,20251104,1800,WSD,1.3
중랑구,20251104,1800,PCP,강수없음
중랑구,20251104,1900,TMP,12
중랑구,20251104,1900,WSD,1.3
중랑구,20251104,1900,PCP,강수없음
중랑구,20251104,2000,TMP,11
중랑구,20251104,2000,WSD,1
중랑구,20251104,2000,PCP,강수없음
중랑구,20251104,2100,TMP,11
중랑구,20251104,2100,WSD,0.9
중랑구,20251104,2100,PCP,강수없음
중랑구,20251104,2200,TMP,10
중랑구,20251104,2200,WSD,0.8
중랑구,20251104,2200,PCP,강수없음
중랑구,20251104,2300,TMP,9
중랑구,20251104,2300,WSD,0.7
중랑구,20251104,2300,PCP,강수없음
중랑구,20251105,0000,TMP,9
중랑구,20251105,0000,WSD,0.9
중랑구,20251105,0000,PCP,강수없음
중랑구,20251105,0100,TMP,8
중랑구,20251105,0100,WSD,1.2
중랑구,20251105,0100,PCP,강수없음
중랑구,20251105,0200,TMP,8
중랑구,20251105,0200,WSD,1.1
중랑구,20251105,0200,PCP,강수없음
중랑구,20251105,0300,TMP,8
중랑구,20251105,0300,WSD,1.3
중랑구,20251105,0300,PCP,강수없음
중랑구,20251105,0400,TMP,7
중랑구,20251105,0400,WSD,1.2
중랑구,20251105,0400,PCP,강수없음
중랑구,20251105,0500,TMP,7
중랑구,20251105,0500,WSD,1.2
중랑구,20251105,0500,PCP,강수없음
중랑구,20251105,0600,TMP,7
중랑구,20251105,0600,WSD,1.1
중랑구,20251105,0600,PCP,강수없음
중랑구,20251105,0700,TMP,6
중랑구,20251105,0700,WSD,1.1
중랑구,20251105,0700,PCP,강수없음
중랑구,20251105,0800,TMP,7
중랑구,20251105,0800,WSD,1.3
중랑구,20251105,0800,PCP,강수없음
중랑구,20251105,0900,TMP,10
중랑구,20251105,0900,WSD,1.6
중랑구,20251105,0900,PCP,강수없음
중랑구,20251105,1000,TMP,12
중랑구,20251105,1000,WSD,1.6
중랑구,20251105,1000,PCP,강수없음
중랑구,20251105,1100,TMP,14
중랑구,20251105,1100,WSD,1.4
중랑구,20251105,1100,PCP,강수없음
중랑구,20251105,1200,TMP,16
중랑구,20251105,1200,WSD,1.2
중랑구,20251105,1200,PCP,강수없음
중랑구,20251105,1300,TMP,17
중랑구,20251105,1300,WSD,1.1
중랑구,20251105,1300,PCP,강수없음
중랑구,20251105,1400,TMP,18
중랑구,20251105,1400,WSD,1.3
중랑구,20251105,1400,PCP,강수없음
중랑구,20251105,1500,TMP,18
중랑구,20251105,1500,WSD,1.4
중랑구,20251105,1500,PCP,강수없음
중랑구,20251105,1600,TMP,18
중랑구,20251105,1600,WSD,1.1
중랑구,20251105,1600,PCP,강수없음
중랑구,20251105,1700,TMP,17
중랑구,20251105,1700,WSD,0.8
중랑구,20251105,1700,PCP,강수없음
중랑구,20251105,1800,TMP,16
중랑구,20251105,1800,WSD,0.8
중랑구,20251105,1800,PCP,강수없음
중랑구,20251105,1900,TMP,15
중랑구,20251105,1900,WSD,0.8
중랑구,20251105,1900,PCP,강수없음
중랑구,20251105,2000,TMP,15
중랑구,20251105,2000,WSD,1
중랑구,20251105,2000,PCP,강수없음
중랑구,20251105,2100,TMP,14
중랑구,20251105,2100,WSD,1.3
중랑구,20251105,2100,PCP,강수없음
중랑구,20251105,2200,TMP,13
중랑구,20251105,2200,WSD,1.6
중랑구,20251105,2200,PCP,강수없음
중랑구,20251105,2300,TMP,12
중랑구,20251105,2300,WSD,1.8
중랑구,20251105,2300,PCP,강수없음
